run_key,target,model,setting,task,arm,stage,trial,seed,metric,detail,gat_hidden_dim,graph_metric,jk_mode,lr,num_layers,proj_dim,scorer_hidden,tau_quantile,weight_decay,score,elapsed_sec,mean_density,empty_frac,feature_mode,graph_curvature,rho_quantile,tau,curvature,hyperbolic_readout,learnable_curvature,readout_clip,readout_scale,gnn_input_clip,gnn_input_scale,hyp_gnn_type,hyperbolic_gnn
glue|roberta-base|stsb_wide|A|t3|s1|confirm,glue,roberta-base,stsb_wide,stsb,A,confirm,3,1,spearman,feature_mode=center_unit;gat_hidden_dim=64;graph_curvature=9.0;graph_metric=poincare;jk_mode=cat;lr=0.0002;num_layers=2;proj_dim=512;rho_quantile=0.2;scorer_hidden=256;weight_decay=1e-05,64,poincare,cat,0.0002,2,512,256,,1e-05,83.92,227.26,0.19563,0.0,center_unit,9.0,0.2,,,,,,,,,,
glue|roberta-base|stsb_wide|A|t3|s2|confirm,glue,roberta-base,stsb_wide,stsb,A,confirm,3,2,spearman,feature_mode=center_unit;gat_hidden_dim=64;graph_curvature=9.0;graph_metric=poincare;jk_mode=cat;lr=0.0002;num_layers=2;proj_dim=512;rho_quantile=0.2;scorer_hidden=256;weight_decay=1e-05,64,poincare,cat,0.0002,2,512,256,,1e-05,83.78,225.94,0.19544,0.0,center_unit,9.0,0.2,,,,,,,,,,
glue|roberta-base|stsb_wide|A|t3|s3|confirm,glue,roberta-base,stsb_wide,stsb,A,confirm,3,3,spearman,feature_mode=center_unit;gat_hidden_dim=64;graph_curvature=9.0;graph_metric=poincare;jk_mode=cat;lr=0.0002;num_layers=2;proj_dim=512;rho_quantile=0.2;scorer_hidden=256;weight_decay=1e-05,64,poincare,cat,0.0002,2,512,256,,1e-05,83.31,227.28,0.1954,0.0,center_unit,9.0,0.2,,,,,,,,,,
glue|roberta-base|stsb_wide|A|t3|s4|confirm,glue,roberta-base,stsb_wide,stsb,A,confirm,3,4,spearman,feature_mode=center_unit;gat_hidden_dim=64;graph_curvature=9.0;graph_metric=poincare;jk_mode=cat;lr=0.0002;num_layers=2;proj_dim=512;rho_quantile=0.2;scorer_hidden=256;weight_decay=1e-05,64,poincare,cat,0.0002,2,512,256,,1e-05,84.04,222.46,0.19497,0.0,center_unit,9.0,0.2,,,,,,,,,,
glue|roberta-base|stsb_wide|A|t3|s5|confirm,glue,roberta-base,stsb_wide,stsb,A,confirm,3,5,spearman,feature_mode=center_unit;gat_hidden_dim=64;graph_curvature=9.0;graph_metric=poincare;jk_mode=cat;lr=0.0002;num_layers=2;proj_dim=512;rho_quantile=0.2;scorer_hidden=256;weight_decay=1e-05,64,poincare,cat,0.0002,2,512,256,,1e-05,84.26,225.76,0.19569,0.0,center_unit,9.0,0.2,,,,,,,,,,
glue|roberta-base|stsb_wide|A|t3|s6|confirm,glue,roberta-base,stsb_wide,stsb,A,confirm,3,6,spearman,feature_mode=center_unit;gat_hidden_dim=64;graph_curvature=9.0;graph_metric=poincare;jk_mode=cat;lr=0.0002;num_layers=2;proj_dim=512;rho_quantile=0.2;scorer_hidden=256;weight_decay=1e-05,64,poincare,cat,0.0002,2,512,256,,1e-05,83.76,221.72,0.19532,0.0,center_unit,9.0,0.2,,,,,,,,,,
glue|roberta-base|stsb_wide|A|t3|s7|confirm,glue,roberta-base,stsb_wide,stsb,A,confirm,3,7,spearman,feature_mode=center_unit;gat_hidden_dim=64;graph_curvature=9.0;graph_metric=poincare;jk_mode=cat;lr=0.0002;num_layers=2;proj_dim=512;rho_quantile=0.2;scorer_hidden=256;weight_decay=1e-05,64,poincare,cat,0.0002,2,512,256,,1e-05,83.8,225.36,0.19572,0.0,center_unit,9.0,0.2,,,,,,,,,,
glue|roberta-base|stsb_wide|A|t3|s8|confirm,glue,roberta-base,stsb_wide,stsb,A,confirm,3,8,spearman,feature_mode=center_unit;gat_hidden_dim=64;graph_curvature=9.0;graph_metric=poincare;jk_mode=cat;lr=0.0002;num_layers=2;proj_dim=512;rho_quantile=0.2;scorer_hidden=256;weight_decay=1e-05,64,poincare,cat,0.0002,2,512,256,,1e-05,84.17,223.22,0.19533,0.0,center_unit,9.0,0.2,,,,,,,,,,
glue|roberta-base|stsb_wide|A|t3|s9|confirm,glue,roberta-base,stsb_wide,stsb,A,confirm,3,9,spearman,feature_mode=center_unit;gat_hidden_dim=64;graph_curvature=9.0;graph_metric=poincare;jk_mode=cat;lr=0.0002;num_layers=2;proj_dim=512;rho_quantile=0.2;scorer_hidden=256;weight_decay=1e-05,64,poincare,cat,0.0002,2,512,256,,1e-05,84.28,225.1,0.19498,0.0,center_unit,9.0,0.2,,,,,,,,,,
glue|roberta-base|stsb_wide|A|t3|s10|confirm,glue,roberta-base,stsb_wide,stsb,A,confirm,3,10,spearman,feature_mode=center_unit;gat_hidden_dim=64;graph_curvature=9.0;graph_metric=poincare;jk_mode=cat;lr=0.0002;num_layers=2;proj_dim=512;rho_quantile=0.2;scorer_hidden=256;weight_decay=1e-05,64,poincare,cat,0.0002,2,512,256,,1e-05,83.89,222.93,0.19574,0.0,center_unit,9.0,0.2,,,,,,,,,,
glue|roberta-base|stsb_wide|A|t3|s11|confirm,glue,roberta-base,stsb_wide,stsb,A,confirm,3,11,spearman,feature_mode=center_unit;gat_hidden_dim=64;graph_curvature=9.0;graph_metric=poincare;jk_mode=cat;lr=0.0002;num_layers=2;proj_dim=512;rho_quantile=0.2;scorer_hidden=256;weight_decay=1e-05,64,poincare,cat,0.0002,2,512,256,,1e-05,83.64,223.64,0.19543,0.0,center_unit,9.0,0.2,,,,,,,,,,
glue|roberta-base|stsb_wide|A|t3|s12|confirm,glue,roberta-base,stsb_wide,stsb,A,confirm,3,12,spearman,feature_mode=center_unit;gat_hidden_dim=64;graph_curvature=9.0;graph_metric=poincare;jk_mode=cat;lr=0.0002;num_layers=2;proj_dim=512;rho_quantile=0.2;scorer_hidden=256;weight_decay=1e-05,64,poincare,cat,0.0002,2,512,256,,1e-05,83.53,220.19,0.19527,0.0,center_unit,9.0,0.2,,,,,,,,,,
glue|roberta-base|stsb_wide|A|t3|s13|confirm,glue,roberta-base,stsb_wide,stsb,A,confirm,3,13,spearman,feature_mode=center_unit;gat_hidden_dim=64;graph_curvature=9.0;graph_metric=poincare;jk_mode=cat;lr=0.0002;num_layers=2;proj_dim=512;rho_quantile=0.2;scorer_hidden=256;weight_decay=1e-05,64,poincare,cat,0.0002,2,512,256,,1e-05,83.45,224.07,0.19547,0.0,center_unit,9.0,0.2,,,,,,,,,,
glue|roberta-base|stsb_wide|A|t3|s14|confirm,glue,roberta-base,stsb_wide,stsb,A,confirm,3,14,spearman,feature_mode=center_unit;gat_hidden_dim=64;graph_curvature=9.0;graph_metric=poincare;jk_mode=cat;lr=0.0002;num_layers=2;proj_dim=512;rho_quantile=0.2;scorer_hidden=256;weight_decay=1e-05,64,poincare,cat,0.0002,2,512,256,,1e-05,83.45,225.6,0.19538,0.0,center_unit,9.0,0.2,,,,,,,,,,
glue|roberta-base|stsb_wide|A|t3|s15|confirm,glue,roberta-base,stsb_wide,stsb,A,confirm,3,15,spearman,feature_mode=center_unit;gat_hidden_dim=64;graph_curvature=9.0;graph_metric=poincare;jk_mode=cat;lr=0.0002;num_layers=2;proj_dim=512;rho_quantile=0.2;scorer_hidden=256;weight_decay=1e-05,64,poincare,cat,0.0002,2,512,256,,1e-05,83.71,227.15,0.19536,0.0,center_unit,9.0,0.2,,,,,,,,,,
glue|roberta-base|stsb_wide|baseline|t12|s1|confirm,glue,roberta-base,stsb_wide,stsb,baseline,confirm,12,1,spearman,gat_hidden_dim=64;graph_metric=cosine;jk_mode=cat;lr=0.0002;num_layers=2;proj_dim=512;scorer_hidden=256;tau_quantile=0.38;weight_decay=1e-05,64,cosine,cat,0.0002,2,512,256,0.38,1e-05,83.8,186.1,0.37636,0.0,,,,,,,,,,,,,
glue|roberta-base|stsb_wide|baseline|t12|s2|confirm,glue,roberta-base,stsb_wide,stsb,baseline,confirm,12,2,spearman,gat_hidden_dim=64;graph_metric=cosine;jk_mode=cat;lr=0.0002;num_layers=2;proj_dim=512;scorer_hidden=256;tau_quantile=0.38;weight_decay=1e-05,64,cosine,cat,0.0002,2,512,256,0.38,1e-05,83.79,185.09,0.37555,0.0,,,,,,,,,,,,,
glue|roberta-base|stsb_wide|baseline|t12|s3|confirm,glue,roberta-base,stsb_wide,stsb,baseline,confirm,12,3,spearman,gat_hidden_dim=64;graph_metric=cosine;jk_mode=cat;lr=0.0002;num_layers=2;proj_dim=512;scorer_hidden=256;tau_quantile=0.38;weight_decay=1e-05,64,cosine,cat,0.0002,2,512,256,0.38,1e-05,83.61,182.73,0.37605,0.0,,,,,,,,,,,,,
glue|roberta-base|stsb_wide|baseline|t12|s4|confirm,glue,roberta-base,stsb_wide,stsb,baseline,confirm,12,4,spearman,gat_hidden_dim=64;graph_metric=cosine;jk_mode=cat;lr=0.0002;num_layers=2;proj_dim=512;scorer_hidden=256;tau_quantile=0.38;weight_decay=1e-05,64,cosine,cat,0.0002,2,512,256,0.38,1e-05,84.01,180.48,0.37581,0.0,,,,,,,,,,,,,
glue|roberta-base|stsb_wide|baseline|t12|s5|confirm,glue,roberta-base,stsb_wide,stsb,baseline,confirm,12,5,spearman,gat_hidden_dim=64;graph_metric=cosine;jk_mode=cat;lr=0.0002;num_layers=2;proj_dim=512;scorer_hidden=256;tau_quantile=0.38;weight_decay=1e-05,64,cosine,cat,0.0002,2,512,256,0.38,1e-05,84.17,179.17,0.37584,0.0,,,,,,,,,,,,,
glue|roberta-base|stsb_wide|baseline|t12|s6|confirm,glue,roberta-base,stsb_wide,stsb,baseline,confirm,12,6,spearman,gat_hidden_dim=64;graph_metric=cosine;jk_mode=cat;lr=0.0002;num_layers=2;proj_dim=512;scorer_hidden=256;tau_quantile=0.38;weight_decay=1e-05,64,cosine,cat,0.0002,2,512,256,0.38,1e-05,84.25,179.29,0.37601,0.0,,,,,,,,,,,,,
glue|roberta-base|stsb_wide|baseline|t12|s7|confirm,glue,roberta-base,stsb_wide,stsb,baseline,confirm,12,7,spearman,gat_hidden_dim=64;graph_metric=cosine;jk_mode=cat;lr=0.0002;num_layers=2;proj_dim=512;scorer_hidden=256;tau_quantile=0.38;weight_decay=1e-05,64,cosine,cat,0.0002,2,512,256,0.38,1e-05,83.68,179.07,0.37636,0.0,,,,,,,,,,,,,
glue|roberta-base|stsb_wide|baseline|t12|s8|confirm,glue,roberta-base,stsb_wide,stsb,baseline,confirm,12,8,spearman,gat_hidden_dim=64;graph_metric=cosine;jk_mode=cat;lr=0.0002;num_layers=2;proj_dim=512;scorer_hidden=256;tau_quantile=0.38;weight_decay=1e-05,64,cosine,cat,0.0002,2,512,256,0.38,1e-05,84.05,176.58,0.37597,0.0,,,,,,,,,,,,,
glue|roberta-base|stsb_wide|baseline|t12|s9|confirm,glue,roberta-base,stsb_wide,stsb,baseline,confirm,12,9,spearman,gat_hidden_dim=64;graph_metric=cosine;jk_mode=cat;lr=0.0002;num_layers=2;proj_dim=512;scorer_hidden=256;tau_quantile=0.38;weight_decay=1e-05,64,cosine,cat,0.0002,2,512,256,0.38,1e-05,84.61,179.15,0.37559,0.0,,,,,,,,,,,,,
glue|roberta-base|stsb_wide|baseline|t12|s10|confirm,glue,roberta-base,stsb_wide,stsb,baseline,confirm,12,10,spearman,gat_hidden_dim=64;graph_metric=cosine;jk_mode=cat;lr=0.0002;num_layers=2;proj_dim=512;scorer_hidden=256;tau_quantile=0.38;weight_decay=1e-05,64,cosine,cat,0.0002,2,512,256,0.38,1e-05,83.9,179.5,0.37657,0.0,,,,,,,,,,,,,
glue|roberta-base|stsb_wide|baseline|t12|s11|confirm,glue,roberta-base,stsb_wide,stsb,baseline,confirm,12,11,spearman,gat_hidden_dim=64;graph_metric=cosine;jk_mode=cat;lr=0.0002;num_layers=2;proj_dim=512;scorer_hidden=256;tau_quantile=0.38;weight_decay=1e-05,64,cosine,cat,0.0002,2,512,256,0.38,1e-05,83.66,177.67,0.37581,0.0,,,,,,,,,,,,,
glue|roberta-base|stsb_wide|baseline|t12|s12|confirm,glue,roberta-base,stsb_wide,stsb,baseline,confirm,12,12,spearman,gat_hidden_dim=64;graph_metric=cosine;jk_mode=cat;lr=0.0002;num_layers=2;proj_dim=512;scorer_hidden=256;tau_quantile=0.38;weight_decay=1e-05,64,cosine,cat,0.0002,2,512,256,0.38,1e-05,83.73,180.87,0.3761,0.0,,,,,,,,,,,,,
glue|roberta-base|stsb_wide|baseline|t12|s13|confirm,glue,roberta-base,stsb_wide,stsb,baseline,confirm,12,13,spearman,gat_hidden_dim=64;graph_metric=cosine;jk_mode=cat;lr=0.0002;num_layers=2;proj_dim=512;scorer_hidden=256;tau_quantile=0.38;weight_decay=1e-05,64,cosine,cat,0.0002,2,512,256,0.38,1e-05,83.46,179.34,0.37597,0.0,,,,,,,,,,,,,
glue|roberta-base|stsb_wide|baseline|t12|s14|confirm,glue,roberta-base,stsb_wide,stsb,baseline,confirm,12,14,spearman,gat_hidden_dim=64;graph_metric=cosine;jk_mode=cat;lr=0.0002;num_layers=2;proj_dim=512;scorer_hidden=256;tau_quantile=0.38;weight_decay=1e-05,64,cosine,cat,0.0002,2,512,256,0.38,1e-05,83.58,174.62,0.37588,0.0,,,,,,,,,,,,,
glue|roberta-base|stsb_wide|baseline|t12|s15|confirm,glue,roberta-base,stsb_wide,stsb,baseline,confirm,12,15,spearman,gat_hidden_dim=64;graph_metric=cosine;jk_mode=cat;lr=0.0002;num_layers=2;proj_dim=512;scorer_hidden=256;tau_quantile=0.38;weight_decay=1e-05,64,cosine,cat,0.0002,2,512,256,0.38,1e-05,84.02,182.17,0.37565,0.0,,,,,,,,,,,,,
glue|roberta-base|stsb_wide|no_graph|t10|s1|confirm,glue,roberta-base,stsb_wide,stsb,no_graph,confirm,10,1,spearman,gat_hidden_dim=64;graph_metric=cosine;jk_mode=cat;lr=0.0002;num_layers=2;proj_dim=128;scorer_hidden=128;tau=0.999;weight_decay=0.0,64,cosine,cat,0.0002,2,128,128,,0.0,83.91,176.35,0.10145,0.0,,,,0.999,,,,,,,,,
glue|roberta-base|stsb_wide|no_graph|t10|s2|confirm,glue,roberta-base,stsb_wide,stsb,no_graph,confirm,10,2,spearman,gat_hidden_dim=64;graph_metric=cosine;jk_mode=cat;lr=0.0002;num_layers=2;proj_dim=128;scorer_hidden=128;tau=0.999;weight_decay=0.0,64,cosine,cat,0.0002,2,128,128,,0.0,83.62,178.95,0.10068,0.0,,,,0.999,,,,,,,,,
glue|roberta-base|stsb_wide|no_graph|t10|s3|confirm,glue,roberta-base,stsb_wide,stsb,no_graph,confirm,10,3,spearman,gat_hidden_dim=64;graph_metric=cosine;jk_mode=cat;lr=0.0002;num_layers=2;proj_dim=128;scorer_hidden=128;tau=0.999;weight_decay=0.0,64,cosine,cat,0.0002,2,128,128,,0.0,83.44,180.46,0.10019,0.0,,,,0.999,,,,,,,,,
glue|roberta-base|stsb_wide|no_graph|t10|s4|confirm,glue,roberta-base,stsb_wide,stsb,no_graph,confirm,10,4,spearman,gat_hidden_dim=64;graph_metric=cosine;jk_mode=cat;lr=0.0002;num_layers=2;proj_dim=128;scorer_hidden=128;tau=0.999;weight_decay=0.0,64,cosine,cat,0.0002,2,128,128,,0.0,83.97,178.18,0.10428,0.0,,,,0.999,,,,,,,,,
glue|roberta-base|stsb_wide|no_graph|t10|s5|confirm,glue,roberta-base,stsb_wide,stsb,no_graph,confirm,10,5,spearman,gat_hidden_dim=64;graph_metric=cosine;jk_mode=cat;lr=0.0002;num_layers=2;proj_dim=128;scorer_hidden=128;tau=0.999;weight_decay=0.0,64,cosine,cat,0.0002,2,128,128,,0.0,84.28,180.23,0.09812,0.0,,,,0.999,,,,,,,,,
glue|roberta-base|stsb_wide|no_graph|t10|s6|confirm,glue,roberta-base,stsb_wide,stsb,no_graph,confirm,10,6,spearman,gat_hidden_dim=64;graph_metric=cosine;jk_mode=cat;lr=0.0002;num_layers=2;proj_dim=128;scorer_hidden=128;tau=0.999;weight_decay=0.0,64,cosine,cat,0.0002,2,128,128,,0.0,83.91,181.51,0.09981,0.0,,,,0.999,,,,,,,,,
glue|roberta-base|stsb_wide|no_graph|t10|s7|confirm,glue,roberta-base,stsb_wide,stsb,no_graph,confirm,10,7,spearman,gat_hidden_dim=64;graph_metric=cosine;jk_mode=cat;lr=0.0002;num_layers=2;proj_dim=128;scorer_hidden=128;tau=0.999;weight_decay=0.0,64,cosine,cat,0.0002,2,128,128,,0.0,83.89,180.74,0.096,0.0,,,,0.999,,,,,,,,,
glue|roberta-base|stsb_wide|no_graph|t10|s8|confirm,glue,roberta-base,stsb_wide,stsb,no_graph,confirm,10,8,spearman,gat_hidden_dim=64;graph_metric=cosine;jk_mode=cat;lr=0.0002;num_layers=2;proj_dim=128;scorer_hidden=128;tau=0.999;weight_decay=0.0,64,cosine,cat,0.0002,2,128,128,,0.0,84.31,176.59,0.10061,0.0,,,,0.999,,,,,,,,,
glue|roberta-base|stsb_wide|no_graph|t10|s9|confirm,glue,roberta-base,stsb_wide,stsb,no_graph,confirm,10,9,spearman,gat_hidden_dim=64;graph_metric=cosine;jk_mode=cat;lr=0.0002;num_layers=2;proj_dim=128;scorer_hidden=128;tau=0.999;weight_decay=0.0,64,cosine,cat,0.0002,2,128,128,,0.0,84.46,177.98,0.10037,0.0,,,,0.999,,,,,,,,,
glue|roberta-base|stsb_wide|no_graph|t10|s10|confirm,glue,roberta-base,stsb_wide,stsb,no_graph,confirm,10,10,spearman,gat_hidden_dim=64;graph_metric=cosine;jk_mode=cat;lr=0.0002;num_layers=2;proj_dim=128;scorer_hidden=128;tau=0.999;weight_decay=0.0,64,cosine,cat,0.0002,2,128,128,,0.0,83.7,183.17,0.09609,0.0,,,,0.999,,,,,,,,,
glue|roberta-base|stsb_wide|no_graph|t10|s11|confirm,glue,roberta-base,stsb_wide,stsb,no_graph,confirm,10,11,spearman,gat_hidden_dim=64;graph_metric=cosine;jk_mode=cat;lr=0.0002;num_layers=2;proj_dim=128;scorer_hidden=128;tau=0.999;weight_decay=0.0,64,cosine,cat,0.0002,2,128,128,,0.0,83.67,180.84,0.0999,0.0,,,,0.999,,,,,,,,,
glue|roberta-base|stsb_wide|no_graph|t10|s12|confirm,glue,roberta-base,stsb_wide,stsb,no_graph,confirm,10,12,spearman,gat_hidden_dim=64;graph_metric=cosine;jk_mode=cat;lr=0.0002;num_layers=2;proj_dim=128;scorer_hidden=128;tau=0.999;weight_decay=0.0,64,cosine,cat,0.0002,2,128,128,,0.0,83.85,179.67,0.10144,0.0,,,,0.999,,,,,,,,,
glue|roberta-base|stsb_wide|no_graph|t10|s13|confirm,glue,roberta-base,stsb_wide,stsb,no_graph,confirm,10,13,spearman,gat_hidden_dim=64;graph_metric=cosine;jk_mode=cat;lr=0.0002;num_layers=2;proj_dim=128;scorer_hidden=128;tau=0.999;weight_decay=0.0,64,cosine,cat,0.0002,2,128,128,,0.0,83.55,221.11,0.00071,0.94141,,,,0.999,,,,,,,,,
glue|roberta-base|stsb_wide|no_graph|t10|s14|confirm,glue,roberta-base,stsb_wide,stsb,no_graph,confirm,10,14,spearman,gat_hidden_dim=64;graph_metric=cosine;jk_mode=cat;lr=0.0002;num_layers=2;proj_dim=128;scorer_hidden=128;tau=0.999;weight_decay=0.0,64,cosine,cat,0.0002,2,128,128,,0.0,83.44,192.34,0.00055,0.92969,,,,0.999,,,,,,,,,
glue|roberta-base|stsb_wide|no_graph|t10|s15|confirm,glue,roberta-base,stsb_wide,stsb,no_graph,confirm,10,15,spearman,gat_hidden_dim=64;graph_metric=cosine;jk_mode=cat;lr=0.0002;num_layers=2;proj_dim=128;scorer_hidden=128;tau=0.999;weight_decay=0.0,64,cosine,cat,0.0002,2,128,128,,0.0,83.59,184.83,0.00123,0.91797,,,,0.999,,,,,,,,,
glue|roberta-base|stsb_wide|paper_tau|t11|s1|confirm,glue,roberta-base,stsb_wide,stsb,paper_tau,confirm,11,1,spearman,gat_hidden_dim=128;graph_metric=cosine;jk_mode=cat;lr=0.0002;num_layers=2;proj_dim=128;scorer_hidden=128;tau=0.6;weight_decay=5e-05,128,cosine,cat,0.0002,2,128,128,,5e-05,84.82,183.84,1.09333,0.0,,,,0.6,,,,,,,,,
glue|roberta-base|stsb_wide|paper_tau|t11|s2|confirm,glue,roberta-base,stsb_wide,stsb,paper_tau,confirm,11,2,spearman,gat_hidden_dim=128;graph_metric=cosine;jk_mode=cat;lr=0.0002;num_layers=2;proj_dim=128;scorer_hidden=128;tau=0.6;weight_decay=5e-05,128,cosine,cat,0.0002,2,128,128,,5e-05,84.08,180.5,1.08927,0.0,,,,0.6,,,,,,,,,
glue|roberta-base|stsb_wide|paper_tau|t11|s3|confirm,glue,roberta-base,stsb_wide,stsb,paper_tau,confirm,11,3,spearman,gat_hidden_dim=128;graph_metric=cosine;jk_mode=cat;lr=0.0002;num_layers=2;proj_dim=128;scorer_hidden=128;tau=0.6;weight_decay=5e-05,128,cosine,cat,0.0002,2,128,128,,5e-05,83.75,177.49,1.09176,0.0,,,,0.6,,,,,,,,,
glue|roberta-base|stsb_wide|paper_tau|t11|s4|confirm,glue,roberta-base,stsb_wide,stsb,paper_tau,confirm,11,4,spearman,gat_hidden_dim=128;graph_metric=cosine;jk_mode=cat;lr=0.0002;num_layers=2;proj_dim=128;scorer_hidden=128;tau=0.6;weight_decay=5e-05,128,cosine,cat,0.0002,2,128,128,,5e-05,84.13,183.72,1.09332,0.0,,,,0.6,,,,,,,,,
glue|roberta-base|stsb_wide|paper_tau|t11|s5|confirm,glue,roberta-base,stsb_wide,stsb,paper_tau,confirm,11,5,spearman,gat_hidden_dim=128;graph_metric=cosine;jk_mode=cat;lr=0.0002;num_layers=2;proj_dim=128;scorer_hidden=128;tau=0.6;weight_decay=5e-05,128,cosine,cat,0.0002,2,128,128,,5e-05,84.1,178.66,1.09577,0.0,,,,0.6,,,,,,,,,
glue|roberta-base|stsb_wide|paper_tau|t11|s6|confirm,glue,roberta-base,stsb_wide,stsb,paper_tau,confirm,11,6,spearman,gat_hidden_dim=128;graph_metric=cosine;jk_mode=cat;lr=0.0002;num_layers=2;proj_dim=128;scorer_hidden=128;tau=0.6;weight_decay=5e-05,128,cosine,cat,0.0002,2,128,128,,5e-05,84.27,182.08,1.08962,0.0,,,,0.6,,,,,,,,,
glue|roberta-base|stsb_wide|paper_tau|t11|s7|confirm,glue,roberta-base,stsb_wide,stsb,paper_tau,confirm,11,7,spearman,gat_hidden_dim=128;graph_metric=cosine;jk_mode=cat;lr=0.0002;num_layers=2;proj_dim=128;scorer_hidden=128;tau=0.6;weight_decay=5e-05,128,cosine,cat,0.0002,2,128,128,,5e-05,83.88,178.01,1.09012,0.0,,,,0.6,,,,,,,,,
glue|roberta-base|stsb_wide|paper_tau|t11|s8|confirm,glue,roberta-base,stsb_wide,stsb,paper_tau,confirm,11,8,spearman,gat_hidden_dim=128;graph_metric=cosine;jk_mode=cat;lr=0.0002;num_layers=2;proj_dim=128;scorer_hidden=128;tau=0.6;weight_decay=5e-05,128,cosine,cat,0.0002,2,128,128,,5e-05,84.55,179.68,1.09089,0.0,,,,0.6,,,,,,,,,
glue|roberta-base|stsb_wide|paper_tau|t11|s9|confirm,glue,roberta-base,stsb_wide,stsb,paper_tau,confirm,11,9,spearman,gat_hidden_dim=128;graph_metric=cosine;jk_mode=cat;lr=0.0002;num_layers=2;proj_dim=128;scorer_hidden=128;tau=0.6;weight_decay=5e-05,128,cosine,cat,0.0002,2,128,128,,5e-05,84.27,179.39,1.08976,0.0,,,,0.6,,,,,,,,,
glue|roberta-base|stsb_wide|paper_tau|t11|s10|confirm,glue,roberta-base,stsb_wide,stsb,paper_tau,confirm,11,10,spearman,gat_hidden_dim=128;graph_metric=cosine;jk_mode=cat;lr=0.0002;num_layers=2;proj_dim=128;scorer_hidden=128;tau=0.6;weight_decay=5e-05,128,cosine,cat,0.0002,2,128,128,,5e-05,84.42,181.09,1.09331,0.0,,,,0.6,,,,,,,,,
glue|roberta-base|stsb_wide|paper_tau|t11|s11|confirm,glue,roberta-base,stsb_wide,stsb,paper_tau,confirm,11,11,spearman,gat_hidden_dim=128;graph_metric=cosine;jk_mode=cat;lr=0.0002;num_layers=2;proj_dim=128;scorer_hidden=128;tau=0.6;weight_decay=5e-05,128,cosine,cat,0.0002,2,128,128,,5e-05,84.0,183.29,1.08948,0.0,,,,0.6,,,,,,,,,
glue|roberta-base|stsb_wide|paper_tau|t11|s12|confirm,glue,roberta-base,stsb_wide,stsb,paper_tau,confirm,11,12,spearman,gat_hidden_dim=128;graph_metric=cosine;jk_mode=cat;lr=0.0002;num_layers=2;proj_dim=128;scorer_hidden=128;tau=0.6;weight_decay=5e-05,128,cosine,cat,0.0002,2,128,128,,5e-05,84.1,179.75,1.08768,0.0,,,,0.6,,,,,,,,,
glue|roberta-base|stsb_wide|paper_tau|t11|s13|confirm,glue,roberta-base,stsb_wide,stsb,paper_tau,confirm,11,13,spearman,gat_hidden_dim=128;graph_metric=cosine;jk_mode=cat;lr=0.0002;num_layers=2;proj_dim=128;scorer_hidden=128;tau=0.6;weight_decay=5e-05,128,cosine,cat,0.0002,2,128,128,,5e-05,84.6,206.48,0.99317,0.0,,,,0.6,,,,,,,,,
glue|roberta-base|stsb_wide|paper_tau|t11|s14|confirm,glue,roberta-base,stsb_wide,stsb,paper_tau,confirm,11,14,spearman,gat_hidden_dim=128;graph_metric=cosine;jk_mode=cat;lr=0.0002;num_layers=2;proj_dim=128;scorer_hidden=128;tau=0.6;weight_decay=5e-05,128,cosine,cat,0.0002,2,128,128,,5e-05,84.19,185.45,0.99381,0.0,,,,0.6,,,,,,,,,
glue|roberta-base|stsb_wide|paper_tau|t11|s15|confirm,glue,roberta-base,stsb_wide,stsb,paper_tau,confirm,11,15,spearman,gat_hidden_dim=128;graph_metric=cosine;jk_mode=cat;lr=0.0002;num_layers=2;proj_dim=128;scorer_hidden=128;tau=0.6;weight_decay=5e-05,128,cosine,cat,0.0002,2,128,128,,5e-05,83.98,186.46,0.98998,0.0,,,,0.6,,,,,,,,,
glue|roberta-base|stsb_wide|density_fix|t7|s1|confirm,glue,roberta-base,stsb_wide,stsb,density_fix,confirm,7,1,spearman,gat_hidden_dim=128;graph_metric=cosine;jk_mode=cat;lr=0.0002;num_layers=2;proj_dim=512;scorer_hidden=128;tau_quantile=0.05;weight_decay=1e-05,128,cosine,cat,0.0002,2,512,128,0.05,1e-05,83.76,190.68,0.15215,0.0,,,,,,,,,,,,,
glue|roberta-base|stsb_wide|density_fix|t7|s2|confirm,glue,roberta-base,stsb_wide,stsb,density_fix,confirm,7,2,spearman,gat_hidden_dim=128;graph_metric=cosine;jk_mode=cat;lr=0.0002;num_layers=2;proj_dim=512;scorer_hidden=128;tau_quantile=0.05;weight_decay=1e-05,128,cosine,cat,0.0002,2,512,128,0.05,1e-05,83.53,191.25,0.14841,0.0,,,,,,,,,,,,,
glue|roberta-base|stsb_wide|density_fix|t7|s3|confirm,glue,roberta-base,stsb_wide,stsb,density_fix,confirm,7,3,spearman,gat_hidden_dim=128;graph_metric=cosine;jk_mode=cat;lr=0.0002;num_layers=2;proj_dim=512;scorer_hidden=128;tau_quantile=0.05;weight_decay=1e-05,128,cosine,cat,0.0002,2,512,128,0.05,1e-05,83.28,192.59,0.14934,0.0,,,,,,,,,,,,,
glue|roberta-base|stsb_wide|density_fix|t7|s4|confirm,glue,roberta-base,stsb_wide,stsb,density_fix,confirm,7,4,spearman,gat_hidden_dim=128;graph_metric=cosine;jk_mode=cat;lr=0.0002;num_layers=2;proj_dim=512;scorer_hidden=128;tau_quantile=0.05;weight_decay=1e-05,128,cosine,cat,0.0002,2,512,128,0.05,1e-05,83.81,193.95,0.15057,0.0,,,,,,,,,,,,,
glue|roberta-base|stsb_wide|density_fix|t7|s5|confirm,glue,roberta-base,stsb_wide,stsb,density_fix,confirm,7,5,spearman,gat_hidden_dim=128;graph_metric=cosine;jk_mode=cat;lr=0.0002;num_layers=2;proj_dim=512;scorer_hidden=128;tau_quantile=0.05;weight_decay=1e-05,128,cosine,cat,0.0002,2,512,128,0.05,1e-05,83.46,189.34,0.15206,0.0,,,,,,,,,,,,,
glue|roberta-base|stsb_wide|density_fix|t7|s6|confirm,glue,roberta-base,stsb_wide,stsb,density_fix,confirm,7,6,spearman,gat_hidden_dim=128;graph_metric=cosine;jk_mode=cat;lr=0.0002;num_layers=2;proj_dim=512;scorer_hidden=128;tau_quantile=0.05;weight_decay=1e-05,128,cosine,cat,0.0002,2,512,128,0.05,1e-05,84.38,190.72,0.1465,0.0,,,,,,,,,,,,,
glue|roberta-base|stsb_wide|density_fix|t7|s7|confirm,glue,roberta-base,stsb_wide,stsb,density_fix,confirm,7,7,spearman,gat_hidden_dim=128;graph_metric=cosine;jk_mode=cat;lr=0.0002;num_layers=2;proj_dim=512;scorer_hidden=128;tau_quantile=0.05;weight_decay=1e-05,128,cosine,cat,0.0002,2,512,128,0.05,1e-05,83.96,191.89,0.15168,0.0,,,,,,,,,,,,,
glue|roberta-base|stsb_wide|density_fix|t7|s8|confirm,glue,roberta-base,stsb_wide,stsb,density_fix,confirm,7,8,spearman,gat_hidden_dim=128;graph_metric=cosine;jk_mode=cat;lr=0.0002;num_layers=2;proj_dim=512;scorer_hidden=128;tau_quantile=0.05;weight_decay=1e-05,128,cosine,cat,0.0002,2,512,128,0.05,1e-05,83.88,190.14,0.15142,0.0,,,,,,,,,,,,,
glue|roberta-base|stsb_wide|density_fix|t7|s9|confirm,glue,roberta-base,stsb_wide,stsb,density_fix,confirm,7,9,spearman,gat_hidden_dim=128;graph_metric=cosine;jk_mode=cat;lr=0.0002;num_layers=2;proj_dim=512;scorer_hidden=128;tau_quantile=0.05;weight_decay=1e-05,128,cosine,cat,0.0002,2,512,128,0.05,1e-05,83.85,194.93,0.1497,0.0,,,,,,,,,,,,,
glue|roberta-base|stsb_wide|density_fix|t7|s10|confirm,glue,roberta-base,stsb_wide,stsb,density_fix,confirm,7,10,spearman,gat_hidden_dim=128;graph_metric=cosine;jk_mode=cat;lr=0.0002;num_layers=2;proj_dim=512;scorer_hidden=128;tau_quantile=0.05;weight_decay=1e-05,128,cosine,cat,0.0002,2,512,128,0.05,1e-05,83.72,200.34,0.15035,0.0,,,,,,,,,,,,,
glue|roberta-base|stsb_wide|density_fix|t7|s11|confirm,glue,roberta-base,stsb_wide,stsb,density_fix,confirm,7,11,spearman,gat_hidden_dim=128;graph_metric=cosine;jk_mode=cat;lr=0.0002;num_layers=2;proj_dim=512;scorer_hidden=128;tau_quantile=0.05;weight_decay=1e-05,128,cosine,cat,0.0002,2,512,128,0.05,1e-05,83.92,221.45,0.05033,0.0,,,,,,,,,,,,,
glue|roberta-base|stsb_wide|density_fix|t7|s12|confirm,glue,roberta-base,stsb_wide,stsb,density_fix,confirm,7,12,spearman,gat_hidden_dim=128;graph_metric=cosine;jk_mode=cat;lr=0.0002;num_layers=2;proj_dim=512;scorer_hidden=128;tau_quantile=0.05;weight_decay=1e-05,128,cosine,cat,0.0002,2,512,128,0.05,1e-05,83.75,197.01,0.05059,0.0,,,,,,,,,,,,,
glue|roberta-base|stsb_wide|density_fix|t7|s13|confirm,glue,roberta-base,stsb_wide,stsb,density_fix,confirm,7,13,spearman,gat_hidden_dim=128;graph_metric=cosine;jk_mode=cat;lr=0.0002;num_layers=2;proj_dim=512;scorer_hidden=128;tau_quantile=0.05;weight_decay=1e-05,128,cosine,cat,0.0002,2,512,128,0.05,1e-05,83.94,198.98,0.0511,0.0,,,,,,,,,,,,,
glue|roberta-base|stsb_wide|density_fix|t7|s14|confirm,glue,roberta-base,stsb_wide,stsb,density_fix,confirm,7,14,spearman,gat_hidden_dim=128;graph_metric=cosine;jk_mode=cat;lr=0.0002;num_layers=2;proj_dim=512;scorer_hidden=128;tau_quantile=0.05;weight_decay=1e-05,128,cosine,cat,0.0002,2,512,128,0.05,1e-05,83.51,200.71,0.05066,0.0,,,,,,,,,,,,,
glue|roberta-base|stsb_wide|density_fix|t7|s15|confirm,glue,roberta-base,stsb_wide,stsb,density_fix,confirm,7,15,spearman,gat_hidden_dim=128;graph_metric=cosine;jk_mode=cat;lr=0.0002;num_layers=2;proj_dim=512;scorer_hidden=128;tau_quantile=0.05;weight_decay=1e-05,128,cosine,cat,0.0002,2,512,128,0.05,1e-05,83.26,191.91,0.05062,0.0,,,,,,,,,,,,,
glue|roberta-base|stsb_wide|AC|t7|s1|confirm,glue,roberta-base,stsb_wide,stsb,AC,confirm,7,1,spearman,curvature=0.25;feature_mode=center;gat_hidden_dim=128;gnn_input_clip=0.7;gnn_input_scale=1;graph_curvature=9.0;graph_metric=poincare;hyp_gnn_type=gat;hyperbolic_gnn=1;jk_mode=cat;lr=0.0002;num_layers=4;proj_dim=512;rho_quantile=0.2;scorer_hidden=128;weight_decay=0.0,128,poincare,cat,0.0002,4,512,128,,0.0,84.13,282.45,0.1943,0.0,center,9.0,0.2,,0.25,,,,,0.7,1.0,gat,1.0
glue|roberta-base|stsb_wide|AC|t7|s2|confirm,glue,roberta-base,stsb_wide,stsb,AC,confirm,7,2,spearman,curvature=0.25;feature_mode=center;gat_hidden_dim=128;gnn_input_clip=0.7;gnn_input_scale=1;graph_curvature=9.0;graph_metric=poincare;hyp_gnn_type=gat;hyperbolic_gnn=1;jk_mode=cat;lr=0.0002;num_layers=4;proj_dim=512;rho_quantile=0.2;scorer_hidden=128;weight_decay=0.0,128,poincare,cat,0.0002,4,512,128,,0.0,83.86,282.02,0.19485,0.0,center,9.0,0.2,,0.25,,,,,0.7,1.0,gat,1.0
glue|roberta-base|stsb_wide|AC|t7|s3|confirm,glue,roberta-base,stsb_wide,stsb,AC,confirm,7,3,spearman,curvature=0.25;feature_mode=center;gat_hidden_dim=128;gnn_input_clip=0.7;gnn_input_scale=1;graph_curvature=9.0;graph_metric=poincare;hyp_gnn_type=gat;hyperbolic_gnn=1;jk_mode=cat;lr=0.0002;num_layers=4;proj_dim=512;rho_quantile=0.2;scorer_hidden=128;weight_decay=0.0,128,poincare,cat,0.0002,4,512,128,,0.0,84.12,282.14,0.19423,0.0,center,9.0,0.2,,0.25,,,,,0.7,1.0,gat,1.0
glue|roberta-base|stsb_wide|AC|t7|s4|confirm,glue,roberta-base,stsb_wide,stsb,AC,confirm,7,4,spearman,curvature=0.25;feature_mode=center;gat_hidden_dim=128;gnn_input_clip=0.7;gnn_input_scale=1;graph_curvature=9.0;graph_metric=poincare;hyp_gnn_type=gat;hyperbolic_gnn=1;jk_mode=cat;lr=0.0002;num_layers=4;proj_dim=512;rho_quantile=0.2;scorer_hidden=128;weight_decay=0.0,128,poincare,cat,0.0002,4,512,128,,0.0,83.52,278.09,0.1944,0.0,center,9.0,0.2,,0.25,,,,,0.7,1.0,gat,1.0
glue|roberta-base|stsb_wide|AC|t7|s5|confirm,glue,roberta-base,stsb_wide,stsb,AC,confirm,7,5,spearman,curvature=0.25;feature_mode=center;gat_hidden_dim=128;gnn_input_clip=0.7;gnn_input_scale=1;graph_curvature=9.0;graph_metric=poincare;hyp_gnn_type=gat;hyperbolic_gnn=1;jk_mode=cat;lr=0.0002;num_layers=4;proj_dim=512;rho_quantile=0.2;scorer_hidden=128;weight_decay=0.0,128,poincare,cat,0.0002,4,512,128,,0.0,83.99,276.1,0.19485,0.0,center,9.0,0.2,,0.25,,,,,0.7,1.0,gat,1.0
glue|roberta-base|stsb_wide|AC|t7|s6|confirm,glue,roberta-base,stsb_wide,stsb,AC,confirm,7,6,spearman,curvature=0.25;feature_mode=center;gat_hidden_dim=128;gnn_input_clip=0.7;gnn_input_scale=1;graph_curvature=9.0;graph_metric=poincare;hyp_gnn_type=gat;hyperbolic_gnn=1;jk_mode=cat;lr=0.0002;num_layers=4;proj_dim=512;rho_quantile=0.2;scorer_hidden=128;weight_decay=0.0,128,poincare,cat,0.0002,4,512,128,,0.0,84.12,279.37,0.1946,0.0,center,9.0,0.2,,0.25,,,,,0.7,1.0,gat,1.0
glue|roberta-base|stsb_wide|AC|t7|s7|confirm,glue,roberta-base,stsb_wide,stsb,AC,confirm,7,7,spearman,curvature=0.25;feature_mode=center;gat_hidden_dim=128;gnn_input_clip=0.7;gnn_input_scale=1;graph_curvature=9.0;graph_metric=poincare;hyp_gnn_type=gat;hyperbolic_gnn=1;jk_mode=cat;lr=0.0002;num_layers=4;proj_dim=512;rho_quantile=0.2;scorer_hidden=128;weight_decay=0.0,128,poincare,cat,0.0002,4,512,128,,0.0,84.08,281.51,0.19452,0.0,center,9.0,0.2,,0.25,,,,,0.7,1.0,gat,1.0
glue|roberta-base|stsb_wide|AC|t7|s8|confirm,glue,roberta-base,stsb_wide,stsb,AC,confirm,7,8,spearman,curvature=0.25;feature_mode=center;gat_hidden_dim=128;gnn_input_clip=0.7;gnn_input_scale=1;graph_curvature=9.0;graph_metric=poincare;hyp_gnn_type=gat;hyperbolic_gnn=1;jk_mode=cat;lr=0.0002;num_layers=4;proj_dim=512;rho_quantile=0.2;scorer_hidden=128;weight_decay=0.0,128,poincare,cat,0.0002,4,512,128,,0.0,83.58,278.4,0.19463,0.0,center,9.0,0.2,,0.25,,,,,0.7,1.0,gat,1.0
glue|roberta-base|stsb_wide|AC|t7|s9|confirm,glue,roberta-base,stsb_wide,stsb,AC,confirm,7,9,spearman,curvature=0.25;feature_mode=center;gat_hidden_dim=128;gnn_input_clip=0.7;gnn_input_scale=1;graph_curvature=9.0;graph_metric=poincare;hyp_gnn_type=gat;hyperbolic_gnn=1;jk_mode=cat;lr=0.0002;num_layers=4;proj_dim=512;rho_quantile=0.2;scorer_hidden=128;weight_decay=0.0,128,poincare,cat,0.0002,4,512,128,,0.0,84.09,278.11,0.19419,0.0,center,9.0,0.2,,0.25,,,,,0.7,1.0,gat,1.0
glue|roberta-base|stsb_wide|AC|t7|s10|confirm,glue,roberta-base,stsb_wide,stsb,AC,confirm,7,10,spearman,curvature=0.25;feature_mode=center;gat_hidden_dim=128;gnn_input_clip=0.7;gnn_input_scale=1;graph_curvature=9.0;graph_metric=poincare;hyp_gnn_type=gat;hyperbolic_gnn=1;jk_mode=cat;lr=0.0002;num_layers=4;proj_dim=512;rho_quantile=0.2;scorer_hidden=128;weight_decay=0.0,128,poincare,cat,0.0002,4,512,128,,0.0,84.2,280.9,0.19409,0.0,center,9.0,0.2,,0.25,,,,,0.7,1.0,gat,1.0
glue|roberta-base|stsb_wide|AC|t7|s11|confirm,glue,roberta-base,stsb_wide,stsb,AC,confirm,7,11,spearman,curvature=0.25;feature_mode=center;gat_hidden_dim=128;gnn_input_clip=0.7;gnn_input_scale=1;graph_curvature=9.0;graph_metric=poincare;hyp_gnn_type=gat;hyperbolic_gnn=1;jk_mode=cat;lr=0.0002;num_layers=4;proj_dim=512;rho_quantile=0.2;scorer_hidden=128;weight_decay=0.0,128,poincare,cat,0.0002,4,512,128,,0.0,83.57,279.42,0.19467,0.0,center,9.0,0.2,,0.25,,,,,0.7,1.0,gat,1.0
glue|roberta-base|stsb_wide|AC|t7|s12|confirm,glue,roberta-base,stsb_wide,stsb,AC,confirm,7,12,spearman,curvature=0.25;feature_mode=center;gat_hidden_dim=128;gnn_input_clip=0.7;gnn_input_scale=1;graph_curvature=9.0;graph_metric=poincare;hyp_gnn_type=gat;hyperbolic_gnn=1;jk_mode=cat;lr=0.0002;num_layers=4;proj_dim=512;rho_quantile=0.2;scorer_hidden=128;weight_decay=0.0,128,poincare,cat,0.0002,4,512,128,,0.0,83.6,278.87,0.19467,0.0,center,9.0,0.2,,0.25,,,,,0.7,1.0,gat,1.0
glue|roberta-base|stsb_wide|AC|t7|s13|confirm,glue,roberta-base,stsb_wide,stsb,AC,confirm,7,13,spearman,curvature=0.25;feature_mode=center;gat_hidden_dim=128;gnn_input_clip=0.7;gnn_input_scale=1;graph_curvature=9.0;graph_metric=poincare;hyp_gnn_type=gat;hyperbolic_gnn=1;jk_mode=cat;lr=0.0002;num_layers=4;proj_dim=512;rho_quantile=0.2;scorer_hidden=128;weight_decay=0.0,128,poincare,cat,0.0002,4,512,128,,0.0,84.47,280.17,0.19451,0.0,center,9.0,0.2,,0.25,,,,,0.7,1.0,gat,1.0
glue|roberta-base|stsb_wide|AC|t7|s14|confirm,glue,roberta-base,stsb_wide,stsb,AC,confirm,7,14,spearman,curvature=0.25;feature_mode=center;gat_hidden_dim=128;gnn_input_clip=0.7;gnn_input_scale=1;graph_curvature=9.0;graph_metric=poincare;hyp_gnn_type=gat;hyperbolic_gnn=1;jk_mode=cat;lr=0.0002;num_layers=4;proj_dim=512;rho_quantile=0.2;scorer_hidden=128;weight_decay=0.0,128,poincare,cat,0.0002,4,512,128,,0.0,84.08,276.98,0.19453,0.0,center,9.0,0.2,,0.25,,,,,0.7,1.0,gat,1.0
glue|roberta-base|stsb_wide|AC|t7|s15|confirm,glue,roberta-base,stsb_wide,stsb,AC,confirm,7,15,spearman,curvature=0.25;feature_mode=center;gat_hidden_dim=128;gnn_input_clip=0.7;gnn_input_scale=1;graph_curvature=9.0;graph_metric=poincare;hyp_gnn_type=gat;hyperbolic_gnn=1;jk_mode=cat;lr=0.0002;num_layers=4;proj_dim=512;rho_quantile=0.2;scorer_hidden=128;weight_decay=0.0,128,poincare,cat,0.0002,4,512,128,,0.0,83.79,278.29,0.1951,0.0,center,9.0,0.2,,0.25,,,,,0.7,1.0,gat,1.0
glue|roberta-base|stsb_wide|B|t35|s1|confirm,glue,roberta-base,stsb_wide,stsb,B,confirm,35,1,spearman,curvature=1.0;gat_hidden_dim=64;graph_metric=cosine;hyperbolic_readout=1;jk_mode=cat;learnable_curvature=1;lr=0.0002;num_layers=2;proj_dim=128;readout_clip=1.0;readout_scale=0;scorer_hidden=128;tau_quantile=0.025;weight_decay=1e-05,64,cosine,cat,0.0002,2,128,128,0.025,1e-05,82.95,203.73,0.02805,0.0,,,,,1.0,1.0,1.0,1.0,0.0,,,,
glue|roberta-base|stsb_wide|B|t35|s2|confirm,glue,roberta-base,stsb_wide,stsb,B,confirm,35,2,spearman,curvature=1.0;gat_hidden_dim=64;graph_metric=cosine;hyperbolic_readout=1;jk_mode=cat;learnable_curvature=1;lr=0.0002;num_layers=2;proj_dim=128;readout_clip=1.0;readout_scale=0;scorer_hidden=128;tau_quantile=0.025;weight_decay=1e-05,64,cosine,cat,0.0002,2,128,128,0.025,1e-05,82.48,204.9,0.02715,0.0,,,,,1.0,1.0,1.0,1.0,0.0,,,,
glue|roberta-base|stsb_wide|B|t35|s3|confirm,glue,roberta-base,stsb_wide,stsb,B,confirm,35,3,spearman,curvature=1.0;gat_hidden_dim=64;graph_metric=cosine;hyperbolic_readout=1;jk_mode=cat;learnable_curvature=1;lr=0.0002;num_layers=2;proj_dim=128;readout_clip=1.0;readout_scale=0;scorer_hidden=128;tau_quantile=0.025;weight_decay=1e-05,64,cosine,cat,0.0002,2,128,128,0.025,1e-05,82.46,202.71,0.0276,0.0,,,,,1.0,1.0,1.0,1.0,0.0,,,,
glue|roberta-base|stsb_wide|B|t35|s4|confirm,glue,roberta-base,stsb_wide,stsb,B,confirm,35,4,spearman,curvature=1.0;gat_hidden_dim=64;graph_metric=cosine;hyperbolic_readout=1;jk_mode=cat;learnable_curvature=1;lr=0.0002;num_layers=2;proj_dim=128;readout_clip=1.0;readout_scale=0;scorer_hidden=128;tau_quantile=0.025;weight_decay=1e-05,64,cosine,cat,0.0002,2,128,128,0.025,1e-05,82.94,202.45,0.02773,0.00391,,,,,1.0,1.0,1.0,1.0,0.0,,,,
glue|roberta-base|stsb_wide|B|t35|s5|confirm,glue,roberta-base,stsb_wide,stsb,B,confirm,35,5,spearman,curvature=1.0;gat_hidden_dim=64;graph_metric=cosine;hyperbolic_readout=1;jk_mode=cat;learnable_curvature=1;lr=0.0002;num_layers=2;proj_dim=128;readout_clip=1.0;readout_scale=0;scorer_hidden=128;tau_quantile=0.025;weight_decay=1e-05,64,cosine,cat,0.0002,2,128,128,0.025,1e-05,83.3,203.7,0.02742,0.0,,,,,1.0,1.0,1.0,1.0,0.0,,,,
glue|roberta-base|stsb_wide|B|t35|s6|confirm,glue,roberta-base,stsb_wide,stsb,B,confirm,35,6,spearman,curvature=1.0;gat_hidden_dim=64;graph_metric=cosine;hyperbolic_readout=1;jk_mode=cat;learnable_curvature=1;lr=0.0002;num_layers=2;proj_dim=128;readout_clip=1.0;readout_scale=0;scorer_hidden=128;tau_quantile=0.025;weight_decay=1e-05,64,cosine,cat,0.0002,2,128,128,0.025,1e-05,82.98,202.61,0.02778,0.0,,,,,1.0,1.0,1.0,1.0,0.0,,,,
glue|roberta-base|stsb_wide|B|t35|s7|confirm,glue,roberta-base,stsb_wide,stsb,B,confirm,35,7,spearman,curvature=1.0;gat_hidden_dim=64;graph_metric=cosine;hyperbolic_readout=1;jk_mode=cat;learnable_curvature=1;lr=0.0002;num_layers=2;proj_dim=128;readout_clip=1.0;readout_scale=0;scorer_hidden=128;tau_quantile=0.025;weight_decay=1e-05,64,cosine,cat,0.0002,2,128,128,0.025,1e-05,82.81,203.02,0.02693,0.0,,,,,1.0,1.0,1.0,1.0,0.0,,,,
glue|roberta-base|stsb_wide|B|t35|s8|confirm,glue,roberta-base,stsb_wide,stsb,B,confirm,35,8,spearman,curvature=1.0;gat_hidden_dim=64;graph_metric=cosine;hyperbolic_readout=1;jk_mode=cat;learnable_curvature=1;lr=0.0002;num_layers=2;proj_dim=128;readout_clip=1.0;readout_scale=0;scorer_hidden=128;tau_quantile=0.025;weight_decay=1e-05,64,cosine,cat,0.0002,2,128,128,0.025,1e-05,82.79,202.72,0.02815,0.0,,,,,1.0,1.0,1.0,1.0,0.0,,,,
glue|roberta-base|stsb_wide|B|t35|s9|confirm,glue,roberta-base,stsb_wide,stsb,B,confirm,35,9,spearman,curvature=1.0;gat_hidden_dim=64;graph_metric=cosine;hyperbolic_readout=1;jk_mode=cat;learnable_curvature=1;lr=0.0002;num_layers=2;proj_dim=128;readout_clip=1.0;readout_scale=0;scorer_hidden=128;tau_quantile=0.025;weight_decay=1e-05,64,cosine,cat,0.0002,2,128,128,0.025,1e-05,83.15,201.49,0.02747,0.00391,,,,,1.0,1.0,1.0,1.0,0.0,,,,
glue|roberta-base|stsb_wide|B|t35|s10|confirm,glue,roberta-base,stsb_wide,stsb,B,confirm,35,10,spearman,curvature=1.0;gat_hidden_dim=64;graph_metric=cosine;hyperbolic_readout=1;jk_mode=cat;learnable_curvature=1;lr=0.0002;num_layers=2;proj_dim=128;readout_clip=1.0;readout_scale=0;scorer_hidden=128;tau_quantile=0.025;weight_decay=1e-05,64,cosine,cat,0.0002,2,128,128,0.025,1e-05,82.74,203.26,0.02762,0.0,,,,,1.0,1.0,1.0,1.0,0.0,,,,
glue|roberta-base|stsb_wide|B|t35|s11|confirm,glue,roberta-base,stsb_wide,stsb,B,confirm,35,11,spearman,curvature=1.0;gat_hidden_dim=64;graph_metric=cosine;hyperbolic_readout=1;jk_mode=cat;learnable_curvature=1;lr=0.0002;num_layers=2;proj_dim=128;readout_clip=1.0;readout_scale=0;scorer_hidden=128;tau_quantile=0.025;weight_decay=1e-05,64,cosine,cat,0.0002,2,128,128,0.025,1e-05,82.09,202.69,0.02721,0.00391,,,,,1.0,1.0,1.0,1.0,0.0,,,,
glue|roberta-base|stsb_wide|B|t35|s12|confirm,glue,roberta-base,stsb_wide,stsb,B,confirm,35,12,spearman,curvature=1.0;gat_hidden_dim=64;graph_metric=cosine;hyperbolic_readout=1;jk_mode=cat;learnable_curvature=1;lr=0.0002;num_layers=2;proj_dim=128;readout_clip=1.0;readout_scale=0;scorer_hidden=128;tau_quantile=0.025;weight_decay=1e-05,64,cosine,cat,0.0002,2,128,128,0.025,1e-05,82.07,200.7,0.02793,0.0,,,,,1.0,1.0,1.0,1.0,0.0,,,,
glue|roberta-base|stsb_wide|B|t35|s13|confirm,glue,roberta-base,stsb_wide,stsb,B,confirm,35,13,spearman,curvature=1.0;gat_hidden_dim=64;graph_metric=cosine;hyperbolic_readout=1;jk_mode=cat;learnable_curvature=1;lr=0.0002;num_layers=2;proj_dim=128;readout_clip=1.0;readout_scale=0;scorer_hidden=128;tau_quantile=0.025;weight_decay=1e-05,64,cosine,cat,0.0002,2,128,128,0.025,1e-05,82.18,195.28,0.02775,0.0,,,,,1.0,1.0,1.0,1.0,0.0,,,,
glue|roberta-base|stsb_wide|B|t35|s14|confirm,glue,roberta-base,stsb_wide,stsb,B,confirm,35,14,spearman,curvature=1.0;gat_hidden_dim=64;graph_metric=cosine;hyperbolic_readout=1;jk_mode=cat;learnable_curvature=1;lr=0.0002;num_layers=2;proj_dim=128;readout_clip=1.0;readout_scale=0;scorer_hidden=128;tau_quantile=0.025;weight_decay=1e-05,64,cosine,cat,0.0002,2,128,128,0.025,1e-05,82.38,194.25,0.02764,0.0,,,,,1.0,1.0,1.0,1.0,0.0,,,,
glue|roberta-base|stsb_wide|B|t35|s15|confirm,glue,roberta-base,stsb_wide,stsb,B,confirm,35,15,spearman,curvature=1.0;gat_hidden_dim=64;graph_metric=cosine;hyperbolic_readout=1;jk_mode=cat;learnable_curvature=1;lr=0.0002;num_layers=2;proj_dim=128;readout_clip=1.0;readout_scale=0;scorer_hidden=128;tau_quantile=0.025;weight_decay=1e-05,64,cosine,cat,0.0002,2,128,128,0.025,1e-05,82.04,197.33,0.02772,0.0,,,,,1.0,1.0,1.0,1.0,0.0,,,,
glue|roberta-base|stsb_wide|BC|t4|s1|confirm,glue,roberta-base,stsb_wide,stsb,BC,confirm,4,1,spearman,curvature=0.25;gat_hidden_dim=64;gnn_input_clip=0.0;gnn_input_scale=0;graph_metric=cosine;hyp_gnn_type=gat;hyperbolic_gnn=1;hyperbolic_readout=1;jk_mode=cat;learnable_curvature=0;lr=0.0002;num_layers=4;proj_dim=128;readout_clip=0.0;readout_scale=0;scorer_hidden=128;tau_quantile=0.38;weight_decay=1e-05,64,cosine,cat,0.0002,4,128,128,0.38,1e-05,83.73,244.36,0.37634,0.0,,,,,0.25,1.0,0.0,0.0,0.0,0.0,0.0,gat,1.0
glue|roberta-base|stsb_wide|BC|t4|s2|confirm,glue,roberta-base,stsb_wide,stsb,BC,confirm,4,2,spearman,curvature=0.25;gat_hidden_dim=64;gnn_input_clip=0.0;gnn_input_scale=0;graph_metric=cosine;hyp_gnn_type=gat;hyperbolic_gnn=1;hyperbolic_readout=1;jk_mode=cat;learnable_curvature=0;lr=0.0002;num_layers=4;proj_dim=128;readout_clip=0.0;readout_scale=0;scorer_hidden=128;tau_quantile=0.38;weight_decay=1e-05,64,cosine,cat,0.0002,4,128,128,0.38,1e-05,83.43,242.99,0.37579,0.0,,,,,0.25,1.0,0.0,0.0,0.0,0.0,0.0,gat,1.0
glue|roberta-base|stsb_wide|BC|t4|s3|confirm,glue,roberta-base,stsb_wide,stsb,BC,confirm,4,3,spearman,curvature=0.25;gat_hidden_dim=64;gnn_input_clip=0.0;gnn_input_scale=0;graph_metric=cosine;hyp_gnn_type=gat;hyperbolic_gnn=1;hyperbolic_readout=1;jk_mode=cat;learnable_curvature=0;lr=0.0002;num_layers=4;proj_dim=128;readout_clip=0.0;readout_scale=0;scorer_hidden=128;tau_quantile=0.38;weight_decay=1e-05,64,cosine,cat,0.0002,4,128,128,0.38,1e-05,84.11,248.19,0.37601,0.0,,,,,0.25,1.0,0.0,0.0,0.0,0.0,0.0,gat,1.0
glue|roberta-base|stsb_wide|BC|t4|s4|confirm,glue,roberta-base,stsb_wide,stsb,BC,confirm,4,4,spearman,curvature=0.25;gat_hidden_dim=64;gnn_input_clip=0.0;gnn_input_scale=0;graph_metric=cosine;hyp_gnn_type=gat;hyperbolic_gnn=1;hyperbolic_readout=1;jk_mode=cat;learnable_curvature=0;lr=0.0002;num_layers=4;proj_dim=128;readout_clip=0.0;readout_scale=0;scorer_hidden=128;tau_quantile=0.38;weight_decay=1e-05,64,cosine,cat,0.0002,4,128,128,0.38,1e-05,83.17,246.54,0.37572,0.0,,,,,0.25,1.0,0.0,0.0,0.0,0.0,0.0,gat,1.0
glue|roberta-base|stsb_wide|BC|t4|s5|confirm,glue,roberta-base,stsb_wide,stsb,BC,confirm,4,5,spearman,curvature=0.25;gat_hidden_dim=64;gnn_input_clip=0.0;gnn_input_scale=0;graph_metric=cosine;hyp_gnn_type=gat;hyperbolic_gnn=1;hyperbolic_readout=1;jk_mode=cat;learnable_curvature=0;lr=0.0002;num_layers=4;proj_dim=128;readout_clip=0.0;readout_scale=0;scorer_hidden=128;tau_quantile=0.38;weight_decay=1e-05,64,cosine,cat,0.0002,4,128,128,0.38,1e-05,84.11,247.81,0.37562,0.0,,,,,0.25,1.0,0.0,0.0,0.0,0.0,0.0,gat,1.0
glue|roberta-base|stsb_wide|BC|t4|s6|confirm,glue,roberta-base,stsb_wide,stsb,BC,confirm,4,6,spearman,curvature=0.25;gat_hidden_dim=64;gnn_input_clip=0.0;gnn_input_scale=0;graph_metric=cosine;hyp_gnn_type=gat;hyperbolic_gnn=1;hyperbolic_readout=1;jk_mode=cat;learnable_curvature=0;lr=0.0002;num_layers=4;proj_dim=128;readout_clip=0.0;readout_scale=0;scorer_hidden=128;tau_quantile=0.38;weight_decay=1e-05,64,cosine,cat,0.0002,4,128,128,0.38,1e-05,83.42,251.43,0.37527,0.0,,,,,0.25,1.0,0.0,0.0,0.0,0.0,0.0,gat,1.0
glue|roberta-base|stsb_wide|BC|t4|s7|confirm,glue,roberta-base,stsb_wide,stsb,BC,confirm,4,7,spearman,curvature=0.25;gat_hidden_dim=64;gnn_input_clip=0.0;gnn_input_scale=0;graph_metric=cosine;hyp_gnn_type=gat;hyperbolic_gnn=1;hyperbolic_readout=1;jk_mode=cat;learnable_curvature=0;lr=0.0002;num_layers=4;proj_dim=128;readout_clip=0.0;readout_scale=0;scorer_hidden=128;tau_quantile=0.38;weight_decay=1e-05,64,cosine,cat,0.0002,4,128,128,0.38,1e-05,84.2,243.69,0.37608,0.0,,,,,0.25,1.0,0.0,0.0,0.0,0.0,0.0,gat,1.0
glue|roberta-base|stsb_wide|BC|t4|s8|confirm,glue,roberta-base,stsb_wide,stsb,BC,confirm,4,8,spearman,curvature=0.25;gat_hidden_dim=64;gnn_input_clip=0.0;gnn_input_scale=0;graph_metric=cosine;hyp_gnn_type=gat;hyperbolic_gnn=1;hyperbolic_readout=1;jk_mode=cat;learnable_curvature=0;lr=0.0002;num_layers=4;proj_dim=128;readout_clip=0.0;readout_scale=0;scorer_hidden=128;tau_quantile=0.38;weight_decay=1e-05,64,cosine,cat,0.0002,4,128,128,0.38,1e-05,83.5,241.06,0.37567,0.0,,,,,0.25,1.0,0.0,0.0,0.0,0.0,0.0,gat,1.0
glue|roberta-base|stsb_wide|BC|t4|s9|confirm,glue,roberta-base,stsb_wide,stsb,BC,confirm,4,9,spearman,curvature=0.25;gat_hidden_dim=64;gnn_input_clip=0.0;gnn_input_scale=0;graph_metric=cosine;hyp_gnn_type=gat;hyperbolic_gnn=1;hyperbolic_readout=1;jk_mode=cat;learnable_curvature=0;lr=0.0002;num_layers=4;proj_dim=128;readout_clip=0.0;readout_scale=0;scorer_hidden=128;tau_quantile=0.38;weight_decay=1e-05,64,cosine,cat,0.0002,4,128,128,0.38,1e-05,83.42,245.92,0.37592,0.0,,,,,0.25,1.0,0.0,0.0,0.0,0.0,0.0,gat,1.0
glue|roberta-base|stsb_wide|BC|t4|s10|confirm,glue,roberta-base,stsb_wide,stsb,BC,confirm,4,10,spearman,curvature=0.25;gat_hidden_dim=64;gnn_input_clip=0.0;gnn_input_scale=0;graph_metric=cosine;hyp_gnn_type=gat;hyperbolic_gnn=1;hyperbolic_readout=1;jk_mode=cat;learnable_curvature=0;lr=0.0002;num_layers=4;proj_dim=128;readout_clip=0.0;readout_scale=0;scorer_hidden=128;tau_quantile=0.38;weight_decay=1e-05,64,cosine,cat,0.0002,4,128,128,0.38,1e-05,83.46,243.95,0.37603,0.0,,,,,0.25,1.0,0.0,0.0,0.0,0.0,0.0,gat,1.0
glue|roberta-base|stsb_wide|BC|t4|s11|confirm,glue,roberta-base,stsb_wide,stsb,BC,confirm,4,11,spearman,curvature=0.25;gat_hidden_dim=64;gnn_input_clip=0.0;gnn_input_scale=0;graph_metric=cosine;hyp_gnn_type=gat;hyperbolic_gnn=1;hyperbolic_readout=1;jk_mode=cat;learnable_curvature=0;lr=0.0002;num_layers=4;proj_dim=128;readout_clip=0.0;readout_scale=0;scorer_hidden=128;tau_quantile=0.38;weight_decay=1e-05,64,cosine,cat,0.0002,4,128,128,0.38,1e-05,83.25,241.26,0.37569,0.0,,,,,0.25,1.0,0.0,0.0,0.0,0.0,0.0,gat,1.0
glue|roberta-base|stsb_wide|BC|t4|s12|confirm,glue,roberta-base,stsb_wide,stsb,BC,confirm,4,12,spearman,curvature=0.25;gat_hidden_dim=64;gnn_input_clip=0.0;gnn_input_scale=0;graph_metric=cosine;hyp_gnn_type=gat;hyperbolic_gnn=1;hyperbolic_readout=1;jk_mode=cat;learnable_curvature=0;lr=0.0002;num_layers=4;proj_dim=128;readout_clip=0.0;readout_scale=0;scorer_hidden=128;tau_quantile=0.38;weight_decay=1e-05,64,cosine,cat,0.0002,4,128,128,0.38,1e-05,82.84,242.2,0.37649,0.0,,,,,0.25,1.0,0.0,0.0,0.0,0.0,0.0,gat,1.0
glue|roberta-base|stsb_wide|BC|t4|s13|confirm,glue,roberta-base,stsb_wide,stsb,BC,confirm,4,13,spearman,curvature=0.25;gat_hidden_dim=64;gnn_input_clip=0.0;gnn_input_scale=0;graph_metric=cosine;hyp_gnn_type=gat;hyperbolic_gnn=1;hyperbolic_readout=1;jk_mode=cat;learnable_curvature=0;lr=0.0002;num_layers=4;proj_dim=128;readout_clip=0.0;readout_scale=0;scorer_hidden=128;tau_quantile=0.38;weight_decay=1e-05,64,cosine,cat,0.0002,4,128,128,0.38,1e-05,84.09,239.42,0.37659,0.0,,,,,0.25,1.0,0.0,0.0,0.0,0.0,0.0,gat,1.0
glue|roberta-base|stsb_wide|BC|t4|s14|confirm,glue,roberta-base,stsb_wide,stsb,BC,confirm,4,14,spearman,curvature=0.25;gat_hidden_dim=64;gnn_input_clip=0.0;gnn_input_scale=0;graph_metric=cosine;hyp_gnn_type=gat;hyperbolic_gnn=1;hyperbolic_readout=1;jk_mode=cat;learnable_curvature=0;lr=0.0002;num_layers=4;proj_dim=128;readout_clip=0.0;readout_scale=0;scorer_hidden=128;tau_quantile=0.38;weight_decay=1e-05,64,cosine,cat,0.0002,4,128,128,0.38,1e-05,83.75,241.94,0.37592,0.0,,,,,0.25,1.0,0.0,0.0,0.0,0.0,0.0,gat,1.0
glue|roberta-base|stsb_wide|BC|t4|s15|confirm,glue,roberta-base,stsb_wide,stsb,BC,confirm,4,15,spearman,curvature=0.25;gat_hidden_dim=64;gnn_input_clip=0.0;gnn_input_scale=0;graph_metric=cosine;hyp_gnn_type=gat;hyperbolic_gnn=1;hyperbolic_readout=1;jk_mode=cat;learnable_curvature=0;lr=0.0002;num_layers=4;proj_dim=128;readout_clip=0.0;readout_scale=0;scorer_hidden=128;tau_quantile=0.38;weight_decay=1e-05,64,cosine,cat,0.0002,4,128,128,0.38,1e-05,83.97,240.92,0.37599,0.0,,,,,0.25,1.0,0.0,0.0,0.0,0.0,0.0,gat,1.0
glue|roberta-base|stsb_wide|C|t37|s1|confirm,glue,roberta-base,stsb_wide,stsb,C,confirm,37,1,spearman,curvature=0.25;gat_hidden_dim=256;gnn_input_clip=1.0;gnn_input_scale=1;graph_metric=cosine;hyp_gnn_type=gat;hyperbolic_gnn=1;jk_mode=cat;lr=0.0002;num_layers=4;proj_dim=512;scorer_hidden=128;tau_quantile=0.38;weight_decay=0.0,256,cosine,cat,0.0002,4,512,128,0.38,0.0,83.49,240.77,0.37574,0.0,,,,,0.25,,,,,1.0,1.0,gat,1.0
glue|roberta-base|stsb_wide|C|t37|s2|confirm,glue,roberta-base,stsb_wide,stsb,C,confirm,37,2,spearman,curvature=0.25;gat_hidden_dim=256;gnn_input_clip=1.0;gnn_input_scale=1;graph_metric=cosine;hyp_gnn_type=gat;hyperbolic_gnn=1;jk_mode=cat;lr=0.0002;num_layers=4;proj_dim=512;scorer_hidden=128;tau_quantile=0.38;weight_decay=0.0,256,cosine,cat,0.0002,4,512,128,0.38,0.0,84.28,241.18,0.37639,0.0,,,,,0.25,,,,,1.0,1.0,gat,1.0
glue|roberta-base|stsb_wide|C|t37|s3|confirm,glue,roberta-base,stsb_wide,stsb,C,confirm,37,3,spearman,curvature=0.25;gat_hidden_dim=256;gnn_input_clip=1.0;gnn_input_scale=1;graph_metric=cosine;hyp_gnn_type=gat;hyperbolic_gnn=1;jk_mode=cat;lr=0.0002;num_layers=4;proj_dim=512;scorer_hidden=128;tau_quantile=0.38;weight_decay=0.0,256,cosine,cat,0.0002,4,512,128,0.38,0.0,84.08,238.18,0.37522,0.0,,,,,0.25,,,,,1.0,1.0,gat,1.0
glue|roberta-base|stsb_wide|C|t37|s4|confirm,glue,roberta-base,stsb_wide,stsb,C,confirm,37,4,spearman,curvature=0.25;gat_hidden_dim=256;gnn_input_clip=1.0;gnn_input_scale=1;graph_metric=cosine;hyp_gnn_type=gat;hyperbolic_gnn=1;jk_mode=cat;lr=0.0002;num_layers=4;proj_dim=512;scorer_hidden=128;tau_quantile=0.38;weight_decay=0.0,256,cosine,cat,0.0002,4,512,128,0.38,0.0,83.91,243.39,0.37563,0.0,,,,,0.25,,,,,1.0,1.0,gat,1.0
glue|roberta-base|stsb_wide|C|t37|s5|confirm,glue,roberta-base,stsb_wide,stsb,C,confirm,37,5,spearman,curvature=0.25;gat_hidden_dim=256;gnn_input_clip=1.0;gnn_input_scale=1;graph_metric=cosine;hyp_gnn_type=gat;hyperbolic_gnn=1;jk_mode=cat;lr=0.0002;num_layers=4;proj_dim=512;scorer_hidden=128;tau_quantile=0.38;weight_decay=0.0,256,cosine,cat,0.0002,4,512,128,0.38,0.0,83.8,238.74,0.37607,0.0,,,,,0.25,,,,,1.0,1.0,gat,1.0
glue|roberta-base|stsb_wide|C|t37|s6|confirm,glue,roberta-base,stsb_wide,stsb,C,confirm,37,6,spearman,curvature=0.25;gat_hidden_dim=256;gnn_input_clip=1.0;gnn_input_scale=1;graph_metric=cosine;hyp_gnn_type=gat;hyperbolic_gnn=1;jk_mode=cat;lr=0.0002;num_layers=4;proj_dim=512;scorer_hidden=128;tau_quantile=0.38;weight_decay=0.0,256,cosine,cat,0.0002,4,512,128,0.38,0.0,84.05,237.28,0.37611,0.0,,,,,0.25,,,,,1.0,1.0,gat,1.0
glue|roberta-base|stsb_wide|C|t37|s7|confirm,glue,roberta-base,stsb_wide,stsb,C,confirm,37,7,spearman,curvature=0.25;gat_hidden_dim=256;gnn_input_clip=1.0;gnn_input_scale=1;graph_metric=cosine;hyp_gnn_type=gat;hyperbolic_gnn=1;jk_mode=cat;lr=0.0002;num_layers=4;proj_dim=512;scorer_hidden=128;tau_quantile=0.38;weight_decay=0.0,256,cosine,cat,0.0002,4,512,128,0.38,0.0,84.13,238.82,0.37642,0.0,,,,,0.25,,,,,1.0,1.0,gat,1.0
glue|roberta-base|stsb_wide|C|t37|s8|confirm,glue,roberta-base,stsb_wide,stsb,C,confirm,37,8,spearman,curvature=0.25;gat_hidden_dim=256;gnn_input_clip=1.0;gnn_input_scale=1;graph_metric=cosine;hyp_gnn_type=gat;hyperbolic_gnn=1;jk_mode=cat;lr=0.0002;num_layers=4;proj_dim=512;scorer_hidden=128;tau_quantile=0.38;weight_decay=0.0,256,cosine,cat,0.0002,4,512,128,0.38,0.0,84.19,236.38,0.37611,0.0,,,,,0.25,,,,,1.0,1.0,gat,1.0
glue|roberta-base|stsb_wide|C|t37|s9|confirm,glue,roberta-base,stsb_wide,stsb,C,confirm,37,9,spearman,curvature=0.25;gat_hidden_dim=256;gnn_input_clip=1.0;gnn_input_scale=1;graph_metric=cosine;hyp_gnn_type=gat;hyperbolic_gnn=1;jk_mode=cat;lr=0.0002;num_layers=4;proj_dim=512;scorer_hidden=128;tau_quantile=0.38;weight_decay=0.0,256,cosine,cat,0.0002,4,512,128,0.38,0.0,84.85,239.87,0.37633,0.0,,,,,0.25,,,,,1.0,1.0,gat,1.0
glue|roberta-base|stsb_wide|C|t37|s10|confirm,glue,roberta-base,stsb_wide,stsb,C,confirm,37,10,spearman,curvature=0.25;gat_hidden_dim=256;gnn_input_clip=1.0;gnn_input_scale=1;graph_metric=cosine;hyp_gnn_type=gat;hyperbolic_gnn=1;jk_mode=cat;lr=0.0002;num_layers=4;proj_dim=512;scorer_hidden=128;tau_quantile=0.38;weight_decay=0.0,256,cosine,cat,0.0002,4,512,128,0.38,0.0,84.9,237.87,0.3757,0.0,,,,,0.25,,,,,1.0,1.0,gat,1.0
glue|roberta-base|stsb_wide|C|t37|s11|confirm,glue,roberta-base,stsb_wide,stsb,C,confirm,37,11,spearman,curvature=0.25;gat_hidden_dim=256;gnn_input_clip=1.0;gnn_input_scale=1;graph_metric=cosine;hyp_gnn_type=gat;hyperbolic_gnn=1;jk_mode=cat;lr=0.0002;num_layers=4;proj_dim=512;scorer_hidden=128;tau_quantile=0.38;weight_decay=0.0,256,cosine,cat,0.0002,4,512,128,0.38,0.0,84.47,235.74,0.37643,0.0,,,,,0.25,,,,,1.0,1.0,gat,1.0
glue|roberta-base|stsb_wide|C|t37|s12|confirm,glue,roberta-base,stsb_wide,stsb,C,confirm,37,12,spearman,curvature=0.25;gat_hidden_dim=256;gnn_input_clip=1.0;gnn_input_scale=1;graph_metric=cosine;hyp_gnn_type=gat;hyperbolic_gnn=1;jk_mode=cat;lr=0.0002;num_layers=4;proj_dim=512;scorer_hidden=128;tau_quantile=0.38;weight_decay=0.0,256,cosine,cat,0.0002,4,512,128,0.38,0.0,83.78,236.07,0.37596,0.0,,,,,0.25,,,,,1.0,1.0,gat,1.0
glue|roberta-base|stsb_wide|C|t37|s13|confirm,glue,roberta-base,stsb_wide,stsb,C,confirm,37,13,spearman,curvature=0.25;gat_hidden_dim=256;gnn_input_clip=1.0;gnn_input_scale=1;graph_metric=cosine;hyp_gnn_type=gat;hyperbolic_gnn=1;jk_mode=cat;lr=0.0002;num_layers=4;proj_dim=512;scorer_hidden=128;tau_quantile=0.38;weight_decay=0.0,256,cosine,cat,0.0002,4,512,128,0.38,0.0,84.17,240.29,0.37587,0.0,,,,,0.25,,,,,1.0,1.0,gat,1.0
glue|roberta-base|stsb_wide|C|t37|s14|confirm,glue,roberta-base,stsb_wide,stsb,C,confirm,37,14,spearman,curvature=0.25;gat_hidden_dim=256;gnn_input_clip=1.0;gnn_input_scale=1;graph_metric=cosine;hyp_gnn_type=gat;hyperbolic_gnn=1;jk_mode=cat;lr=0.0002;num_layers=4;proj_dim=512;scorer_hidden=128;tau_quantile=0.38;weight_decay=0.0,256,cosine,cat,0.0002,4,512,128,0.38,0.0,84.64,237.35,0.37572,0.0,,,,,0.25,,,,,1.0,1.0,gat,1.0
glue|roberta-base|stsb_wide|C|t37|s15|confirm,glue,roberta-base,stsb_wide,stsb,C,confirm,37,15,spearman,curvature=0.25;gat_hidden_dim=256;gnn_input_clip=1.0;gnn_input_scale=1;graph_metric=cosine;hyp_gnn_type=gat;hyperbolic_gnn=1;jk_mode=cat;lr=0.0002;num_layers=4;proj_dim=512;scorer_hidden=128;tau_quantile=0.38;weight_decay=0.0,256,cosine,cat,0.0002,4,512,128,0.38,0.0,83.89,237.22,0.37554,0.0,,,,,0.25,,,,,1.0,1.0,gat,1.0
glue|roberta-base|stsb_wide|AB|t29|s1|confirm,glue,roberta-base,stsb_wide,stsb,AB,confirm,29,1,spearman,curvature=1.0;feature_mode=cls_root_unit;gat_hidden_dim=128;graph_curvature=2.25;graph_metric=poincare;hyperbolic_readout=1;jk_mode=cat;learnable_curvature=1;lr=0.0002;num_layers=2;proj_dim=128;readout_clip=1.0;readout_scale=0;rho_quantile=0.38;scorer_hidden=256;weight_decay=0.0,128,poincare,cat,0.0002,2,128,256,,0.0,83.56,244.19,0.37329,0.0,cls_root_unit,2.25,0.38,,1.0,1.0,1.0,1.0,0.0,,,,
glue|roberta-base|stsb_wide|AB|t29|s2|confirm,glue,roberta-base,stsb_wide,stsb,AB,confirm,29,2,spearman,curvature=1.0;feature_mode=cls_root_unit;gat_hidden_dim=128;graph_curvature=2.25;graph_metric=poincare;hyperbolic_readout=1;jk_mode=cat;learnable_curvature=1;lr=0.0002;num_layers=2;proj_dim=128;readout_clip=1.0;readout_scale=0;rho_quantile=0.38;scorer_hidden=256;weight_decay=0.0,128,poincare,cat,0.0002,2,128,256,,0.0,82.95,241.55,0.37415,0.0,cls_root_unit,2.25,0.38,,1.0,1.0,1.0,1.0,0.0,,,,
glue|roberta-base|stsb_wide|AB|t29|s3|confirm,glue,roberta-base,stsb_wide,stsb,AB,confirm,29,3,spearman,curvature=1.0;feature_mode=cls_root_unit;gat_hidden_dim=128;graph_curvature=2.25;graph_metric=poincare;hyperbolic_readout=1;jk_mode=cat;learnable_curvature=1;lr=0.0002;num_layers=2;proj_dim=128;readout_clip=1.0;readout_scale=0;rho_quantile=0.38;scorer_hidden=256;weight_decay=0.0,128,poincare,cat,0.0002,2,128,256,,0.0,82.91,244.15,0.37363,0.0,cls_root_unit,2.25,0.38,,1.0,1.0,1.0,1.0,0.0,,,,
glue|roberta-base|stsb_wide|AB|t29|s4|confirm,glue,roberta-base,stsb_wide,stsb,AB,confirm,29,4,spearman,curvature=1.0;feature_mode=cls_root_unit;gat_hidden_dim=128;graph_curvature=2.25;graph_metric=poincare;hyperbolic_readout=1;jk_mode=cat;learnable_curvature=1;lr=0.0002;num_layers=2;proj_dim=128;readout_clip=1.0;readout_scale=0;rho_quantile=0.38;scorer_hidden=256;weight_decay=0.0,128,poincare,cat,0.0002,2,128,256,,0.0,82.32,245.24,0.37403,0.0,cls_root_unit,2.25,0.38,,1.0,1.0,1.0,1.0,0.0,,,,
glue|roberta-base|stsb_wide|AB|t29|s5|confirm,glue,roberta-base,stsb_wide,stsb,AB,confirm,29,5,spearman,curvature=1.0;feature_mode=cls_root_unit;gat_hidden_dim=128;graph_curvature=2.25;graph_metric=poincare;hyperbolic_readout=1;jk_mode=cat;learnable_curvature=1;lr=0.0002;num_layers=2;proj_dim=128;readout_clip=1.0;readout_scale=0;rho_quantile=0.38;scorer_hidden=256;weight_decay=0.0,128,poincare,cat,0.0002,2,128,256,,0.0,82.82,241.42,0.37263,0.0,cls_root_unit,2.25,0.38,,1.0,1.0,1.0,1.0,0.0,,,,
glue|roberta-base|stsb_wide|AB|t29|s6|confirm,glue,roberta-base,stsb_wide,stsb,AB,confirm,29,6,spearman,curvature=1.0;feature_mode=cls_root_unit;gat_hidden_dim=128;graph_curvature=2.25;graph_metric=poincare;hyperbolic_readout=1;jk_mode=cat;learnable_curvature=1;lr=0.0002;num_layers=2;proj_dim=128;readout_clip=1.0;readout_scale=0;rho_quantile=0.38;scorer_hidden=256;weight_decay=0.0,128,poincare,cat,0.0002,2,128,256,,0.0,83.69,244.04,0.37368,0.0,cls_root_unit,2.25,0.38,,1.0,1.0,1.0,1.0,0.0,,,,
glue|roberta-base|stsb_wide|AB|t29|s7|confirm,glue,roberta-base,stsb_wide,stsb,AB,confirm,29,7,spearman,curvature=1.0;feature_mode=cls_root_unit;gat_hidden_dim=128;graph_curvature=2.25;graph_metric=poincare;hyperbolic_readout=1;jk_mode=cat;learnable_curvature=1;lr=0.0002;num_layers=2;proj_dim=128;readout_clip=1.0;readout_scale=0;rho_quantile=0.38;scorer_hidden=256;weight_decay=0.0,128,poincare,cat,0.0002,2,128,256,,0.0,83.45,245.38,0.3732,0.0,cls_root_unit,2.25,0.38,,1.0,1.0,1.0,1.0,0.0,,,,
glue|roberta-base|stsb_wide|AB|t29|s8|confirm,glue,roberta-base,stsb_wide,stsb,AB,confirm,29,8,spearman,curvature=1.0;feature_mode=cls_root_unit;gat_hidden_dim=128;graph_curvature=2.25;graph_metric=poincare;hyperbolic_readout=1;jk_mode=cat;learnable_curvature=1;lr=0.0002;num_layers=2;proj_dim=128;readout_clip=1.0;readout_scale=0;rho_quantile=0.38;scorer_hidden=256;weight_decay=0.0,128,poincare,cat,0.0002,2,128,256,,0.0,83.38,243.14,0.37357,0.0,cls_root_unit,2.25,0.38,,1.0,1.0,1.0,1.0,0.0,,,,
glue|roberta-base|stsb_wide|AB|t29|s9|confirm,glue,roberta-base,stsb_wide,stsb,AB,confirm,29,9,spearman,curvature=1.0;feature_mode=cls_root_unit;gat_hidden_dim=128;graph_curvature=2.25;graph_metric=poincare;hyperbolic_readout=1;jk_mode=cat;learnable_curvature=1;lr=0.0002;num_layers=2;proj_dim=128;readout_clip=1.0;readout_scale=0;rho_quantile=0.38;scorer_hidden=256;weight_decay=0.0,128,poincare,cat,0.0002,2,128,256,,0.0,83.34,245.46,0.37365,0.0,cls_root_unit,2.25,0.38,,1.0,1.0,1.0,1.0,0.0,,,,
glue|roberta-base|stsb_wide|AB|t29|s10|confirm,glue,roberta-base,stsb_wide,stsb,AB,confirm,29,10,spearman,curvature=1.0;feature_mode=cls_root_unit;gat_hidden_dim=128;graph_curvature=2.25;graph_metric=poincare;hyperbolic_readout=1;jk_mode=cat;learnable_curvature=1;lr=0.0002;num_layers=2;proj_dim=128;readout_clip=1.0;readout_scale=0;rho_quantile=0.38;scorer_hidden=256;weight_decay=0.0,128,poincare,cat,0.0002,2,128,256,,0.0,82.59,234.4,0.37425,0.0,cls_root_unit,2.25,0.38,,1.0,1.0,1.0,1.0,0.0,,,,
glue|roberta-base|stsb_wide|AB|t29|s11|confirm,glue,roberta-base,stsb_wide,stsb,AB,confirm,29,11,spearman,curvature=1.0;feature_mode=cls_root_unit;gat_hidden_dim=128;graph_curvature=2.25;graph_metric=poincare;hyperbolic_readout=1;jk_mode=cat;learnable_curvature=1;lr=0.0002;num_layers=2;proj_dim=128;readout_clip=1.0;readout_scale=0;rho_quantile=0.38;scorer_hidden=256;weight_decay=0.0,128,poincare,cat,0.0002,2,128,256,,0.0,83.14,236.3,0.37428,0.0,cls_root_unit,2.25,0.38,,1.0,1.0,1.0,1.0,0.0,,,,
glue|roberta-base|stsb_wide|AB|t29|s12|confirm,glue,roberta-base,stsb_wide,stsb,AB,confirm,29,12,spearman,curvature=1.0;feature_mode=cls_root_unit;gat_hidden_dim=128;graph_curvature=2.25;graph_metric=poincare;hyperbolic_readout=1;jk_mode=cat;learnable_curvature=1;lr=0.0002;num_layers=2;proj_dim=128;readout_clip=1.0;readout_scale=0;rho_quantile=0.38;scorer_hidden=256;weight_decay=0.0,128,poincare,cat,0.0002,2,128,256,,0.0,83.46,234.86,0.37392,0.0,cls_root_unit,2.25,0.38,,1.0,1.0,1.0,1.0,0.0,,,,
glue|roberta-base|stsb_wide|AB|t29|s13|confirm,glue,roberta-base,stsb_wide,stsb,AB,confirm,29,13,spearman,curvature=1.0;feature_mode=cls_root_unit;gat_hidden_dim=128;graph_curvature=2.25;graph_metric=poincare;hyperbolic_readout=1;jk_mode=cat;learnable_curvature=1;lr=0.0002;num_layers=2;proj_dim=128;readout_clip=1.0;readout_scale=0;rho_quantile=0.38;scorer_hidden=256;weight_decay=0.0,128,poincare,cat,0.0002,2,128,256,,0.0,83.54,227.98,0.37352,0.0,cls_root_unit,2.25,0.38,,1.0,1.0,1.0,1.0,0.0,,,,
glue|roberta-base|stsb_wide|AB|t29|s14|confirm,glue,roberta-base,stsb_wide,stsb,AB,confirm,29,14,spearman,curvature=1.0;feature_mode=cls_root_unit;gat_hidden_dim=128;graph_curvature=2.25;graph_metric=poincare;hyperbolic_readout=1;jk_mode=cat;learnable_curvature=1;lr=0.0002;num_layers=2;proj_dim=128;readout_clip=1.0;readout_scale=0;rho_quantile=0.38;scorer_hidden=256;weight_decay=0.0,128,poincare,cat,0.0002,2,128,256,,0.0,82.77,228.38,0.37382,0.0,cls_root_unit,2.25,0.38,,1.0,1.0,1.0,1.0,0.0,,,,
glue|roberta-base|stsb_wide|AB|t29|s15|confirm,glue,roberta-base,stsb_wide,stsb,AB,confirm,29,15,spearman,curvature=1.0;feature_mode=cls_root_unit;gat_hidden_dim=128;graph_curvature=2.25;graph_metric=poincare;hyperbolic_readout=1;jk_mode=cat;learnable_curvature=1;lr=0.0002;num_layers=2;proj_dim=128;readout_clip=1.0;readout_scale=0;rho_quantile=0.38;scorer_hidden=256;weight_decay=0.0,128,poincare,cat,0.0002,2,128,256,,0.0,82.48,229.76,0.37318,0.0,cls_root_unit,2.25,0.38,,1.0,1.0,1.0,1.0,0.0,,,,
glue|roberta-base|stsb_wide|ABC|t3|s1|confirm,glue,roberta-base,stsb_wide,stsb,ABC,confirm,3,1,spearman,curvature=0.25;feature_mode=unit;gat_hidden_dim=128;gnn_input_clip=1.0;gnn_input_scale=1;graph_curvature=9.0;graph_metric=poincare;hyp_gnn_type=gcn;hyperbolic_gnn=1;hyperbolic_readout=1;jk_mode=cat;learnable_curvature=1;lr=0.0002;num_layers=4;proj_dim=128;readout_clip=0.0;readout_scale=0;rho_quantile=0.025;scorer_hidden=128;weight_decay=5e-05,128,poincare,cat,0.0002,4,128,128,,5e-05,83.99,285.73,0.0266,0.0,unit,9.0,0.025,,0.25,1.0,1.0,0.0,0.0,1.0,1.0,gcn,1.0
glue|roberta-base|stsb_wide|ABC|t3|s2|confirm,glue,roberta-base,stsb_wide,stsb,ABC,confirm,3,2,spearman,curvature=0.25;feature_mode=unit;gat_hidden_dim=128;gnn_input_clip=1.0;gnn_input_scale=1;graph_curvature=9.0;graph_metric=poincare;hyp_gnn_type=gcn;hyperbolic_gnn=1;hyperbolic_readout=1;jk_mode=cat;learnable_curvature=1;lr=0.0002;num_layers=4;proj_dim=128;readout_clip=0.0;readout_scale=0;rho_quantile=0.025;scorer_hidden=128;weight_decay=5e-05,128,poincare,cat,0.0002,4,128,128,,5e-05,83.83,284.53,0.02665,0.0,unit,9.0,0.025,,0.25,1.0,1.0,0.0,0.0,1.0,1.0,gcn,1.0
glue|roberta-base|stsb_wide|ABC|t3|s3|confirm,glue,roberta-base,stsb_wide,stsb,ABC,confirm,3,3,spearman,curvature=0.25;feature_mode=unit;gat_hidden_dim=128;gnn_input_clip=1.0;gnn_input_scale=1;graph_curvature=9.0;graph_metric=poincare;hyp_gnn_type=gcn;hyperbolic_gnn=1;hyperbolic_readout=1;jk_mode=cat;learnable_curvature=1;lr=0.0002;num_layers=4;proj_dim=128;readout_clip=0.0;readout_scale=0;rho_quantile=0.025;scorer_hidden=128;weight_decay=5e-05,128,poincare,cat,0.0002,4,128,128,,5e-05,83.7,282.06,0.02671,0.0,unit,9.0,0.025,,0.25,1.0,1.0,0.0,0.0,1.0,1.0,gcn,1.0
glue|roberta-base|stsb_wide|ABC|t3|s4|confirm,glue,roberta-base,stsb_wide,stsb,ABC,confirm,3,4,spearman,curvature=0.25;feature_mode=unit;gat_hidden_dim=128;gnn_input_clip=1.0;gnn_input_scale=1;graph_curvature=9.0;graph_metric=poincare;hyp_gnn_type=gcn;hyperbolic_gnn=1;hyperbolic_readout=1;jk_mode=cat;learnable_curvature=1;lr=0.0002;num_layers=4;proj_dim=128;readout_clip=0.0;readout_scale=0;rho_quantile=0.025;scorer_hidden=128;weight_decay=5e-05,128,poincare,cat,0.0002,4,128,128,,5e-05,84.03,286.4,0.0269,0.0,unit,9.0,0.025,,0.25,1.0,1.0,0.0,0.0,1.0,1.0,gcn,1.0
glue|roberta-base|stsb_wide|ABC|t3|s5|confirm,glue,roberta-base,stsb_wide,stsb,ABC,confirm,3,5,spearman,curvature=0.25;feature_mode=unit;gat_hidden_dim=128;gnn_input_clip=1.0;gnn_input_scale=1;graph_curvature=9.0;graph_metric=poincare;hyp_gnn_type=gcn;hyperbolic_gnn=1;hyperbolic_readout=1;jk_mode=cat;learnable_curvature=1;lr=0.0002;num_layers=4;proj_dim=128;readout_clip=0.0;readout_scale=0;rho_quantile=0.025;scorer_hidden=128;weight_decay=5e-05,128,poincare,cat,0.0002,4,128,128,,5e-05,82.8,285.62,0.02628,0.00391,unit,9.0,0.025,,0.25,1.0,1.0,0.0,0.0,1.0,1.0,gcn,1.0
glue|roberta-base|stsb_wide|ABC|t3|s6|confirm,glue,roberta-base,stsb_wide,stsb,ABC,confirm,3,6,spearman,curvature=0.25;feature_mode=unit;gat_hidden_dim=128;gnn_input_clip=1.0;gnn_input_scale=1;graph_curvature=9.0;graph_metric=poincare;hyp_gnn_type=gcn;hyperbolic_gnn=1;hyperbolic_readout=1;jk_mode=cat;learnable_curvature=1;lr=0.0002;num_layers=4;proj_dim=128;readout_clip=0.0;readout_scale=0;rho_quantile=0.025;scorer_hidden=128;weight_decay=5e-05,128,poincare,cat,0.0002,4,128,128,,5e-05,83.92,285.17,0.02694,0.00391,unit,9.0,0.025,,0.25,1.0,1.0,0.0,0.0,1.0,1.0,gcn,1.0
glue|roberta-base|stsb_wide|ABC|t3|s7|confirm,glue,roberta-base,stsb_wide,stsb,ABC,confirm,3,7,spearman,curvature=0.25;feature_mode=unit;gat_hidden_dim=128;gnn_input_clip=1.0;gnn_input_scale=1;graph_curvature=9.0;graph_metric=poincare;hyp_gnn_type=gcn;hyperbolic_gnn=1;hyperbolic_readout=1;jk_mode=cat;learnable_curvature=1;lr=0.0002;num_layers=4;proj_dim=128;readout_clip=0.0;readout_scale=0;rho_quantile=0.025;scorer_hidden=128;weight_decay=5e-05,128,poincare,cat,0.0002,4,128,128,,5e-05,83.87,284.86,0.02658,0.00391,unit,9.0,0.025,,0.25,1.0,1.0,0.0,0.0,1.0,1.0,gcn,1.0
glue|roberta-base|stsb_wide|ABC|t3|s8|confirm,glue,roberta-base,stsb_wide,stsb,ABC,confirm,3,8,spearman,curvature=0.25;feature_mode=unit;gat_hidden_dim=128;gnn_input_clip=1.0;gnn_input_scale=1;graph_curvature=9.0;graph_metric=poincare;hyp_gnn_type=gcn;hyperbolic_gnn=1;hyperbolic_readout=1;jk_mode=cat;learnable_curvature=1;lr=0.0002;num_layers=4;proj_dim=128;readout_clip=0.0;readout_scale=0;rho_quantile=0.025;scorer_hidden=128;weight_decay=5e-05,128,poincare,cat,0.0002,4,128,128,,5e-05,83.72,283.21,0.02683,0.00781,unit,9.0,0.025,,0.25,1.0,1.0,0.0,0.0,1.0,1.0,gcn,1.0
glue|roberta-base|stsb_wide|ABC|t3|s9|confirm,glue,roberta-base,stsb_wide,stsb,ABC,confirm,3,9,spearman,curvature=0.25;feature_mode=unit;gat_hidden_dim=128;gnn_input_clip=1.0;gnn_input_scale=1;graph_curvature=9.0;graph_metric=poincare;hyp_gnn_type=gcn;hyperbolic_gnn=1;hyperbolic_readout=1;jk_mode=cat;learnable_curvature=1;lr=0.0002;num_layers=4;proj_dim=128;readout_clip=0.0;readout_scale=0;rho_quantile=0.025;scorer_hidden=128;weight_decay=5e-05,128,poincare,cat,0.0002,4,128,128,,5e-05,83.91,283.94,0.0267,0.0,unit,9.0,0.025,,0.25,1.0,1.0,0.0,0.0,1.0,1.0,gcn,1.0
glue|roberta-base|stsb_wide|ABC|t3|s10|confirm,glue,roberta-base,stsb_wide,stsb,ABC,confirm,3,10,spearman,curvature=0.25;feature_mode=unit;gat_hidden_dim=128;gnn_input_clip=1.0;gnn_input_scale=1;graph_curvature=9.0;graph_metric=poincare;hyp_gnn_type=gcn;hyperbolic_gnn=1;hyperbolic_readout=1;jk_mode=cat;learnable_curvature=1;lr=0.0002;num_layers=4;proj_dim=128;readout_clip=0.0;readout_scale=0;rho_quantile=0.025;scorer_hidden=128;weight_decay=5e-05,128,poincare,cat,0.0002,4,128,128,,5e-05,83.72,286.28,0.02704,0.0,unit,9.0,0.025,,0.25,1.0,1.0,0.0,0.0,1.0,1.0,gcn,1.0
glue|roberta-base|stsb_wide|ABC|t3|s11|confirm,glue,roberta-base,stsb_wide,stsb,ABC,confirm,3,11,spearman,curvature=0.25;feature_mode=unit;gat_hidden_dim=128;gnn_input_clip=1.0;gnn_input_scale=1;graph_curvature=9.0;graph_metric=poincare;hyp_gnn_type=gcn;hyperbolic_gnn=1;hyperbolic_readout=1;jk_mode=cat;learnable_curvature=1;lr=0.0002;num_layers=4;proj_dim=128;readout_clip=0.0;readout_scale=0;rho_quantile=0.025;scorer_hidden=128;weight_decay=5e-05,128,poincare,cat,0.0002,4,128,128,,5e-05,83.45,282.39,0.02717,0.0,unit,9.0,0.025,,0.25,1.0,1.0,0.0,0.0,1.0,1.0,gcn,1.0
glue|roberta-base|stsb_wide|ABC|t3|s12|confirm,glue,roberta-base,stsb_wide,stsb,ABC,confirm,3,12,spearman,curvature=0.25;feature_mode=unit;gat_hidden_dim=128;gnn_input_clip=1.0;gnn_input_scale=1;graph_curvature=9.0;graph_metric=poincare;hyp_gnn_type=gcn;hyperbolic_gnn=1;hyperbolic_readout=1;jk_mode=cat;learnable_curvature=1;lr=0.0002;num_layers=4;proj_dim=128;readout_clip=0.0;readout_scale=0;rho_quantile=0.025;scorer_hidden=128;weight_decay=5e-05,128,poincare,cat,0.0002,4,128,128,,5e-05,83.77,285.74,0.0269,0.00391,unit,9.0,0.025,,0.25,1.0,1.0,0.0,0.0,1.0,1.0,gcn,1.0
glue|roberta-base|stsb_wide|ABC|t3|s13|confirm,glue,roberta-base,stsb_wide,stsb,ABC,confirm,3,13,spearman,curvature=0.25;feature_mode=unit;gat_hidden_dim=128;gnn_input_clip=1.0;gnn_input_scale=1;graph_curvature=9.0;graph_metric=poincare;hyp_gnn_type=gcn;hyperbolic_gnn=1;hyperbolic_readout=1;jk_mode=cat;learnable_curvature=1;lr=0.0002;num_layers=4;proj_dim=128;readout_clip=0.0;readout_scale=0;rho_quantile=0.025;scorer_hidden=128;weight_decay=5e-05,128,poincare,cat,0.0002,4,128,128,,5e-05,83.98,280.84,0.02702,0.0,unit,9.0,0.025,,0.25,1.0,1.0,0.0,0.0,1.0,1.0,gcn,1.0
glue|roberta-base|stsb_wide|ABC|t3|s14|confirm,glue,roberta-base,stsb_wide,stsb,ABC,confirm,3,14,spearman,curvature=0.25;feature_mode=unit;gat_hidden_dim=128;gnn_input_clip=1.0;gnn_input_scale=1;graph_curvature=9.0;graph_metric=poincare;hyp_gnn_type=gcn;hyperbolic_gnn=1;hyperbolic_readout=1;jk_mode=cat;learnable_curvature=1;lr=0.0002;num_layers=4;proj_dim=128;readout_clip=0.0;readout_scale=0;rho_quantile=0.025;scorer_hidden=128;weight_decay=5e-05,128,poincare,cat,0.0002,4,128,128,,5e-05,83.76,283.79,0.0271,0.0,unit,9.0,0.025,,0.25,1.0,1.0,0.0,0.0,1.0,1.0,gcn,1.0
glue|roberta-base|stsb_wide|ABC|t3|s15|confirm,glue,roberta-base,stsb_wide,stsb,ABC,confirm,3,15,spearman,curvature=0.25;feature_mode=unit;gat_hidden_dim=128;gnn_input_clip=1.0;gnn_input_scale=1;graph_curvature=9.0;graph_metric=poincare;hyp_gnn_type=gcn;hyperbolic_gnn=1;hyperbolic_readout=1;jk_mode=cat;learnable_curvature=1;lr=0.0002;num_layers=4;proj_dim=128;readout_clip=0.0;readout_scale=0;rho_quantile=0.025;scorer_hidden=128;weight_decay=5e-05,128,poincare,cat,0.0002,4,128,128,,5e-05,83.86,281.99,0.02735,0.0,unit,9.0,0.025,,0.25,1.0,1.0,0.0,0.0,1.0,1.0,gcn,1.0
