run_key,target,model,setting,task,arm,stage,trial,seed,metric,detail,gat_hidden_dim,graph_metric,jk_mode,lr,num_layers,proj_dim,scorer_hidden,tau_quantile,weight_decay,score,elapsed_sec,mean_density,empty_frac,curvature,gnn_input_clip,gnn_input_scale,hyp_gnn_type,hyperbolic_gnn,feature_mode,graph_curvature,hyperbolic_readout,learnable_curvature,readout_clip,readout_scale,rho_quantile
glue|bert-base-uncased|rte_wide|baseline|t0|s42|tune,glue,bert-base-uncased,rte_wide,rte,baseline,tune,0,42,acc,gat_hidden_dim=64;graph_metric=cosine;jk_mode=cat;lr=0.0002;num_layers=4;proj_dim=256;scorer_hidden=128;tau_quantile=0.1;weight_decay=1e-05,64,cosine,cat,0.0002,4,256,128,0.1,1e-05,54.51,90.87,0.10005,0.0,,,,,,,,,,,,
glue|bert-base-uncased|rte_wide|baseline|t1|s42|tune,glue,bert-base-uncased,rte_wide,rte,baseline,tune,1,42,acc,gat_hidden_dim=256;graph_metric=cosine;jk_mode=max;lr=0.0002;num_layers=4;proj_dim=128;scorer_hidden=128;tau_quantile=0.15;weight_decay=0.0,256,cosine,max,0.0002,4,128,128,0.15,0.0,48.01,95.61,0.14954,0.0,,,,,,,,,,,,
glue|bert-base-uncased|rte_wide|baseline|t2|s42|tune,glue,bert-base-uncased,rte_wide,rte,baseline,tune,2,42,acc,gat_hidden_dim=256;graph_metric=cosine;jk_mode=cat;lr=0.0002;num_layers=2;proj_dim=128;scorer_hidden=128;tau_quantile=0.05;weight_decay=0.0,256,cosine,cat,0.0002,2,128,128,0.05,0.0,55.6,87.84,0.0505,0.0,,,,,,,,,,,,
glue|bert-base-uncased|rte_wide|baseline|t3|s42|tune,glue,bert-base-uncased,rte_wide,rte,baseline,tune,3,42,acc,gat_hidden_dim=128;graph_metric=cosine;jk_mode=max;lr=0.0002;num_layers=2;proj_dim=256;scorer_hidden=128;tau_quantile=0.2;weight_decay=5e-05,128,cosine,max,0.0002,2,256,128,0.2,5e-05,54.87,88.0,0.19863,0.0,,,,,,,,,,,,
glue|bert-base-uncased|rte_wide|baseline|t4|s42|tune,glue,bert-base-uncased,rte_wide,rte,baseline,tune,4,42,acc,gat_hidden_dim=128;graph_metric=cosine;jk_mode=max;lr=0.0002;num_layers=2;proj_dim=512;scorer_hidden=128;tau_quantile=0.1;weight_decay=0.0,128,cosine,max,0.0002,2,512,128,0.1,0.0,55.23,88.26,0.10007,0.0,,,,,,,,,,,,
glue|bert-base-uncased|rte_wide|baseline|t5|s42|tune,glue,bert-base-uncased,rte_wide,rte,baseline,tune,5,42,acc,gat_hidden_dim=256;graph_metric=cosine;jk_mode=max;lr=2e-05;num_layers=4;proj_dim=256;scorer_hidden=256;tau_quantile=0.28;weight_decay=5e-05,256,cosine,max,2e-05,4,256,256,0.28,5e-05,50.18,93.41,0.279,0.0,,,,,,,,,,,,
glue|bert-base-uncased|rte_wide|baseline|t6|s42|tune,glue,bert-base-uncased,rte_wide,rte,baseline,tune,6,42,acc,gat_hidden_dim=128;graph_metric=cosine;jk_mode=max;lr=0.0002;num_layers=4;proj_dim=256;scorer_hidden=128;tau_quantile=0.1;weight_decay=1e-05,128,cosine,max,0.0002,4,256,128,0.1,1e-05,56.68,90.3,0.10007,0.0,,,,,,,,,,,,
glue|bert-base-uncased|rte_wide|baseline|t7|s42|tune,glue,bert-base-uncased,rte_wide,rte,baseline,tune,7,42,acc,gat_hidden_dim=64;graph_metric=cosine;jk_mode=max;lr=0.001;num_layers=2;proj_dim=128;scorer_hidden=128;tau_quantile=0.28;weight_decay=0.0,64,cosine,max,0.001,2,128,128,0.28,0.0,58.12,88.95,0.27877,0.0,,,,,,,,,,,,
glue|bert-base-uncased|rte_wide|baseline|t8|s42|tune,glue,bert-base-uncased,rte_wide,rte,baseline,tune,8,42,acc,gat_hidden_dim=64;graph_metric=cosine;jk_mode=max;lr=0.0002;num_layers=2;proj_dim=128;scorer_hidden=128;tau_quantile=0.38;weight_decay=5e-05,64,cosine,max,0.0002,2,128,128,0.38,5e-05,54.87,91.54,0.37846,0.0,,,,,,,,,,,,
glue|bert-base-uncased|rte_wide|baseline|t9|s42|tune,glue,bert-base-uncased,rte_wide,rte,baseline,tune,9,42,acc,gat_hidden_dim=128;graph_metric=cosine;jk_mode=cat;lr=0.0002;num_layers=2;proj_dim=512;scorer_hidden=128;tau_quantile=0.025;weight_decay=1e-05,128,cosine,cat,0.0002,2,512,128,0.025,1e-05,57.04,87.0,0.02494,0.00781,,,,,,,,,,,,
glue|bert-base-uncased|rte_wide|baseline|t10|s42|tune,glue,bert-base-uncased,rte_wide,rte,baseline,tune,10,42,acc,gat_hidden_dim=256;graph_metric=cosine;jk_mode=max;lr=0.001;num_layers=4;proj_dim=512;scorer_hidden=128;tau_quantile=0.0125;weight_decay=0.0,256,cosine,max,0.001,4,512,128,0.0125,0.0,52.71,89.14,0.01262,0.0625,,,,,,,,,,,,
glue|bert-base-uncased|rte_wide|baseline|t11|s42|tune,glue,bert-base-uncased,rte_wide,rte,baseline,tune,11,42,acc,gat_hidden_dim=64;graph_metric=cosine;jk_mode=max;lr=0.001;num_layers=2;proj_dim=512;scorer_hidden=128;tau_quantile=0.28;weight_decay=1e-05,64,cosine,max,0.001,2,512,128,0.28,1e-05,57.04,86.15,0.27877,0.0,,,,,,,,,,,,
glue|bert-base-uncased|rte_wide|baseline|t12|s42|tune,glue,bert-base-uncased,rte_wide,rte,baseline,tune,12,42,acc,gat_hidden_dim=128;graph_metric=cosine;jk_mode=cat;lr=0.001;num_layers=2;proj_dim=128;scorer_hidden=256;tau_quantile=0.05;weight_decay=5e-05,128,cosine,cat,0.001,2,128,256,0.05,5e-05,54.51,89.83,0.04999,0.00391,,,,,,,,,,,,
glue|bert-base-uncased|rte_wide|baseline|t13|s42|tune,glue,bert-base-uncased,rte_wide,rte,baseline,tune,13,42,acc,gat_hidden_dim=64;graph_metric=cosine;jk_mode=max;lr=0.0002;num_layers=4;proj_dim=256;scorer_hidden=128;tau_quantile=0.025;weight_decay=0.0,64,cosine,max,0.0002,4,256,128,0.025,0.0,57.76,90.66,0.02564,0.0,,,,,,,,,,,,
glue|bert-base-uncased|rte_wide|baseline|t14|s42|tune,glue,bert-base-uncased,rte_wide,rte,baseline,tune,14,42,acc,gat_hidden_dim=128;graph_metric=cosine;jk_mode=cat;lr=0.001;num_layers=4;proj_dim=256;scorer_hidden=128;tau_quantile=0.025;weight_decay=5e-05,128,cosine,cat,0.001,4,256,128,0.025,5e-05,51.99,86.35,0.02557,0.00391,,,,,,,,,,,,
glue|bert-base-uncased|rte_wide|baseline|t15|s42|tune,glue,bert-base-uncased,rte_wide,rte,baseline,tune,15,42,acc,gat_hidden_dim=256;graph_metric=cosine;jk_mode=cat;lr=2e-05;num_layers=2;proj_dim=256;scorer_hidden=256;tau_quantile=0.0125;weight_decay=1e-05,256,cosine,cat,2e-05,2,256,256,0.0125,1e-05,51.99,84.16,0.01294,0.04297,,,,,,,,,,,,
glue|bert-base-uncased|rte_wide|baseline|t16|s42|tune,glue,bert-base-uncased,rte_wide,rte,baseline,tune,16,42,acc,gat_hidden_dim=256;graph_metric=cosine;jk_mode=cat;lr=0.0002;num_layers=4;proj_dim=256;scorer_hidden=256;tau_quantile=0.28;weight_decay=1e-05,256,cosine,cat,0.0002,4,256,256,0.28,1e-05,50.9,86.75,0.27877,0.0,,,,,,,,,,,,
glue|bert-base-uncased|rte_wide|baseline|t17|s42|tune,glue,bert-base-uncased,rte_wide,rte,baseline,tune,17,42,acc,gat_hidden_dim=64;graph_metric=cosine;jk_mode=cat;lr=2e-05;num_layers=4;proj_dim=512;scorer_hidden=256;tau_quantile=0.0375;weight_decay=0.0,64,cosine,cat,2e-05,4,512,256,0.0375,0.0,50.54,86.32,0.03728,0.0,,,,,,,,,,,,
glue|bert-base-uncased|rte_wide|baseline|t18|s42|tune,glue,bert-base-uncased,rte_wide,rte,baseline,tune,18,42,acc,gat_hidden_dim=128;graph_metric=cosine;jk_mode=max;lr=0.001;num_layers=2;proj_dim=512;scorer_hidden=256;tau_quantile=0.075;weight_decay=1e-05,128,cosine,max,0.001,2,512,256,0.075,1e-05,48.38,83.01,0.07528,0.0,,,,,,,,,,,,
glue|bert-base-uncased|rte_wide|baseline|t19|s42|tune,glue,bert-base-uncased,rte_wide,rte,baseline,tune,19,42,acc,gat_hidden_dim=64;graph_metric=cosine;jk_mode=cat;lr=0.001;num_layers=2;proj_dim=128;scorer_hidden=128;tau_quantile=0.0125;weight_decay=0.0,64,cosine,cat,0.001,2,128,128,0.0125,0.0,51.62,83.22,0.01302,0.02734,,,,,,,,,,,,
glue|bert-base-uncased|rte_wide|baseline|t20|s42|tune,glue,bert-base-uncased,rte_wide,rte,baseline,tune,20,42,acc,gat_hidden_dim=256;graph_metric=cosine;jk_mode=max;lr=0.001;num_layers=4;proj_dim=128;scorer_hidden=256;tau_quantile=0.1;weight_decay=5e-05,256,cosine,max,0.001,4,128,256,0.1,5e-05,51.62,85.77,0.10061,0.0,,,,,,,,,,,,
glue|bert-base-uncased|rte_wide|baseline|t21|s42|tune,glue,bert-base-uncased,rte_wide,rte,baseline,tune,21,42,acc,gat_hidden_dim=256;graph_metric=cosine;jk_mode=max;lr=2e-05;num_layers=4;proj_dim=128;scorer_hidden=256;tau_quantile=0.075;weight_decay=5e-05,256,cosine,max,2e-05,4,128,256,0.075,5e-05,48.38,85.6,0.07528,0.0,,,,,,,,,,,,
glue|bert-base-uncased|rte_wide|baseline|t22|s42|tune,glue,bert-base-uncased,rte_wide,rte,baseline,tune,22,42,acc,gat_hidden_dim=128;graph_metric=cosine;jk_mode=max;lr=0.0002;num_layers=4;proj_dim=128;scorer_hidden=256;tau_quantile=0.0125;weight_decay=5e-05,128,cosine,max,0.0002,4,128,256,0.0125,5e-05,56.32,84.7,0.01274,0.04688,,,,,,,,,,,,
glue|bert-base-uncased|rte_wide|baseline|t23|s42|tune,glue,bert-base-uncased,rte_wide,rte,baseline,tune,23,42,acc,gat_hidden_dim=64;graph_metric=cosine;jk_mode=max;lr=0.0002;num_layers=4;proj_dim=512;scorer_hidden=128;tau_quantile=0.2;weight_decay=0.0,64,cosine,max,0.0002,4,512,128,0.2,0.0,59.57,85.44,0.19866,0.0,,,,,,,,,,,,
glue|bert-base-uncased|rte_wide|baseline|t24|s42|tune,glue,bert-base-uncased,rte_wide,rte,baseline,tune,24,42,acc,gat_hidden_dim=64;graph_metric=cosine;jk_mode=max;lr=0.0002;num_layers=2;proj_dim=512;scorer_hidden=128;tau_quantile=0.0125;weight_decay=0.0,64,cosine,max,0.0002,2,512,128,0.0125,0.0,53.79,83.92,0.01283,0.04297,,,,,,,,,,,,
glue|bert-base-uncased|rte_wide|baseline|t25|s42|tune,glue,bert-base-uncased,rte_wide,rte,baseline,tune,25,42,acc,gat_hidden_dim=64;graph_metric=cosine;jk_mode=max;lr=0.001;num_layers=4;proj_dim=512;scorer_hidden=256;tau_quantile=0.0125;weight_decay=1e-05,64,cosine,max,0.001,4,512,256,0.0125,1e-05,51.99,84.36,0.0127,0.05469,,,,,,,,,,,,
glue|bert-base-uncased|rte_wide|baseline|t26|s42|tune,glue,bert-base-uncased,rte_wide,rte,baseline,tune,26,42,acc,gat_hidden_dim=256;graph_metric=cosine;jk_mode=max;lr=0.001;num_layers=2;proj_dim=512;scorer_hidden=128;tau_quantile=0.0375;weight_decay=5e-05,256,cosine,max,0.001,2,512,128,0.0375,5e-05,53.79,80.76,0.03698,0.0,,,,,,,,,,,,
glue|bert-base-uncased|rte_wide|baseline|t27|s42|tune,glue,bert-base-uncased,rte_wide,rte,baseline,tune,27,42,acc,gat_hidden_dim=256;graph_metric=cosine;jk_mode=max;lr=0.001;num_layers=2;proj_dim=512;scorer_hidden=256;tau_quantile=0.0125;weight_decay=1e-05,256,cosine,max,0.001,2,512,256,0.0125,1e-05,54.15,82.2,0.01273,0.02734,,,,,,,,,,,,
glue|bert-base-uncased|rte_wide|baseline|t28|s42|tune,glue,bert-base-uncased,rte_wide,rte,baseline,tune,28,42,acc,gat_hidden_dim=64;graph_metric=cosine;jk_mode=max;lr=0.0002;num_layers=2;proj_dim=256;scorer_hidden=128;tau_quantile=0.1;weight_decay=5e-05,64,cosine,max,0.0002,2,256,128,0.1,5e-05,55.23,82.06,0.09981,0.0,,,,,,,,,,,,
glue|bert-base-uncased|rte_wide|baseline|t29|s42|tune,glue,bert-base-uncased,rte_wide,rte,baseline,tune,29,42,acc,gat_hidden_dim=256;graph_metric=cosine;jk_mode=max;lr=0.001;num_layers=2;proj_dim=256;scorer_hidden=128;tau_quantile=0.0125;weight_decay=0.0,256,cosine,max,0.001,2,256,128,0.0125,0.0,53.43,81.24,0.01273,0.02734,,,,,,,,,,,,
glue|bert-base-uncased|rte_wide|baseline|t30|s42|tune,glue,bert-base-uncased,rte_wide,rte,baseline,tune,30,42,acc,gat_hidden_dim=128;graph_metric=cosine;jk_mode=cat;lr=0.001;num_layers=4;proj_dim=128;scorer_hidden=128;tau_quantile=0.0125;weight_decay=1e-05,128,cosine,cat,0.001,4,128,128,0.0125,1e-05,53.79,83.53,0.01286,0.05078,,,,,,,,,,,,
glue|bert-base-uncased|rte_wide|baseline|t31|s42|tune,glue,bert-base-uncased,rte_wide,rte,baseline,tune,31,42,acc,gat_hidden_dim=128;graph_metric=cosine;jk_mode=cat;lr=2e-05;num_layers=4;proj_dim=512;scorer_hidden=128;tau_quantile=0.0125;weight_decay=0.0,128,cosine,cat,2e-05,4,512,128,0.0125,0.0,48.74,83.89,0.01286,0.05078,,,,,,,,,,,,
glue|bert-base-uncased|rte_wide|baseline|t32|s42|tune,glue,bert-base-uncased,rte_wide,rte,baseline,tune,32,42,acc,gat_hidden_dim=64;graph_metric=cosine;jk_mode=cat;lr=0.001;num_layers=2;proj_dim=128;scorer_hidden=256;tau_quantile=0.05;weight_decay=5e-05,64,cosine,cat,0.001,2,128,256,0.05,5e-05,53.79,80.57,0.0504,0.0,,,,,,,,,,,,
glue|bert-base-uncased|rte_wide|baseline|t33|s42|tune,glue,bert-base-uncased,rte_wide,rte,baseline,tune,33,42,acc,gat_hidden_dim=128;graph_metric=cosine;jk_mode=cat;lr=0.0002;num_layers=4;proj_dim=256;scorer_hidden=128;tau_quantile=0.05;weight_decay=5e-05,128,cosine,cat,0.0002,4,256,128,0.05,5e-05,56.32,83.19,0.05002,0.00391,,,,,,,,,,,,
glue|bert-base-uncased|rte_wide|baseline|t34|s42|tune,glue,bert-base-uncased,rte_wide,rte,baseline,tune,34,42,acc,gat_hidden_dim=256;graph_metric=cosine;jk_mode=cat;lr=2e-05;num_layers=2;proj_dim=128;scorer_hidden=128;tau_quantile=0.0125;weight_decay=5e-05,256,cosine,cat,2e-05,2,128,128,0.0125,5e-05,51.99,81.72,0.01294,0.04297,,,,,,,,,,,,
glue|bert-base-uncased|rte_wide|baseline|t35|s42|tune,glue,bert-base-uncased,rte_wide,rte,baseline,tune,35,42,acc,gat_hidden_dim=256;graph_metric=cosine;jk_mode=cat;lr=0.0002;num_layers=4;proj_dim=512;scorer_hidden=128;tau_quantile=0.0375;weight_decay=1e-05,256,cosine,cat,0.0002,4,512,128,0.0375,1e-05,50.18,81.61,0.0373,0.00391,,,,,,,,,,,,
glue|bert-base-uncased|rte_wide|baseline|t36|s42|tune,glue,bert-base-uncased,rte_wide,rte,baseline,tune,36,42,acc,gat_hidden_dim=256;graph_metric=cosine;jk_mode=cat;lr=2e-05;num_layers=2;proj_dim=128;scorer_hidden=256;tau_quantile=0.38;weight_decay=5e-05,256,cosine,cat,2e-05,2,128,256,0.38,5e-05,53.43,81.45,0.37861,0.0,,,,,,,,,,,,
glue|bert-base-uncased|rte_wide|baseline|t37|s42|tune,glue,bert-base-uncased,rte_wide,rte,baseline,tune,37,42,acc,gat_hidden_dim=256;graph_metric=cosine;jk_mode=max;lr=0.0002;num_layers=4;proj_dim=128;scorer_hidden=256;tau_quantile=0.28;weight_decay=1e-05,256,cosine,max,0.0002,4,128,256,0.28,1e-05,48.74,82.96,0.279,0.0,,,,,,,,,,,,
glue|bert-base-uncased|rte_wide|baseline|t38|s42|tune,glue,bert-base-uncased,rte_wide,rte,baseline,tune,38,42,acc,gat_hidden_dim=64;graph_metric=cosine;jk_mode=max;lr=2e-05;num_layers=4;proj_dim=128;scorer_hidden=256;tau_quantile=0.075;weight_decay=5e-05,64,cosine,max,2e-05,4,128,256,0.075,5e-05,53.07,83.15,0.07529,0.0,,,,,,,,,,,,
glue|bert-base-uncased|rte_wide|baseline|t39|s42|tune,glue,bert-base-uncased,rte_wide,rte,baseline,tune,39,42,acc,gat_hidden_dim=128;graph_metric=cosine;jk_mode=max;lr=0.001;num_layers=4;proj_dim=512;scorer_hidden=128;tau_quantile=0.0375;weight_decay=5e-05,128,cosine,max,0.001,4,512,128,0.0375,5e-05,53.79,82.89,0.03694,0.00391,,,,,,,,,,,,
glue|bert-base-uncased|rte_wide|C|t0|s42|tune,glue,bert-base-uncased,rte_wide,rte,C,tune,0,42,acc,curvature=1.0;gat_hidden_dim=64;gnn_input_clip=1.0;gnn_input_scale=1;graph_metric=cosine;hyp_gnn_type=gcn;hyperbolic_gnn=1;jk_mode=cat;lr=0.001;num_layers=4;proj_dim=256;scorer_hidden=128;tau_quantile=0.05;weight_decay=5e-05,64,cosine,cat,0.001,4,256,128,0.05,5e-05,49.82,101.75,0.0504,0.0,1.0,1.0,1,gcn,1,,,,,,,
glue|bert-base-uncased|rte_wide|C|t1|s42|tune,glue,bert-base-uncased,rte_wide,rte,C,tune,1,42,acc,curvature=0.25;gat_hidden_dim=256;gnn_input_clip=1.0;gnn_input_scale=0;graph_metric=cosine;hyp_gnn_type=gcn;hyperbolic_gnn=1;jk_mode=max;lr=2e-05;num_layers=4;proj_dim=512;scorer_hidden=128;tau_quantile=0.05;weight_decay=0.0,256,cosine,max,2e-05,4,512,128,0.05,0.0,50.18,100.89,0.05037,0.0,0.25,1.0,0,gcn,1,,,,,,,
glue|bert-base-uncased|rte_wide|C|t2|s42|tune,glue,bert-base-uncased,rte_wide,rte,C,tune,2,42,acc,curvature=1.0;gat_hidden_dim=64;gnn_input_clip=1.0;gnn_input_scale=0;graph_metric=cosine;hyp_gnn_type=gcn;hyperbolic_gnn=1;jk_mode=max;lr=0.0002;num_layers=2;proj_dim=256;scorer_hidden=128;tau_quantile=0.025;weight_decay=0.0,64,cosine,max,0.0002,2,256,128,0.025,0.0,53.79,91.02,0.02568,0.0,1.0,1.0,0,gcn,1,,,,,,,
glue|bert-base-uncased|rte_wide|C|t3|s42|tune,glue,bert-base-uncased,rte_wide,rte,C,tune,3,42,acc,curvature=4.0;gat_hidden_dim=64;gnn_input_clip=0.7;gnn_input_scale=0;graph_metric=cosine;hyp_gnn_type=gat;hyperbolic_gnn=1;jk_mode=max;lr=2e-05;num_layers=4;proj_dim=128;scorer_hidden=256;tau_quantile=0.05;weight_decay=5e-05,64,cosine,max,2e-05,4,128,256,0.05,5e-05,47.29,97.78,0.05009,0.00391,4.0,0.7,0,gat,1,,,,,,,
glue|bert-base-uncased|rte_wide|C|t4|s42|tune,glue,bert-base-uncased,rte_wide,rte,C,tune,4,42,acc,curvature=4.0;gat_hidden_dim=256;gnn_input_clip=0.3;gnn_input_scale=1;graph_metric=cosine;hyp_gnn_type=gat;hyperbolic_gnn=1;jk_mode=max;lr=0.001;num_layers=4;proj_dim=256;scorer_hidden=256;tau_quantile=0.025;weight_decay=0.0,256,cosine,max,0.001,4,256,256,0.025,0.0,56.32,100.03,0.0255,0.0,4.0,0.3,1,gat,1,,,,,,,
glue|bert-base-uncased|rte_wide|C|t5|s42|tune,glue,bert-base-uncased,rte_wide,rte,C,tune,5,42,acc,curvature=1.0;gat_hidden_dim=256;gnn_input_clip=0.3;gnn_input_scale=0;graph_metric=cosine;hyp_gnn_type=gcn;hyperbolic_gnn=1;jk_mode=max;lr=0.001;num_layers=2;proj_dim=128;scorer_hidden=256;tau_quantile=0.38;weight_decay=0.0,256,cosine,max,0.001,2,128,256,0.38,0.0,53.43,93.39,0.37829,0.0,1.0,0.3,0,gcn,1,,,,,,,
glue|bert-base-uncased|rte_wide|C|t6|s42|tune,glue,bert-base-uncased,rte_wide,rte,C,tune,6,42,acc,curvature=4.0;gat_hidden_dim=64;gnn_input_clip=0.3;gnn_input_scale=0;graph_metric=cosine;hyp_gnn_type=gcn;hyperbolic_gnn=1;jk_mode=cat;lr=0.0002;num_layers=4;proj_dim=512;scorer_hidden=128;tau_quantile=0.38;weight_decay=0.0,64,cosine,cat,0.0002,4,512,128,0.38,0.0,55.23,102.09,0.37827,0.0,4.0,0.3,0,gcn,1,,,,,,,
glue|bert-base-uncased|rte_wide|C|t7|s42|tune,glue,bert-base-uncased,rte_wide,rte,C,tune,7,42,acc,curvature=1.0;gat_hidden_dim=256;gnn_input_clip=0.0;gnn_input_scale=0;graph_metric=cosine;hyp_gnn_type=gcn;hyperbolic_gnn=1;jk_mode=max;lr=0.001;num_layers=2;proj_dim=512;scorer_hidden=128;tau_quantile=0.05;weight_decay=0.0,256,cosine,max,0.001,2,512,128,0.05,0.0,56.32,90.62,0.05053,0.0,1.0,0.0,0,gcn,1,,,,,,,
glue|bert-base-uncased|rte_wide|C|t8|s42|tune,glue,bert-base-uncased,rte_wide,rte,C,tune,8,42,acc,curvature=4.0;gat_hidden_dim=64;gnn_input_clip=1.0;gnn_input_scale=0;graph_metric=cosine;hyp_gnn_type=gcn;hyperbolic_gnn=1;jk_mode=max;lr=0.0002;num_layers=4;proj_dim=512;scorer_hidden=128;tau_quantile=0.025;weight_decay=0.0,64,cosine,max,0.0002,4,512,128,0.025,0.0,53.43,100.92,0.02519,0.00391,4.0,1.0,0,gcn,1,,,,,,,
glue|bert-base-uncased|rte_wide|C|t9|s42|tune,glue,bert-base-uncased,rte_wide,rte,C,tune,9,42,acc,curvature=4.0;gat_hidden_dim=64;gnn_input_clip=0.7;gnn_input_scale=1;graph_metric=cosine;hyp_gnn_type=gat;hyperbolic_gnn=1;jk_mode=cat;lr=0.0002;num_layers=2;proj_dim=512;scorer_hidden=128;tau_quantile=0.2;weight_decay=0.0,64,cosine,cat,0.0002,2,512,128,0.2,0.0,52.35,91.53,0.19856,0.0,4.0,0.7,1,gat,1,,,,,,,
glue|bert-base-uncased|rte_wide|C|t10|s42|tune,glue,bert-base-uncased,rte_wide,rte,C,tune,10,42,acc,curvature=1.0;gat_hidden_dim=256;gnn_input_clip=0.7;gnn_input_scale=1;graph_metric=cosine;hyp_gnn_type=gat;hyperbolic_gnn=1;jk_mode=max;lr=0.0002;num_layers=4;proj_dim=512;scorer_hidden=128;tau_quantile=0.2;weight_decay=5e-05,256,cosine,max,0.0002,4,512,128,0.2,5e-05,56.68,98.81,0.19887,0.0,1.0,0.7,1,gat,1,,,,,,,
glue|bert-base-uncased|rte_wide|C|t11|s42|tune,glue,bert-base-uncased,rte_wide,rte,C,tune,11,42,acc,curvature=0.25;gat_hidden_dim=64;gnn_input_clip=0.0;gnn_input_scale=1;graph_metric=cosine;hyp_gnn_type=gat;hyperbolic_gnn=1;jk_mode=max;lr=2e-05;num_layers=4;proj_dim=256;scorer_hidden=128;tau_quantile=0.2;weight_decay=1e-05,64,cosine,max,2e-05,4,256,128,0.2,1e-05,47.29,98.09,0.19863,0.0,0.25,0.0,1,gat,1,,,,,,,
glue|bert-base-uncased|rte_wide|C|t12|s42|tune,glue,bert-base-uncased,rte_wide,rte,C,tune,12,42,acc,curvature=4.0;gat_hidden_dim=256;gnn_input_clip=0.3;gnn_input_scale=0;graph_metric=cosine;hyp_gnn_type=gcn;hyperbolic_gnn=1;jk_mode=max;lr=0.0002;num_layers=2;proj_dim=128;scorer_hidden=128;tau_quantile=0.025;weight_decay=1e-05,256,cosine,max,0.0002,2,128,128,0.025,1e-05,56.68,91.07,0.02491,0.01172,4.0,0.3,0,gcn,1,,,,,,,
glue|bert-base-uncased|rte_wide|C|t13|s42|tune,glue,bert-base-uncased,rte_wide,rte,C,tune,13,42,acc,curvature=4.0;gat_hidden_dim=64;gnn_input_clip=0.3;gnn_input_scale=1;graph_metric=cosine;hyp_gnn_type=gcn;hyperbolic_gnn=1;jk_mode=max;lr=2e-05;num_layers=4;proj_dim=256;scorer_hidden=256;tau_quantile=0.38;weight_decay=1e-05,64,cosine,max,2e-05,4,256,256,0.38,1e-05,52.71,101.14,0.3787,0.0,4.0,0.3,1,gcn,1,,,,,,,
glue|bert-base-uncased|rte_wide|C|t14|s42|tune,glue,bert-base-uncased,rte_wide,rte,C,tune,14,42,acc,curvature=0.25;gat_hidden_dim=64;gnn_input_clip=0.0;gnn_input_scale=1;graph_metric=cosine;hyp_gnn_type=gat;hyperbolic_gnn=1;jk_mode=cat;lr=0.0002;num_layers=2;proj_dim=256;scorer_hidden=256;tau_quantile=0.2;weight_decay=5e-05,64,cosine,cat,0.0002,2,256,256,0.2,5e-05,52.35,89.96,0.19856,0.0,0.25,0.0,1,gat,1,,,,,,,
glue|bert-base-uncased|rte_wide|C|t15|s42|tune,glue,bert-base-uncased,rte_wide,rte,C,tune,15,42,acc,curvature=4.0;gat_hidden_dim=128;gnn_input_clip=0.0;gnn_input_scale=1;graph_metric=cosine;hyp_gnn_type=gcn;hyperbolic_gnn=1;jk_mode=cat;lr=0.001;num_layers=4;proj_dim=128;scorer_hidden=256;tau_quantile=0.025;weight_decay=0.0,128,cosine,cat,0.001,4,128,256,0.025,0.0,57.76,100.74,0.02534,0.0,4.0,0.0,1,gcn,1,,,,,,,
glue|bert-base-uncased|rte_wide|C|t16|s42|tune,glue,bert-base-uncased,rte_wide,rte,C,tune,16,42,acc,curvature=0.25;gat_hidden_dim=256;gnn_input_clip=0.0;gnn_input_scale=0;graph_metric=cosine;hyp_gnn_type=gcn;hyperbolic_gnn=1;jk_mode=max;lr=0.001;num_layers=4;proj_dim=512;scorer_hidden=256;tau_quantile=0.1;weight_decay=0.0,256,cosine,max,0.001,4,512,256,0.1,0.0,56.32,99.92,0.09946,0.0,0.25,0.0,0,gcn,1,,,,,,,
glue|bert-base-uncased|rte_wide|C|t17|s42|tune,glue,bert-base-uncased,rte_wide,rte,C,tune,17,42,acc,curvature=4.0;gat_hidden_dim=64;gnn_input_clip=1.0;gnn_input_scale=0;graph_metric=cosine;hyp_gnn_type=gcn;hyperbolic_gnn=1;jk_mode=max;lr=0.0002;num_layers=4;proj_dim=512;scorer_hidden=256;tau_quantile=0.2;weight_decay=0.0,64,cosine,max,0.0002,4,512,256,0.2,0.0,53.43,102.91,0.19898,0.0,4.0,1.0,0,gcn,1,,,,,,,
glue|bert-base-uncased|rte_wide|C|t18|s42|tune,glue,bert-base-uncased,rte_wide,rte,C,tune,18,42,acc,curvature=0.25;gat_hidden_dim=256;gnn_input_clip=0.3;gnn_input_scale=0;graph_metric=cosine;hyp_gnn_type=gat;hyperbolic_gnn=1;jk_mode=max;lr=2e-05;num_layers=4;proj_dim=256;scorer_hidden=256;tau_quantile=0.2;weight_decay=0.0,256,cosine,max,2e-05,4,256,256,0.2,0.0,52.71,98.13,0.19887,0.0,0.25,0.3,0,gat,1,,,,,,,
glue|bert-base-uncased|rte_wide|C|t19|s42|tune,glue,bert-base-uncased,rte_wide,rte,C,tune,19,42,acc,curvature=4.0;gat_hidden_dim=128;gnn_input_clip=0.0;gnn_input_scale=1;graph_metric=cosine;hyp_gnn_type=gcn;hyperbolic_gnn=1;jk_mode=max;lr=0.0002;num_layers=2;proj_dim=256;scorer_hidden=256;tau_quantile=0.38;weight_decay=5e-05,128,cosine,max,0.0002,2,256,256,0.38,5e-05,55.23,90.64,0.37803,0.0,4.0,0.0,1,gcn,1,,,,,,,
glue|bert-base-uncased|rte_wide|C|t20|s42|tune,glue,bert-base-uncased,rte_wide,rte,C,tune,20,42,acc,curvature=1.0;gat_hidden_dim=64;gnn_input_clip=1.0;gnn_input_scale=1;graph_metric=cosine;hyp_gnn_type=gat;hyperbolic_gnn=1;jk_mode=max;lr=2e-05;num_layers=2;proj_dim=256;scorer_hidden=256;tau_quantile=0.38;weight_decay=0.0,64,cosine,max,2e-05,2,256,256,0.38,0.0,50.9,90.44,0.37885,0.0,1.0,1.0,1,gat,1,,,,,,,
glue|bert-base-uncased|rte_wide|C|t21|s42|tune,glue,bert-base-uncased,rte_wide,rte,C,tune,21,42,acc,curvature=4.0;gat_hidden_dim=128;gnn_input_clip=1.0;gnn_input_scale=0;graph_metric=cosine;hyp_gnn_type=gat;hyperbolic_gnn=1;jk_mode=cat;lr=0.001;num_layers=4;proj_dim=512;scorer_hidden=128;tau_quantile=0.38;weight_decay=0.0,128,cosine,cat,0.001,4,512,128,0.38,0.0,54.51,96.65,0.37841,0.0,4.0,1.0,0,gat,1,,,,,,,
glue|bert-base-uncased|rte_wide|C|t22|s42|tune,glue,bert-base-uncased,rte_wide,rte,C,tune,22,42,acc,curvature=1.0;gat_hidden_dim=256;gnn_input_clip=0.0;gnn_input_scale=1;graph_metric=cosine;hyp_gnn_type=gat;hyperbolic_gnn=1;jk_mode=max;lr=0.0002;num_layers=4;proj_dim=128;scorer_hidden=256;tau_quantile=0.2;weight_decay=1e-05,256,cosine,max,0.0002,4,128,256,0.2,1e-05,58.48,98.36,0.19887,0.0,1.0,0.0,1,gat,1,,,,,,,
glue|bert-base-uncased|rte_wide|C|t23|s42|tune,glue,bert-base-uncased,rte_wide,rte,C,tune,23,42,acc,curvature=4.0;gat_hidden_dim=256;gnn_input_clip=0.3;gnn_input_scale=0;graph_metric=cosine;hyp_gnn_type=gat;hyperbolic_gnn=1;jk_mode=max;lr=2e-05;num_layers=4;proj_dim=256;scorer_hidden=256;tau_quantile=0.2;weight_decay=1e-05,256,cosine,max,2e-05,4,256,256,0.2,1e-05,52.71,98.23,0.19887,0.0,4.0,0.3,0,gat,1,,,,,,,
glue|bert-base-uncased|rte_wide|C|t24|s42|tune,glue,bert-base-uncased,rte_wide,rte,C,tune,24,42,acc,curvature=1.0;gat_hidden_dim=256;gnn_input_clip=1.0;gnn_input_scale=1;graph_metric=cosine;hyp_gnn_type=gcn;hyperbolic_gnn=1;jk_mode=max;lr=0.0002;num_layers=4;proj_dim=512;scorer_hidden=256;tau_quantile=0.1;weight_decay=0.0,256,cosine,max,0.0002,4,512,256,0.1,0.0,54.51,101.94,0.09946,0.0,1.0,1.0,1,gcn,1,,,,,,,
glue|bert-base-uncased|rte_wide|C|t25|s42|tune,glue,bert-base-uncased,rte_wide,rte,C,tune,25,42,acc,curvature=0.25;gat_hidden_dim=64;gnn_input_clip=0.7;gnn_input_scale=1;graph_metric=cosine;hyp_gnn_type=gcn;hyperbolic_gnn=1;jk_mode=max;lr=0.001;num_layers=4;proj_dim=512;scorer_hidden=128;tau_quantile=0.1;weight_decay=0.0,64,cosine,max,0.001,4,512,128,0.1,0.0,52.71,102.2,0.0996,0.0,0.25,0.7,1,gcn,1,,,,,,,
glue|bert-base-uncased|rte_wide|C|t26|s42|tune,glue,bert-base-uncased,rte_wide,rte,C,tune,26,42,acc,curvature=0.25;gat_hidden_dim=128;gnn_input_clip=0.3;gnn_input_scale=1;graph_metric=cosine;hyp_gnn_type=gat;hyperbolic_gnn=1;jk_mode=max;lr=0.001;num_layers=2;proj_dim=256;scorer_hidden=128;tau_quantile=0.025;weight_decay=1e-05,128,cosine,max,0.001,2,256,128,0.025,1e-05,53.43,89.04,0.02521,0.0,0.25,0.3,1,gat,1,,,,,,,
glue|bert-base-uncased|rte_wide|C|t27|s42|tune,glue,bert-base-uncased,rte_wide,rte,C,tune,27,42,acc,curvature=4.0;gat_hidden_dim=128;gnn_input_clip=0.3;gnn_input_scale=0;graph_metric=cosine;hyp_gnn_type=gcn;hyperbolic_gnn=1;jk_mode=max;lr=0.0002;num_layers=2;proj_dim=512;scorer_hidden=128;tau_quantile=0.1;weight_decay=0.0,128,cosine,max,0.0002,2,512,128,0.1,0.0,57.4,90.79,0.10013,0.0,4.0,0.3,0,gcn,1,,,,,,,
glue|bert-base-uncased|rte_wide|C|t28|s42|tune,glue,bert-base-uncased,rte_wide,rte,C,tune,28,42,acc,curvature=1.0;gat_hidden_dim=128;gnn_input_clip=1.0;gnn_input_scale=1;graph_metric=cosine;hyp_gnn_type=gat;hyperbolic_gnn=1;jk_mode=cat;lr=0.001;num_layers=4;proj_dim=512;scorer_hidden=256;tau_quantile=0.38;weight_decay=1e-05,128,cosine,cat,0.001,4,512,256,0.38,1e-05,54.15,98.45,0.37841,0.0,1.0,1.0,1,gat,1,,,,,,,
glue|bert-base-uncased|rte_wide|C|t29|s42|tune,glue,bert-base-uncased,rte_wide,rte,C,tune,29,42,acc,curvature=1.0;gat_hidden_dim=64;gnn_input_clip=0.0;gnn_input_scale=0;graph_metric=cosine;hyp_gnn_type=gcn;hyperbolic_gnn=1;jk_mode=max;lr=2e-05;num_layers=4;proj_dim=256;scorer_hidden=256;tau_quantile=0.025;weight_decay=0.0,64,cosine,max,2e-05,4,256,256,0.025,0.0,52.71,99.86,0.02519,0.00391,1.0,0.0,0,gcn,1,,,,,,,
glue|bert-base-uncased|rte_wide|C|t30|s42|tune,glue,bert-base-uncased,rte_wide,rte,C,tune,30,42,acc,curvature=1.0;gat_hidden_dim=64;gnn_input_clip=0.7;gnn_input_scale=0;graph_metric=cosine;hyp_gnn_type=gcn;hyperbolic_gnn=1;jk_mode=cat;lr=0.0002;num_layers=2;proj_dim=256;scorer_hidden=128;tau_quantile=0.025;weight_decay=0.0,64,cosine,cat,0.0002,2,256,128,0.025,0.0,57.4,89.98,0.02561,0.00391,1.0,0.7,0,gcn,1,,,,,,,
glue|bert-base-uncased|rte_wide|C|t31|s42|tune,glue,bert-base-uncased,rte_wide,rte,C,tune,31,42,acc,curvature=1.0;gat_hidden_dim=64;gnn_input_clip=0.7;gnn_input_scale=0;graph_metric=cosine;hyp_gnn_type=gat;hyperbolic_gnn=1;jk_mode=cat;lr=0.0002;num_layers=2;proj_dim=256;scorer_hidden=128;tau_quantile=0.2;weight_decay=0.0,64,cosine,cat,0.0002,2,256,128,0.2,0.0,52.35,88.85,0.19856,0.0,1.0,0.7,0,gat,1,,,,,,,
glue|bert-base-uncased|rte_wide|C|t32|s42|tune,glue,bert-base-uncased,rte_wide,rte,C,tune,32,42,acc,curvature=0.25;gat_hidden_dim=128;gnn_input_clip=0.0;gnn_input_scale=0;graph_metric=cosine;hyp_gnn_type=gat;hyperbolic_gnn=1;jk_mode=max;lr=0.001;num_layers=2;proj_dim=256;scorer_hidden=128;tau_quantile=0.05;weight_decay=1e-05,128,cosine,max,0.001,2,256,128,0.05,1e-05,53.79,88.95,0.0502,0.0,0.25,0.0,0,gat,1,,,,,,,
glue|bert-base-uncased|rte_wide|C|t33|s42|tune,glue,bert-base-uncased,rte_wide,rte,C,tune,33,42,acc,curvature=0.25;gat_hidden_dim=64;gnn_input_clip=1.0;gnn_input_scale=0;graph_metric=cosine;hyp_gnn_type=gat;hyperbolic_gnn=1;jk_mode=max;lr=0.0002;num_layers=2;proj_dim=512;scorer_hidden=256;tau_quantile=0.38;weight_decay=1e-05,64,cosine,max,0.0002,2,512,256,0.38,1e-05,52.71,89.04,0.37885,0.0,0.25,1.0,0,gat,1,,,,,,,
glue|bert-base-uncased|rte_wide|C|t34|s42|tune,glue,bert-base-uncased,rte_wide,rte,C,tune,34,42,acc,curvature=1.0;gat_hidden_dim=256;gnn_input_clip=0.7;gnn_input_scale=1;graph_metric=cosine;hyp_gnn_type=gat;hyperbolic_gnn=1;jk_mode=cat;lr=0.001;num_layers=2;proj_dim=128;scorer_hidden=256;tau_quantile=0.1;weight_decay=1e-05,256,cosine,cat,0.001,2,128,256,0.1,1e-05,55.23,89.37,0.10012,0.0,1.0,0.7,1,gat,1,,,,,,,
glue|bert-base-uncased|rte_wide|C|t35|s42|tune,glue,bert-base-uncased,rte_wide,rte,C,tune,35,42,acc,curvature=4.0;gat_hidden_dim=128;gnn_input_clip=0.3;gnn_input_scale=1;graph_metric=cosine;hyp_gnn_type=gcn;hyperbolic_gnn=1;jk_mode=max;lr=2e-05;num_layers=2;proj_dim=256;scorer_hidden=128;tau_quantile=0.025;weight_decay=0.0,128,cosine,max,2e-05,2,256,128,0.025,0.0,47.29,91.81,0.02564,0.0,4.0,0.3,1,gcn,1,,,,,,,
glue|bert-base-uncased|rte_wide|C|t36|s42|tune,glue,bert-base-uncased,rte_wide,rte,C,tune,36,42,acc,curvature=4.0;gat_hidden_dim=256;gnn_input_clip=0.0;gnn_input_scale=0;graph_metric=cosine;hyp_gnn_type=gcn;hyperbolic_gnn=1;jk_mode=cat;lr=0.0002;num_layers=2;proj_dim=128;scorer_hidden=128;tau_quantile=0.1;weight_decay=0.0,256,cosine,cat,0.0002,2,128,128,0.1,0.0,54.87,90.54,0.09919,0.0,4.0,0.0,0,gcn,1,,,,,,,
glue|bert-base-uncased|rte_wide|C|t37|s42|tune,glue,bert-base-uncased,rte_wide,rte,C,tune,37,42,acc,curvature=4.0;gat_hidden_dim=128;gnn_input_clip=0.0;gnn_input_scale=0;graph_metric=cosine;hyp_gnn_type=gcn;hyperbolic_gnn=1;jk_mode=cat;lr=0.0002;num_layers=4;proj_dim=256;scorer_hidden=256;tau_quantile=0.05;weight_decay=0.0,128,cosine,cat,0.0002,4,256,256,0.05,0.0,54.51,101.05,0.05012,0.0,4.0,0.0,0,gcn,1,,,,,,,
glue|bert-base-uncased|rte_wide|C|t38|s42|tune,glue,bert-base-uncased,rte_wide,rte,C,tune,38,42,acc,curvature=1.0;gat_hidden_dim=256;gnn_input_clip=0.0;gnn_input_scale=0;graph_metric=cosine;hyp_gnn_type=gcn;hyperbolic_gnn=1;jk_mode=max;lr=0.001;num_layers=4;proj_dim=256;scorer_hidden=128;tau_quantile=0.025;weight_decay=1e-05,256,cosine,max,0.001,4,256,128,0.025,1e-05,53.07,101.98,0.02469,0.01172,1.0,0.0,0,gcn,1,,,,,,,
glue|bert-base-uncased|rte_wide|C|t39|s42|tune,glue,bert-base-uncased,rte_wide,rte,C,tune,39,42,acc,curvature=0.25;gat_hidden_dim=128;gnn_input_clip=0.0;gnn_input_scale=0;graph_metric=cosine;hyp_gnn_type=gat;hyperbolic_gnn=1;jk_mode=max;lr=0.001;num_layers=4;proj_dim=256;scorer_hidden=128;tau_quantile=0.2;weight_decay=5e-05,128,cosine,max,0.001,4,256,128,0.2,5e-05,52.71,98.55,0.19889,0.0,0.25,0.0,0,gat,1,,,,,,,
glue|bert-base-uncased|rte_wide|ABC|t0|s42|tune,glue,bert-base-uncased,rte_wide,rte,ABC,tune,0,42,acc,curvature=1.0;feature_mode=center_unit;gat_hidden_dim=128;gnn_input_clip=1.0;gnn_input_scale=1;graph_curvature=4.0;graph_metric=poincare;hyp_gnn_type=gat;hyperbolic_gnn=1;hyperbolic_readout=1;jk_mode=max;learnable_curvature=0;lr=2e-05;num_layers=4;proj_dim=512;readout_clip=0.7;readout_scale=1;rho_quantile=0.05;scorer_hidden=128;weight_decay=1e-05,128,poincare,max,2e-05,4,512,128,,1e-05,47.29,116.13,0.04964,0.00391,1.0,1.0,1,gat,1,center_unit,4.0,1,0,0.7,1,0.05
glue|bert-base-uncased|rte_wide|ABC|t1|s42|tune,glue,bert-base-uncased,rte_wide,rte,ABC,tune,1,42,acc,curvature=1.0;feature_mode=unit;gat_hidden_dim=64;gnn_input_clip=1.0;gnn_input_scale=1;graph_curvature=0.25;graph_metric=poincare;hyp_gnn_type=gcn;hyperbolic_gnn=1;hyperbolic_readout=1;jk_mode=cat;learnable_curvature=1;lr=0.0002;num_layers=2;proj_dim=128;readout_clip=0.7;readout_scale=1;rho_quantile=0.1;scorer_hidden=128;weight_decay=5e-05,64,poincare,cat,0.0002,2,128,128,,5e-05,55.6,113.06,0.09979,0.0,1.0,1.0,1,gcn,1,unit,0.25,1,1,0.7,1,0.1
glue|bert-base-uncased|rte_wide|ABC|t2|s42|tune,glue,bert-base-uncased,rte_wide,rte,ABC,tune,2,42,acc,curvature=4.0;feature_mode=center;gat_hidden_dim=64;gnn_input_clip=0.7;gnn_input_scale=1;graph_curvature=4.0;graph_metric=poincare;hyp_gnn_type=gat;hyperbolic_gnn=1;hyperbolic_readout=1;jk_mode=cat;learnable_curvature=1;lr=2e-05;num_layers=2;proj_dim=128;readout_clip=0.7;readout_scale=0;rho_quantile=0.2;scorer_hidden=128;weight_decay=5e-05,64,poincare,cat,2e-05,2,128,128,,5e-05,48.38,109.39,0.19763,0.0,4.0,0.7,1,gat,1,center,4.0,1,1,0.7,0,0.2
glue|bert-base-uncased|rte_wide|ABC|t3|s42|tune,glue,bert-base-uncased,rte_wide,rte,ABC,tune,3,42,acc,curvature=0.25;feature_mode=center;gat_hidden_dim=64;gnn_input_clip=0.7;gnn_input_scale=1;graph_curvature=0.25;graph_metric=poincare;hyp_gnn_type=gat;hyperbolic_gnn=1;hyperbolic_readout=1;jk_mode=max;learnable_curvature=0;lr=0.0002;num_layers=2;proj_dim=128;readout_clip=1.0;readout_scale=0;rho_quantile=0.1;scorer_hidden=128;weight_decay=0.0,64,poincare,max,0.0002,2,128,128,,0.0,53.07,106.13,0.09912,0.0,0.25,0.7,1,gat,1,center,0.25,1,0,1.0,0,0.1
glue|bert-base-uncased|rte_wide|ABC|t4|s42|tune,glue,bert-base-uncased,rte_wide,rte,ABC,tune,4,42,acc,curvature=1.0;feature_mode=center_unit;gat_hidden_dim=128;gnn_input_clip=0.3;gnn_input_scale=1;graph_curvature=2.25;graph_metric=poincare;hyp_gnn_type=gcn;hyperbolic_gnn=1;hyperbolic_readout=1;jk_mode=cat;learnable_curvature=0;lr=0.001;num_layers=4;proj_dim=256;readout_clip=0.0;readout_scale=0;rho_quantile=0.05;scorer_hidden=128;weight_decay=0.0,128,poincare,cat,0.001,4,256,128,,0.0,57.76,119.02,0.04984,0.0,1.0,0.3,1,gcn,1,center_unit,2.25,1,0,0.0,0,0.05
glue|bert-base-uncased|rte_wide|ABC|t5|s42|tune,glue,bert-base-uncased,rte_wide,rte,ABC,tune,5,42,acc,curvature=4.0;feature_mode=cls_root_unit;gat_hidden_dim=128;gnn_input_clip=0.7;gnn_input_scale=1;graph_curvature=4.0;graph_metric=poincare;hyp_gnn_type=gat;hyperbolic_gnn=1;hyperbolic_readout=1;jk_mode=max;learnable_curvature=0;lr=0.001;num_layers=4;proj_dim=128;readout_clip=0.7;readout_scale=0;rho_quantile=0.025;scorer_hidden=128;weight_decay=5e-05,128,poincare,max,0.001,4,128,128,,5e-05,54.87,117.67,0.0249,0.00781,4.0,0.7,1,gat,1,cls_root_unit,4.0,1,0,0.7,0,0.025
glue|bert-base-uncased|rte_wide|ABC|t6|s42|tune,glue,bert-base-uncased,rte_wide,rte,ABC,tune,6,42,acc,curvature=4.0;feature_mode=center;gat_hidden_dim=128;gnn_input_clip=0.0;gnn_input_scale=1;graph_curvature=4.0;graph_metric=poincare;hyp_gnn_type=gat;hyperbolic_gnn=1;hyperbolic_readout=1;jk_mode=cat;learnable_curvature=1;lr=0.0002;num_layers=2;proj_dim=256;readout_clip=0.7;readout_scale=1;rho_quantile=0.05;scorer_hidden=128;weight_decay=5e-05,128,poincare,cat,0.0002,2,256,128,,5e-05,53.43,110.27,0.04942,0.00391,4.0,0.0,1,gat,1,center,4.0,1,1,0.7,1,0.05
glue|bert-base-uncased|rte_wide|ABC|t7|s42|tune,glue,bert-base-uncased,rte_wide,rte,ABC,tune,7,42,acc,curvature=0.25;feature_mode=unit;gat_hidden_dim=64;gnn_input_clip=1.0;gnn_input_scale=1;graph_curvature=0.25;graph_metric=poincare;hyp_gnn_type=gat;hyperbolic_gnn=1;hyperbolic_readout=1;jk_mode=max;learnable_curvature=1;lr=0.0002;num_layers=4;proj_dim=512;readout_clip=0.3;readout_scale=0;rho_quantile=0.38;scorer_hidden=256;weight_decay=1e-05,64,poincare,max,0.0002,4,512,256,,1e-05,55.23,121.02,0.37801,0.0,0.25,1.0,1,gat,1,unit,0.25,1,1,0.3,0,0.38
glue|bert-base-uncased|rte_wide|ABC|t8|s42|tune,glue,bert-base-uncased,rte_wide,rte,ABC,tune,8,42,acc,curvature=4.0;feature_mode=center_unit;gat_hidden_dim=128;gnn_input_clip=1.0;gnn_input_scale=1;graph_curvature=9.0;graph_metric=poincare;hyp_gnn_type=gat;hyperbolic_gnn=1;hyperbolic_readout=1;jk_mode=max;learnable_curvature=0;lr=2e-05;num_layers=4;proj_dim=512;readout_clip=1.0;readout_scale=1;rho_quantile=0.025;scorer_hidden=128;weight_decay=0.0,128,poincare,max,2e-05,4,512,128,,0.0,47.29,116.69,0.0249,0.00781,4.0,1.0,1,gat,1,center_unit,9.0,1,0,1.0,1,0.025
glue|bert-base-uncased|rte_wide|ABC|t9|s42|tune,glue,bert-base-uncased,rte_wide,rte,ABC,tune,9,42,acc,curvature=4.0;feature_mode=cls_root_unit;gat_hidden_dim=64;gnn_input_clip=1.0;gnn_input_scale=1;graph_curvature=4.0;graph_metric=poincare;hyp_gnn_type=gcn;hyperbolic_gnn=1;hyperbolic_readout=1;jk_mode=cat;learnable_curvature=0;lr=0.001;num_layers=2;proj_dim=256;readout_clip=0.7;readout_scale=0;rho_quantile=0.38;scorer_hidden=128;weight_decay=0.0,64,poincare,cat,0.001,2,256,128,,0.0,54.15,107.83,0.37816,0.0,4.0,1.0,1,gcn,1,cls_root_unit,4.0,1,0,0.7,0,0.38
glue|bert-base-uncased|rte_wide|ABC|t10|s42|tune,glue,bert-base-uncased,rte_wide,rte,ABC,tune,10,42,acc,curvature=4.0;feature_mode=center;gat_hidden_dim=256;gnn_input_clip=1.0;gnn_input_scale=1;graph_curvature=2.25;graph_metric=poincare;hyp_gnn_type=gcn;hyperbolic_gnn=1;hyperbolic_readout=1;jk_mode=max;learnable_curvature=1;lr=2e-05;num_layers=2;proj_dim=128;readout_clip=0.7;readout_scale=0;rho_quantile=0.1;scorer_hidden=256;weight_decay=1e-05,256,poincare,max,2e-05,2,128,256,,1e-05,47.29,130.45,0.09877,0.0,4.0,1.0,1,gcn,1,center,2.25,1,1,0.7,0,0.1
glue|bert-base-uncased|rte_wide|ABC|t11|s42|tune,glue,bert-base-uncased,rte_wide,rte,ABC,tune,11,42,acc,curvature=0.25;feature_mode=center_unit;gat_hidden_dim=128;gnn_input_clip=0.3;gnn_input_scale=0;graph_curvature=4.0;graph_metric=poincare;hyp_gnn_type=gcn;hyperbolic_gnn=1;hyperbolic_readout=1;jk_mode=cat;learnable_curvature=1;lr=0.0002;num_layers=2;proj_dim=128;readout_clip=0.0;readout_scale=0;rho_quantile=0.05;scorer_hidden=256;weight_decay=5e-05,128,poincare,cat,0.0002,2,128,256,,5e-05,52.71,168.39,0.04976,0.00391,0.25,0.3,0,gcn,1,center_unit,4.0,1,1,0.0,0,0.05
glue|bert-base-uncased|rte_wide|ABC|t12|s42|tune,glue,bert-base-uncased,rte_wide,rte,ABC,tune,12,42,acc,curvature=4.0;feature_mode=cls_root_unit;gat_hidden_dim=256;gnn_input_clip=0.7;gnn_input_scale=0;graph_curvature=1.0;graph_metric=poincare;hyp_gnn_type=gcn;hyperbolic_gnn=1;hyperbolic_readout=1;jk_mode=max;learnable_curvature=1;lr=2e-05;num_layers=4;proj_dim=256;readout_clip=0.3;readout_scale=0;rho_quantile=0.38;scorer_hidden=256;weight_decay=1e-05,256,poincare,max,2e-05,4,256,256,,1e-05,47.29,157.41,0.37846,0.0,4.0,0.7,0,gcn,1,cls_root_unit,1.0,1,1,0.3,0,0.38
glue|bert-base-uncased|rte_wide|ABC|t13|s42|tune,glue,bert-base-uncased,rte_wide,rte,ABC,tune,13,42,acc,curvature=0.25;feature_mode=center_unit;gat_hidden_dim=128;gnn_input_clip=0.0;gnn_input_scale=0;graph_curvature=0.25;graph_metric=poincare;hyp_gnn_type=gat;hyperbolic_gnn=1;hyperbolic_readout=1;jk_mode=max;learnable_curvature=0;lr=0.0002;num_layers=4;proj_dim=512;readout_clip=0.0;readout_scale=0;rho_quantile=0.1;scorer_hidden=256;weight_decay=0.0,128,poincare,max,0.0002,4,512,256,,0.0,55.96,126.08,0.09951,0.0,0.25,0.0,0,gat,1,center_unit,0.25,1,0,0.0,0,0.1
glue|bert-base-uncased|rte_wide|ABC|t14|s42|tune,glue,bert-base-uncased,rte_wide,rte,ABC,tune,14,42,acc,curvature=1.0;feature_mode=center_unit;gat_hidden_dim=128;gnn_input_clip=0.3;gnn_input_scale=0;graph_curvature=1.0;graph_metric=poincare;hyp_gnn_type=gcn;hyperbolic_gnn=1;hyperbolic_readout=1;jk_mode=cat;learnable_curvature=1;lr=0.0002;num_layers=2;proj_dim=512;readout_clip=0.7;readout_scale=0;rho_quantile=0.1;scorer_hidden=128;weight_decay=5e-05,128,poincare,cat,0.0002,2,512,128,,5e-05,55.23,119.71,0.09977,0.0,1.0,0.3,0,gcn,1,center_unit,1.0,1,1,0.7,0,0.1
glue|bert-base-uncased|rte_wide|ABC|t15|s42|tune,glue,bert-base-uncased,rte_wide,rte,ABC,tune,15,42,acc,curvature=1.0;feature_mode=center_unit;gat_hidden_dim=64;gnn_input_clip=0.3;gnn_input_scale=0;graph_curvature=1.0;graph_metric=poincare;hyp_gnn_type=gcn;hyperbolic_gnn=1;hyperbolic_readout=1;jk_mode=cat;learnable_curvature=1;lr=0.0002;num_layers=2;proj_dim=256;readout_clip=0.7;readout_scale=1;rho_quantile=0.38;scorer_hidden=256;weight_decay=1e-05,64,poincare,cat,0.0002,2,256,256,,1e-05,55.23,122.78,0.37817,0.0,1.0,0.3,0,gcn,1,center_unit,1.0,1,1,0.7,1,0.38
glue|bert-base-uncased|rte_wide|ABC|t16|s42|tune,glue,bert-base-uncased,rte_wide,rte,ABC,tune,16,42,acc,curvature=1.0;feature_mode=cls_root_unit;gat_hidden_dim=128;gnn_input_clip=1.0;gnn_input_scale=0;graph_curvature=1.0;graph_metric=poincare;hyp_gnn_type=gat;hyperbolic_gnn=1;hyperbolic_readout=1;jk_mode=max;learnable_curvature=1;lr=0.001;num_layers=4;proj_dim=256;readout_clip=1.0;readout_scale=1;rho_quantile=0.1;scorer_hidden=256;weight_decay=5e-05,128,poincare,max,0.001,4,256,256,,5e-05,56.32,128.25,0.09951,0.0,1.0,1.0,0,gat,1,cls_root_unit,1.0,1,1,1.0,1,0.1
glue|bert-base-uncased|rte_wide|ABC|t17|s42|tune,glue,bert-base-uncased,rte_wide,rte,ABC,tune,17,42,acc,curvature=1.0;feature_mode=cls_root_unit;gat_hidden_dim=64;gnn_input_clip=0.7;gnn_input_scale=1;graph_curvature=4.0;graph_metric=poincare;hyp_gnn_type=gcn;hyperbolic_gnn=1;hyperbolic_readout=1;jk_mode=cat;learnable_curvature=1;lr=0.0002;num_layers=2;proj_dim=512;readout_clip=1.0;readout_scale=1;rho_quantile=0.1;scorer_hidden=128;weight_decay=1e-05,64,poincare,cat,0.0002,2,512,128,,1e-05,55.23,120.35,0.09979,0.0,1.0,0.7,1,gcn,1,cls_root_unit,4.0,1,1,1.0,1,0.1
glue|bert-base-uncased|rte_wide|ABC|t18|s42|tune,glue,bert-base-uncased,rte_wide,rte,ABC,tune,18,42,acc,curvature=1.0;feature_mode=cls_root_unit;gat_hidden_dim=64;gnn_input_clip=0.7;gnn_input_scale=1;graph_curvature=0.25;graph_metric=poincare;hyp_gnn_type=gat;hyperbolic_gnn=1;hyperbolic_readout=1;jk_mode=cat;learnable_curvature=0;lr=0.0002;num_layers=2;proj_dim=128;readout_clip=0.0;readout_scale=0;rho_quantile=0.38;scorer_hidden=128;weight_decay=1e-05,64,poincare,cat,0.0002,2,128,128,,1e-05,55.23,116.56,0.37774,0.0,1.0,0.7,1,gat,1,cls_root_unit,0.25,1,0,0.0,0,0.38
glue|bert-base-uncased|rte_wide|ABC|t19|s42|tune,glue,bert-base-uncased,rte_wide,rte,ABC,tune,19,42,acc,curvature=4.0;feature_mode=center_unit;gat_hidden_dim=128;gnn_input_clip=0.7;gnn_input_scale=1;graph_curvature=1.0;graph_metric=poincare;hyp_gnn_type=gcn;hyperbolic_gnn=1;hyperbolic_readout=1;jk_mode=cat;learnable_curvature=0;lr=2e-05;num_layers=4;proj_dim=256;readout_clip=0.0;readout_scale=1;rho_quantile=0.05;scorer_hidden=128;weight_decay=1e-05,128,poincare,cat,2e-05,4,256,128,,1e-05,51.99,126.42,0.04984,0.0,4.0,0.7,1,gcn,1,center_unit,1.0,1,0,0.0,1,0.05
glue|bert-base-uncased|rte_wide|ABC|t20|s42|tune,glue,bert-base-uncased,rte_wide,rte,ABC,tune,20,42,acc,curvature=4.0;feature_mode=center;gat_hidden_dim=64;gnn_input_clip=0.0;gnn_input_scale=1;graph_curvature=0.25;graph_metric=poincare;hyp_gnn_type=gcn;hyperbolic_gnn=1;hyperbolic_readout=1;jk_mode=max;learnable_curvature=0;lr=2e-05;num_layers=2;proj_dim=128;readout_clip=1.0;readout_scale=1;rho_quantile=0.38;scorer_hidden=128;weight_decay=0.0,64,poincare,max,2e-05,2,128,128,,0.0,52.71,113.84,0.37608,0.0,4.0,0.0,1,gcn,1,center,0.25,1,0,1.0,1,0.38
glue|bert-base-uncased|rte_wide|ABC|t21|s42|tune,glue,bert-base-uncased,rte_wide,rte,ABC,tune,21,42,acc,curvature=4.0;feature_mode=unit;gat_hidden_dim=64;gnn_input_clip=0.3;gnn_input_scale=0;graph_curvature=0.25;graph_metric=poincare;hyp_gnn_type=gat;hyperbolic_gnn=1;hyperbolic_readout=1;jk_mode=max;learnable_curvature=1;lr=0.0002;num_layers=4;proj_dim=128;readout_clip=1.0;readout_scale=0;rho_quantile=0.2;scorer_hidden=128;weight_decay=1e-05,64,poincare,max,0.0002,4,128,128,,1e-05,53.43,130.4,0.19847,0.0,4.0,0.3,0,gat,1,unit,0.25,1,1,1.0,0,0.2
glue|bert-base-uncased|rte_wide|ABC|t22|s42|tune,glue,bert-base-uncased,rte_wide,rte,ABC,tune,22,42,acc,curvature=4.0;feature_mode=unit;gat_hidden_dim=128;gnn_input_clip=0.7;gnn_input_scale=0;graph_curvature=4.0;graph_metric=poincare;hyp_gnn_type=gat;hyperbolic_gnn=1;hyperbolic_readout=1;jk_mode=max;learnable_curvature=0;lr=0.001;num_layers=4;proj_dim=512;readout_clip=0.0;readout_scale=1;rho_quantile=0.025;scorer_hidden=256;weight_decay=0.0,128,poincare,max,0.001,4,512,256,,0.0,55.6,123.53,0.0249,0.00781,4.0,0.7,0,gat,1,unit,4.0,1,0,0.0,1,0.025
glue|bert-base-uncased|rte_wide|ABC|t23|s42|tune,glue,bert-base-uncased,rte_wide,rte,ABC,tune,23,42,acc,curvature=0.25;feature_mode=cls_root_unit;gat_hidden_dim=64;gnn_input_clip=0.0;gnn_input_scale=1;graph_curvature=4.0;graph_metric=poincare;hyp_gnn_type=gat;hyperbolic_gnn=1;hyperbolic_readout=1;jk_mode=cat;learnable_curvature=1;lr=2e-05;num_layers=2;proj_dim=256;readout_clip=1.0;readout_scale=0;rho_quantile=0.38;scorer_hidden=256;weight_decay=1e-05,64,poincare,cat,2e-05,2,256,256,,1e-05,47.29,118.07,0.37774,0.0,0.25,0.0,1,gat,1,cls_root_unit,4.0,1,1,1.0,0,0.38
glue|bert-base-uncased|rte_wide|ABC|t24|s42|tune,glue,bert-base-uncased,rte_wide,rte,ABC,tune,24,42,acc,curvature=1.0;feature_mode=cls_root_unit;gat_hidden_dim=64;gnn_input_clip=0.0;gnn_input_scale=1;graph_curvature=4.0;graph_metric=poincare;hyp_gnn_type=gcn;hyperbolic_gnn=1;hyperbolic_readout=1;jk_mode=max;learnable_curvature=1;lr=2e-05;num_layers=4;proj_dim=512;readout_clip=1.0;readout_scale=1;rho_quantile=0.1;scorer_hidden=256;weight_decay=1e-05,64,poincare,max,2e-05,4,512,256,,1e-05,52.71,133.52,0.09942,0.0,1.0,0.0,1,gcn,1,cls_root_unit,4.0,1,1,1.0,1,0.1
glue|bert-base-uncased|rte_wide|ABC|t25|s42|tune,glue,bert-base-uncased,rte_wide,rte,ABC,tune,25,42,acc,curvature=1.0;feature_mode=center;gat_hidden_dim=128;gnn_input_clip=0.7;gnn_input_scale=0;graph_curvature=0.25;graph_metric=poincare;hyp_gnn_type=gcn;hyperbolic_gnn=1;hyperbolic_readout=1;jk_mode=cat;learnable_curvature=1;lr=0.001;num_layers=4;proj_dim=256;readout_clip=0.3;readout_scale=0;rho_quantile=0.025;scorer_hidden=128;weight_decay=0.0,128,poincare,cat,0.001,4,256,128,,0.0,57.4,133.16,0.0251,0.0,1.0,0.7,0,gcn,1,center,0.25,1,1,0.3,0,0.025
glue|bert-base-uncased|rte_wide|ABC|t26|s42|tune,glue,bert-base-uncased,rte_wide,rte,ABC,tune,26,42,acc,curvature=1.0;feature_mode=unit;gat_hidden_dim=64;gnn_input_clip=0.7;gnn_input_scale=0;graph_curvature=2.25;graph_metric=poincare;hyp_gnn_type=gat;hyperbolic_gnn=1;hyperbolic_readout=1;jk_mode=cat;learnable_curvature=0;lr=0.0002;num_layers=4;proj_dim=128;readout_clip=0.3;readout_scale=0;rho_quantile=0.025;scorer_hidden=256;weight_decay=0.0,64,poincare,cat,0.0002,4,128,256,,0.0,53.79,123.02,0.02498,0.00391,1.0,0.7,0,gat,1,unit,2.25,1,0,0.3,0,0.025
glue|bert-base-uncased|rte_wide|ABC|t27|s42|tune,glue,bert-base-uncased,rte_wide,rte,ABC,tune,27,42,acc,curvature=0.25;feature_mode=center;gat_hidden_dim=128;gnn_input_clip=0.0;gnn_input_scale=1;graph_curvature=4.0;graph_metric=poincare;hyp_gnn_type=gat;hyperbolic_gnn=1;hyperbolic_readout=1;jk_mode=cat;learnable_curvature=0;lr=2e-05;num_layers=2;proj_dim=512;readout_clip=0.0;readout_scale=1;rho_quantile=0.38;scorer_hidden=128;weight_decay=5e-05,128,poincare,cat,2e-05,2,512,128,,5e-05,53.79,114.28,0.37617,0.0,0.25,0.0,1,gat,1,center,4.0,1,0,0.0,1,0.38
glue|bert-base-uncased|rte_wide|ABC|t28|s42|tune,glue,bert-base-uncased,rte_wide,rte,ABC,tune,28,42,acc,curvature=1.0;feature_mode=center_unit;gat_hidden_dim=256;gnn_input_clip=0.3;gnn_input_scale=1;graph_curvature=2.25;graph_metric=poincare;hyp_gnn_type=gat;hyperbolic_gnn=1;hyperbolic_readout=1;jk_mode=max;learnable_curvature=1;lr=0.0002;num_layers=4;proj_dim=256;readout_clip=0.3;readout_scale=1;rho_quantile=0.38;scorer_hidden=256;weight_decay=1e-05,256,poincare,max,0.0002,4,256,256,,1e-05,52.71,130.03,0.37805,0.0,1.0,0.3,1,gat,1,center_unit,2.25,1,1,0.3,1,0.38
glue|bert-base-uncased|rte_wide|ABC|t29|s42|tune,glue,bert-base-uncased,rte_wide,rte,ABC,tune,29,42,acc,curvature=4.0;feature_mode=center;gat_hidden_dim=128;gnn_input_clip=0.7;gnn_input_scale=0;graph_curvature=9.0;graph_metric=poincare;hyp_gnn_type=gcn;hyperbolic_gnn=1;hyperbolic_readout=1;jk_mode=cat;learnable_curvature=0;lr=0.0002;num_layers=2;proj_dim=256;readout_clip=0.3;readout_scale=1;rho_quantile=0.025;scorer_hidden=128;weight_decay=5e-05,128,poincare,cat,0.0002,2,256,128,,5e-05,53.07,116.48,0.02484,0.00781,4.0,0.7,0,gcn,1,center,9.0,1,0,0.3,1,0.025
glue|bert-base-uncased|rte_wide|ABC|t30|s42|tune,glue,bert-base-uncased,rte_wide,rte,ABC,tune,30,42,acc,curvature=1.0;feature_mode=cls_root_unit;gat_hidden_dim=256;gnn_input_clip=0.7;gnn_input_scale=1;graph_curvature=9.0;graph_metric=poincare;hyp_gnn_type=gcn;hyperbolic_gnn=1;hyperbolic_readout=1;jk_mode=max;learnable_curvature=0;lr=2e-05;num_layers=4;proj_dim=512;readout_clip=0.3;readout_scale=0;rho_quantile=0.1;scorer_hidden=256;weight_decay=1e-05,256,poincare,max,2e-05,4,512,256,,1e-05,47.29,125.96,0.0883,0.0,1.0,0.7,1,gcn,1,cls_root_unit,9.0,1,0,0.3,0,0.1
glue|bert-base-uncased|rte_wide|ABC|t31|s42|tune,glue,bert-base-uncased,rte_wide,rte,ABC,tune,31,42,acc,curvature=1.0;feature_mode=unit;gat_hidden_dim=256;gnn_input_clip=0.0;gnn_input_scale=1;graph_curvature=0.25;graph_metric=poincare;hyp_gnn_type=gcn;hyperbolic_gnn=1;hyperbolic_readout=1;jk_mode=max;learnable_curvature=1;lr=0.001;num_layers=4;proj_dim=128;readout_clip=0.3;readout_scale=1;rho_quantile=0.38;scorer_hidden=128;weight_decay=5e-05,256,poincare,max,0.001,4,128,128,,5e-05,61.37,134.04,0.37846,0.0,1.0,0.0,1,gcn,1,unit,0.25,1,1,0.3,1,0.38
glue|bert-base-uncased|rte_wide|ABC|t32|s42|tune,glue,bert-base-uncased,rte_wide,rte,ABC,tune,32,42,acc,curvature=1.0;feature_mode=unit;gat_hidden_dim=128;gnn_input_clip=0.3;gnn_input_scale=0;graph_curvature=2.25;graph_metric=poincare;hyp_gnn_type=gat;hyperbolic_gnn=1;hyperbolic_readout=1;jk_mode=cat;learnable_curvature=1;lr=2e-05;num_layers=4;proj_dim=256;readout_clip=1.0;readout_scale=0;rho_quantile=0.05;scorer_hidden=128;weight_decay=1e-05,128,poincare,cat,2e-05,4,256,128,,1e-05,47.65,128.81,0.05015,0.0,1.0,0.3,0,gat,1,unit,2.25,1,1,1.0,0,0.05
glue|bert-base-uncased|rte_wide|ABC|t33|s42|tune,glue,bert-base-uncased,rte_wide,rte,ABC,tune,33,42,acc,curvature=0.25;feature_mode=center_unit;gat_hidden_dim=128;gnn_input_clip=0.3;gnn_input_scale=0;graph_curvature=0.25;graph_metric=poincare;hyp_gnn_type=gcn;hyperbolic_gnn=1;hyperbolic_readout=1;jk_mode=max;learnable_curvature=0;lr=0.0002;num_layers=2;proj_dim=128;readout_clip=0.0;readout_scale=0;rho_quantile=0.38;scorer_hidden=128;weight_decay=0.0,128,poincare,max,0.0002,2,128,128,,0.0,53.43,115.23,0.37754,0.0,0.25,0.3,0,gcn,1,center_unit,0.25,1,0,0.0,0,0.38
glue|bert-base-uncased|rte_wide|ABC|t34|s42|tune,glue,bert-base-uncased,rte_wide,rte,ABC,tune,34,42,acc,curvature=1.0;feature_mode=cls_root_unit;gat_hidden_dim=64;gnn_input_clip=0.0;gnn_input_scale=0;graph_curvature=2.25;graph_metric=poincare;hyp_gnn_type=gat;hyperbolic_gnn=1;hyperbolic_readout=1;jk_mode=cat;learnable_curvature=0;lr=2e-05;num_layers=2;proj_dim=512;readout_clip=0.7;readout_scale=1;rho_quantile=0.025;scorer_hidden=128;weight_decay=5e-05,64,poincare,cat,2e-05,2,512,128,,5e-05,46.57,114.03,0.02511,0.0,1.0,0.0,0,gat,1,cls_root_unit,2.25,1,0,0.7,1,0.025
glue|bert-base-uncased|rte_wide|ABC|t35|s42|tune,glue,bert-base-uncased,rte_wide,rte,ABC,tune,35,42,acc,curvature=1.0;feature_mode=cls_root_unit;gat_hidden_dim=256;gnn_input_clip=0.7;gnn_input_scale=0;graph_curvature=2.25;graph_metric=poincare;hyp_gnn_type=gcn;hyperbolic_gnn=1;hyperbolic_readout=1;jk_mode=cat;learnable_curvature=0;lr=0.0002;num_layers=2;proj_dim=512;readout_clip=0.7;readout_scale=1;rho_quantile=0.38;scorer_hidden=256;weight_decay=1e-05,256,poincare,cat,0.0002,2,512,256,,1e-05,55.6,116.17,0.37839,0.0,1.0,0.7,0,gcn,1,cls_root_unit,2.25,1,0,0.7,1,0.38
glue|bert-base-uncased|rte_wide|ABC|t36|s42|tune,glue,bert-base-uncased,rte_wide,rte,ABC,tune,36,42,acc,curvature=1.0;feature_mode=center;gat_hidden_dim=256;gnn_input_clip=0.3;gnn_input_scale=1;graph_curvature=0.25;graph_metric=poincare;hyp_gnn_type=gat;hyperbolic_gnn=1;hyperbolic_readout=1;jk_mode=max;learnable_curvature=0;lr=0.0002;num_layers=4;proj_dim=256;readout_clip=0.3;readout_scale=1;rho_quantile=0.2;scorer_hidden=256;weight_decay=5e-05,256,poincare,max,0.0002,4,256,256,,5e-05,52.71,124.51,0.19752,0.0,1.0,0.3,1,gat,1,center,0.25,1,0,0.3,1,0.2
glue|bert-base-uncased|rte_wide|ABC|t37|s42|tune,glue,bert-base-uncased,rte_wide,rte,ABC,tune,37,42,acc,curvature=0.25;feature_mode=center;gat_hidden_dim=256;gnn_input_clip=0.3;gnn_input_scale=0;graph_curvature=2.25;graph_metric=poincare;hyp_gnn_type=gcn;hyperbolic_gnn=1;hyperbolic_readout=1;jk_mode=cat;learnable_curvature=1;lr=0.0002;num_layers=2;proj_dim=512;readout_clip=0.7;readout_scale=1;rho_quantile=0.2;scorer_hidden=128;weight_decay=5e-05,256,poincare,cat,0.0002,2,512,128,,5e-05,55.23,120.03,0.19752,0.0,0.25,0.3,0,gcn,1,center,2.25,1,1,0.7,1,0.2
glue|bert-base-uncased|rte_wide|ABC|t38|s42|tune,glue,bert-base-uncased,rte_wide,rte,ABC,tune,38,42,acc,curvature=1.0;feature_mode=center;gat_hidden_dim=128;gnn_input_clip=0.7;gnn_input_scale=1;graph_curvature=1.0;graph_metric=poincare;hyp_gnn_type=gat;hyperbolic_gnn=1;hyperbolic_readout=1;jk_mode=cat;learnable_curvature=0;lr=2e-05;num_layers=4;proj_dim=512;readout_clip=0.3;readout_scale=0;rho_quantile=0.1;scorer_hidden=128;weight_decay=0.0,128,poincare,cat,2e-05,4,512,128,,0.0,47.29,124.8,0.0996,0.0,1.0,0.7,1,gat,1,center,1.0,1,0,0.3,0,0.1
glue|bert-base-uncased|rte_wide|ABC|t39|s42|tune,glue,bert-base-uncased,rte_wide,rte,ABC,tune,39,42,acc,curvature=4.0;feature_mode=center_unit;gat_hidden_dim=128;gnn_input_clip=0.0;gnn_input_scale=1;graph_curvature=0.25;graph_metric=poincare;hyp_gnn_type=gcn;hyperbolic_gnn=1;hyperbolic_readout=1;jk_mode=cat;learnable_curvature=1;lr=0.001;num_layers=4;proj_dim=128;readout_clip=1.0;readout_scale=1;rho_quantile=0.1;scorer_hidden=128;weight_decay=1e-05,128,poincare,cat,0.001,4,128,128,,1e-05,57.04,133.69,0.09967,0.0,4.0,0.0,1,gcn,1,center_unit,0.25,1,1,1.0,1,0.1
glue|bert-base-uncased|rte_wide|ABC|t31|s1|confirm,glue,bert-base-uncased,rte_wide,rte,ABC,confirm,31,1,acc,curvature=1.0;feature_mode=unit;gat_hidden_dim=256;gnn_input_clip=0.0;gnn_input_scale=1;graph_curvature=0.25;graph_metric=poincare;hyp_gnn_type=gcn;hyperbolic_gnn=1;hyperbolic_readout=1;jk_mode=max;learnable_curvature=1;lr=0.001;num_layers=4;proj_dim=128;readout_clip=0.3;readout_scale=1;rho_quantile=0.38;scorer_hidden=128;weight_decay=5e-05,256,poincare,max,0.001,4,128,128,,5e-05,53.43,133.95,0.3779,0.0,1.0,0.0,1,gcn,1,unit,0.25,1,1,0.3,1,0.38
glue|bert-base-uncased|rte_wide|ABC|t31|s2|confirm,glue,bert-base-uncased,rte_wide,rte,ABC,confirm,31,2,acc,curvature=1.0;feature_mode=unit;gat_hidden_dim=256;gnn_input_clip=0.0;gnn_input_scale=1;graph_curvature=0.25;graph_metric=poincare;hyp_gnn_type=gcn;hyperbolic_gnn=1;hyperbolic_readout=1;jk_mode=max;learnable_curvature=1;lr=0.001;num_layers=4;proj_dim=128;readout_clip=0.3;readout_scale=1;rho_quantile=0.38;scorer_hidden=128;weight_decay=5e-05,256,poincare,max,0.001,4,128,128,,5e-05,53.79,137.05,0.3776,0.0,1.0,0.0,1,gcn,1,unit,0.25,1,1,0.3,1,0.38
glue|bert-base-uncased|rte_wide|ABC|t31|s3|confirm,glue,bert-base-uncased,rte_wide,rte,ABC,confirm,31,3,acc,curvature=1.0;feature_mode=unit;gat_hidden_dim=256;gnn_input_clip=0.0;gnn_input_scale=1;graph_curvature=0.25;graph_metric=poincare;hyp_gnn_type=gcn;hyperbolic_gnn=1;hyperbolic_readout=1;jk_mode=max;learnable_curvature=1;lr=0.001;num_layers=4;proj_dim=128;readout_clip=0.3;readout_scale=1;rho_quantile=0.38;scorer_hidden=128;weight_decay=5e-05,256,poincare,max,0.001,4,128,128,,5e-05,54.87,134.4,0.37768,0.0,1.0,0.0,1,gcn,1,unit,0.25,1,1,0.3,1,0.38
glue|bert-base-uncased|rte_wide|ABC|t31|s4|confirm,glue,bert-base-uncased,rte_wide,rte,ABC,confirm,31,4,acc,curvature=1.0;feature_mode=unit;gat_hidden_dim=256;gnn_input_clip=0.0;gnn_input_scale=1;graph_curvature=0.25;graph_metric=poincare;hyp_gnn_type=gcn;hyperbolic_gnn=1;hyperbolic_readout=1;jk_mode=max;learnable_curvature=1;lr=0.001;num_layers=4;proj_dim=128;readout_clip=0.3;readout_scale=1;rho_quantile=0.38;scorer_hidden=128;weight_decay=5e-05,256,poincare,max,0.001,4,128,128,,5e-05,55.96,135.2,0.37818,0.0,1.0,0.0,1,gcn,1,unit,0.25,1,1,0.3,1,0.38
glue|bert-base-uncased|rte_wide|ABC|t31|s5|confirm,glue,bert-base-uncased,rte_wide,rte,ABC,confirm,31,5,acc,curvature=1.0;feature_mode=unit;gat_hidden_dim=256;gnn_input_clip=0.0;gnn_input_scale=1;graph_curvature=0.25;graph_metric=poincare;hyp_gnn_type=gcn;hyperbolic_gnn=1;hyperbolic_readout=1;jk_mode=max;learnable_curvature=1;lr=0.001;num_layers=4;proj_dim=128;readout_clip=0.3;readout_scale=1;rho_quantile=0.38;scorer_hidden=128;weight_decay=5e-05,256,poincare,max,0.001,4,128,128,,5e-05,57.04,134.56,0.37793,0.0,1.0,0.0,1,gcn,1,unit,0.25,1,1,0.3,1,0.38
glue|bert-base-uncased|rte_wide|ABC|t31|s6|confirm,glue,bert-base-uncased,rte_wide,rte,ABC,confirm,31,6,acc,curvature=1.0;feature_mode=unit;gat_hidden_dim=256;gnn_input_clip=0.0;gnn_input_scale=1;graph_curvature=0.25;graph_metric=poincare;hyp_gnn_type=gcn;hyperbolic_gnn=1;hyperbolic_readout=1;jk_mode=max;learnable_curvature=1;lr=0.001;num_layers=4;proj_dim=128;readout_clip=0.3;readout_scale=1;rho_quantile=0.38;scorer_hidden=128;weight_decay=5e-05,256,poincare,max,0.001,4,128,128,,5e-05,55.23,136.97,0.37821,0.0,1.0,0.0,1,gcn,1,unit,0.25,1,1,0.3,1,0.38
glue|bert-base-uncased|rte_wide|ABC|t31|s7|confirm,glue,bert-base-uncased,rte_wide,rte,ABC,confirm,31,7,acc,curvature=1.0;feature_mode=unit;gat_hidden_dim=256;gnn_input_clip=0.0;gnn_input_scale=1;graph_curvature=0.25;graph_metric=poincare;hyp_gnn_type=gcn;hyperbolic_gnn=1;hyperbolic_readout=1;jk_mode=max;learnable_curvature=1;lr=0.001;num_layers=4;proj_dim=128;readout_clip=0.3;readout_scale=1;rho_quantile=0.38;scorer_hidden=128;weight_decay=5e-05,256,poincare,max,0.001,4,128,128,,5e-05,53.43,136.09,0.37804,0.0,1.0,0.0,1,gcn,1,unit,0.25,1,1,0.3,1,0.38
glue|bert-base-uncased|rte_wide|ABC|t31|s8|confirm,glue,bert-base-uncased,rte_wide,rte,ABC,confirm,31,8,acc,curvature=1.0;feature_mode=unit;gat_hidden_dim=256;gnn_input_clip=0.0;gnn_input_scale=1;graph_curvature=0.25;graph_metric=poincare;hyp_gnn_type=gcn;hyperbolic_gnn=1;hyperbolic_readout=1;jk_mode=max;learnable_curvature=1;lr=0.001;num_layers=4;proj_dim=128;readout_clip=0.3;readout_scale=1;rho_quantile=0.38;scorer_hidden=128;weight_decay=5e-05,256,poincare,max,0.001,4,128,128,,5e-05,52.71,133.77,0.37791,0.0,1.0,0.0,1,gcn,1,unit,0.25,1,1,0.3,1,0.38
glue|bert-base-uncased|rte_wide|ABC|t31|s9|confirm,glue,bert-base-uncased,rte_wide,rte,ABC,confirm,31,9,acc,curvature=1.0;feature_mode=unit;gat_hidden_dim=256;gnn_input_clip=0.0;gnn_input_scale=1;graph_curvature=0.25;graph_metric=poincare;hyp_gnn_type=gcn;hyperbolic_gnn=1;hyperbolic_readout=1;jk_mode=max;learnable_curvature=1;lr=0.001;num_layers=4;proj_dim=128;readout_clip=0.3;readout_scale=1;rho_quantile=0.38;scorer_hidden=128;weight_decay=5e-05,256,poincare,max,0.001,4,128,128,,5e-05,54.87,136.31,0.3781,0.0,1.0,0.0,1,gcn,1,unit,0.25,1,1,0.3,1,0.38
glue|bert-base-uncased|rte_wide|ABC|t31|s10|confirm,glue,bert-base-uncased,rte_wide,rte,ABC,confirm,31,10,acc,curvature=1.0;feature_mode=unit;gat_hidden_dim=256;gnn_input_clip=0.0;gnn_input_scale=1;graph_curvature=0.25;graph_metric=poincare;hyp_gnn_type=gcn;hyperbolic_gnn=1;hyperbolic_readout=1;jk_mode=max;learnable_curvature=1;lr=0.001;num_layers=4;proj_dim=128;readout_clip=0.3;readout_scale=1;rho_quantile=0.38;scorer_hidden=128;weight_decay=5e-05,256,poincare,max,0.001,4,128,128,,5e-05,54.51,135.25,0.37793,0.0,1.0,0.0,1,gcn,1,unit,0.25,1,1,0.3,1,0.38
glue|bert-base-uncased|rte_wide|ABC|t31|s11|confirm,glue,bert-base-uncased,rte_wide,rte,ABC,confirm,31,11,acc,curvature=1.0;feature_mode=unit;gat_hidden_dim=256;gnn_input_clip=0.0;gnn_input_scale=1;graph_curvature=0.25;graph_metric=poincare;hyp_gnn_type=gcn;hyperbolic_gnn=1;hyperbolic_readout=1;jk_mode=max;learnable_curvature=1;lr=0.001;num_layers=4;proj_dim=128;readout_clip=0.3;readout_scale=1;rho_quantile=0.38;scorer_hidden=128;weight_decay=5e-05,256,poincare,max,0.001,4,128,128,,5e-05,57.04,140.43,0.37798,0.0,1.0,0.0,1,gcn,1,unit,0.25,1,1,0.3,1,0.38
glue|bert-base-uncased|rte_wide|ABC|t31|s12|confirm,glue,bert-base-uncased,rte_wide,rte,ABC,confirm,31,12,acc,curvature=1.0;feature_mode=unit;gat_hidden_dim=256;gnn_input_clip=0.0;gnn_input_scale=1;graph_curvature=0.25;graph_metric=poincare;hyp_gnn_type=gcn;hyperbolic_gnn=1;hyperbolic_readout=1;jk_mode=max;learnable_curvature=1;lr=0.001;num_layers=4;proj_dim=128;readout_clip=0.3;readout_scale=1;rho_quantile=0.38;scorer_hidden=128;weight_decay=5e-05,256,poincare,max,0.001,4,128,128,,5e-05,55.23,134.65,0.37768,0.0,1.0,0.0,1,gcn,1,unit,0.25,1,1,0.3,1,0.38
glue|bert-base-uncased|rte_wide|ABC|t31|s13|confirm,glue,bert-base-uncased,rte_wide,rte,ABC,confirm,31,13,acc,curvature=1.0;feature_mode=unit;gat_hidden_dim=256;gnn_input_clip=0.0;gnn_input_scale=1;graph_curvature=0.25;graph_metric=poincare;hyp_gnn_type=gcn;hyperbolic_gnn=1;hyperbolic_readout=1;jk_mode=max;learnable_curvature=1;lr=0.001;num_layers=4;proj_dim=128;readout_clip=0.3;readout_scale=1;rho_quantile=0.38;scorer_hidden=128;weight_decay=5e-05,256,poincare,max,0.001,4,128,128,,5e-05,57.4,133.37,0.37805,0.0,1.0,0.0,1,gcn,1,unit,0.25,1,1,0.3,1,0.38
glue|bert-base-uncased|rte_wide|ABC|t31|s14|confirm,glue,bert-base-uncased,rte_wide,rte,ABC,confirm,31,14,acc,curvature=1.0;feature_mode=unit;gat_hidden_dim=256;gnn_input_clip=0.0;gnn_input_scale=1;graph_curvature=0.25;graph_metric=poincare;hyp_gnn_type=gcn;hyperbolic_gnn=1;hyperbolic_readout=1;jk_mode=max;learnable_curvature=1;lr=0.001;num_layers=4;proj_dim=128;readout_clip=0.3;readout_scale=1;rho_quantile=0.38;scorer_hidden=128;weight_decay=5e-05,256,poincare,max,0.001,4,128,128,,5e-05,52.71,134.85,0.3777,0.0,1.0,0.0,1,gcn,1,unit,0.25,1,1,0.3,1,0.38
glue|bert-base-uncased|rte_wide|ABC|t31|s15|confirm,glue,bert-base-uncased,rte_wide,rte,ABC,confirm,31,15,acc,curvature=1.0;feature_mode=unit;gat_hidden_dim=256;gnn_input_clip=0.0;gnn_input_scale=1;graph_curvature=0.25;graph_metric=poincare;hyp_gnn_type=gcn;hyperbolic_gnn=1;hyperbolic_readout=1;jk_mode=max;learnable_curvature=1;lr=0.001;num_layers=4;proj_dim=128;readout_clip=0.3;readout_scale=1;rho_quantile=0.38;scorer_hidden=128;weight_decay=5e-05,256,poincare,max,0.001,4,128,128,,5e-05,54.51,134.99,0.37813,0.0,1.0,0.0,1,gcn,1,unit,0.25,1,1,0.3,1,0.38
glue|bert-base-uncased|rte_wide|C|t22|s1|confirm,glue,bert-base-uncased,rte_wide,rte,C,confirm,22,1,acc,curvature=1.0;gat_hidden_dim=256;gnn_input_clip=0.0;gnn_input_scale=1;graph_metric=cosine;hyp_gnn_type=gat;hyperbolic_gnn=1;jk_mode=max;lr=0.0002;num_layers=4;proj_dim=128;scorer_hidden=256;tau_quantile=0.2;weight_decay=1e-05,256,cosine,max,0.0002,4,128,256,0.2,1e-05,52.35,106.4,0.19884,0.0,1.0,0.0,1,gat,1,,,,,,,
glue|bert-base-uncased|rte_wide|C|t22|s2|confirm,glue,bert-base-uncased,rte_wide,rte,C,confirm,22,2,acc,curvature=1.0;gat_hidden_dim=256;gnn_input_clip=0.0;gnn_input_scale=1;graph_metric=cosine;hyp_gnn_type=gat;hyperbolic_gnn=1;jk_mode=max;lr=0.0002;num_layers=4;proj_dim=128;scorer_hidden=256;tau_quantile=0.2;weight_decay=1e-05,256,cosine,max,0.0002,4,128,256,0.2,1e-05,53.79,105.96,0.19859,0.0,1.0,0.0,1,gat,1,,,,,,,
glue|bert-base-uncased|rte_wide|C|t22|s3|confirm,glue,bert-base-uncased,rte_wide,rte,C,confirm,22,3,acc,curvature=1.0;gat_hidden_dim=256;gnn_input_clip=0.0;gnn_input_scale=1;graph_metric=cosine;hyp_gnn_type=gat;hyperbolic_gnn=1;jk_mode=max;lr=0.0002;num_layers=4;proj_dim=128;scorer_hidden=256;tau_quantile=0.2;weight_decay=1e-05,256,cosine,max,0.0002,4,128,256,0.2,1e-05,56.68,105.81,0.19871,0.0,1.0,0.0,1,gat,1,,,,,,,
glue|bert-base-uncased|rte_wide|C|t22|s4|confirm,glue,bert-base-uncased,rte_wide,rte,C,confirm,22,4,acc,curvature=1.0;gat_hidden_dim=256;gnn_input_clip=0.0;gnn_input_scale=1;graph_metric=cosine;hyp_gnn_type=gat;hyperbolic_gnn=1;jk_mode=max;lr=0.0002;num_layers=4;proj_dim=128;scorer_hidden=256;tau_quantile=0.2;weight_decay=1e-05,256,cosine,max,0.0002,4,128,256,0.2,1e-05,55.96,107.1,0.19898,0.0,1.0,0.0,1,gat,1,,,,,,,
glue|bert-base-uncased|rte_wide|C|t22|s5|confirm,glue,bert-base-uncased,rte_wide,rte,C,confirm,22,5,acc,curvature=1.0;gat_hidden_dim=256;gnn_input_clip=0.0;gnn_input_scale=1;graph_metric=cosine;hyp_gnn_type=gat;hyperbolic_gnn=1;jk_mode=max;lr=0.0002;num_layers=4;proj_dim=128;scorer_hidden=256;tau_quantile=0.2;weight_decay=1e-05,256,cosine,max,0.0002,4,128,256,0.2,1e-05,54.87,105.31,0.19884,0.0,1.0,0.0,1,gat,1,,,,,,,
glue|bert-base-uncased|rte_wide|C|t22|s6|confirm,glue,bert-base-uncased,rte_wide,rte,C,confirm,22,6,acc,curvature=1.0;gat_hidden_dim=256;gnn_input_clip=0.0;gnn_input_scale=1;graph_metric=cosine;hyp_gnn_type=gat;hyperbolic_gnn=1;jk_mode=max;lr=0.0002;num_layers=4;proj_dim=128;scorer_hidden=256;tau_quantile=0.2;weight_decay=1e-05,256,cosine,max,0.0002,4,128,256,0.2,1e-05,54.51,105.36,0.19854,0.0,1.0,0.0,1,gat,1,,,,,,,
glue|bert-base-uncased|rte_wide|C|t22|s7|confirm,glue,bert-base-uncased,rte_wide,rte,C,confirm,22,7,acc,curvature=1.0;gat_hidden_dim=256;gnn_input_clip=0.0;gnn_input_scale=1;graph_metric=cosine;hyp_gnn_type=gat;hyperbolic_gnn=1;jk_mode=max;lr=0.0002;num_layers=4;proj_dim=128;scorer_hidden=256;tau_quantile=0.2;weight_decay=1e-05,256,cosine,max,0.0002,4,128,256,0.2,1e-05,56.32,104.55,0.19874,0.0,1.0,0.0,1,gat,1,,,,,,,
glue|bert-base-uncased|rte_wide|C|t22|s8|confirm,glue,bert-base-uncased,rte_wide,rte,C,confirm,22,8,acc,curvature=1.0;gat_hidden_dim=256;gnn_input_clip=0.0;gnn_input_scale=1;graph_metric=cosine;hyp_gnn_type=gat;hyperbolic_gnn=1;jk_mode=max;lr=0.0002;num_layers=4;proj_dim=128;scorer_hidden=256;tau_quantile=0.2;weight_decay=1e-05,256,cosine,max,0.0002,4,128,256,0.2,1e-05,54.15,107.24,0.19829,0.0,1.0,0.0,1,gat,1,,,,,,,
glue|bert-base-uncased|rte_wide|C|t22|s9|confirm,glue,bert-base-uncased,rte_wide,rte,C,confirm,22,9,acc,curvature=1.0;gat_hidden_dim=256;gnn_input_clip=0.0;gnn_input_scale=1;graph_metric=cosine;hyp_gnn_type=gat;hyperbolic_gnn=1;jk_mode=max;lr=0.0002;num_layers=4;proj_dim=128;scorer_hidden=256;tau_quantile=0.2;weight_decay=1e-05,256,cosine,max,0.0002,4,128,256,0.2,1e-05,55.23,107.74,0.1987,0.0,1.0,0.0,1,gat,1,,,,,,,
glue|bert-base-uncased|rte_wide|C|t22|s10|confirm,glue,bert-base-uncased,rte_wide,rte,C,confirm,22,10,acc,curvature=1.0;gat_hidden_dim=256;gnn_input_clip=0.0;gnn_input_scale=1;graph_metric=cosine;hyp_gnn_type=gat;hyperbolic_gnn=1;jk_mode=max;lr=0.0002;num_layers=4;proj_dim=128;scorer_hidden=256;tau_quantile=0.2;weight_decay=1e-05,256,cosine,max,0.0002,4,128,256,0.2,1e-05,53.79,106.18,0.19876,0.0,1.0,0.0,1,gat,1,,,,,,,
glue|bert-base-uncased|rte_wide|C|t22|s11|confirm,glue,bert-base-uncased,rte_wide,rte,C,confirm,22,11,acc,curvature=1.0;gat_hidden_dim=256;gnn_input_clip=0.0;gnn_input_scale=1;graph_metric=cosine;hyp_gnn_type=gat;hyperbolic_gnn=1;jk_mode=max;lr=0.0002;num_layers=4;proj_dim=128;scorer_hidden=256;tau_quantile=0.2;weight_decay=1e-05,256,cosine,max,0.0002,4,128,256,0.2,1e-05,55.6,105.95,0.1989,0.0,1.0,0.0,1,gat,1,,,,,,,
glue|bert-base-uncased|rte_wide|C|t22|s12|confirm,glue,bert-base-uncased,rte_wide,rte,C,confirm,22,12,acc,curvature=1.0;gat_hidden_dim=256;gnn_input_clip=0.0;gnn_input_scale=1;graph_metric=cosine;hyp_gnn_type=gat;hyperbolic_gnn=1;jk_mode=max;lr=0.0002;num_layers=4;proj_dim=128;scorer_hidden=256;tau_quantile=0.2;weight_decay=1e-05,256,cosine,max,0.0002,4,128,256,0.2,1e-05,48.74,106.31,0.19888,0.0,1.0,0.0,1,gat,1,,,,,,,
glue|bert-base-uncased|rte_wide|C|t22|s13|confirm,glue,bert-base-uncased,rte_wide,rte,C,confirm,22,13,acc,curvature=1.0;gat_hidden_dim=256;gnn_input_clip=0.0;gnn_input_scale=1;graph_metric=cosine;hyp_gnn_type=gat;hyperbolic_gnn=1;jk_mode=max;lr=0.0002;num_layers=4;proj_dim=128;scorer_hidden=256;tau_quantile=0.2;weight_decay=1e-05,256,cosine,max,0.0002,4,128,256,0.2,1e-05,52.35,105.32,0.19891,0.0,1.0,0.0,1,gat,1,,,,,,,
glue|bert-base-uncased|rte_wide|C|t22|s14|confirm,glue,bert-base-uncased,rte_wide,rte,C,confirm,22,14,acc,curvature=1.0;gat_hidden_dim=256;gnn_input_clip=0.0;gnn_input_scale=1;graph_metric=cosine;hyp_gnn_type=gat;hyperbolic_gnn=1;jk_mode=max;lr=0.0002;num_layers=4;proj_dim=128;scorer_hidden=256;tau_quantile=0.2;weight_decay=1e-05,256,cosine,max,0.0002,4,128,256,0.2,1e-05,56.68,106.13,0.19892,0.0,1.0,0.0,1,gat,1,,,,,,,
glue|bert-base-uncased|rte_wide|C|t22|s15|confirm,glue,bert-base-uncased,rte_wide,rte,C,confirm,22,15,acc,curvature=1.0;gat_hidden_dim=256;gnn_input_clip=0.0;gnn_input_scale=1;graph_metric=cosine;hyp_gnn_type=gat;hyperbolic_gnn=1;jk_mode=max;lr=0.0002;num_layers=4;proj_dim=128;scorer_hidden=256;tau_quantile=0.2;weight_decay=1e-05,256,cosine,max,0.0002,4,128,256,0.2,1e-05,54.15,104.61,0.19858,0.0,1.0,0.0,1,gat,1,,,,,,,
glue|bert-base-uncased|rte_wide|baseline|t23|s1|confirm,glue,bert-base-uncased,rte_wide,rte,baseline,confirm,23,1,acc,gat_hidden_dim=64;graph_metric=cosine;jk_mode=max;lr=0.0002;num_layers=4;proj_dim=512;scorer_hidden=128;tau_quantile=0.2;weight_decay=0.0,64,cosine,max,0.0002,4,512,128,0.2,0.0,55.23,89.51,0.19904,0.0,,,,,,,,,,,,
glue|bert-base-uncased|rte_wide|baseline|t23|s2|confirm,glue,bert-base-uncased,rte_wide,rte,baseline,confirm,23,2,acc,gat_hidden_dim=64;graph_metric=cosine;jk_mode=max;lr=0.0002;num_layers=4;proj_dim=512;scorer_hidden=128;tau_quantile=0.2;weight_decay=0.0,64,cosine,max,0.0002,4,512,128,0.2,0.0,55.6,87.51,0.19864,0.0,,,,,,,,,,,,
glue|bert-base-uncased|rte_wide|baseline|t23|s3|confirm,glue,bert-base-uncased,rte_wide,rte,baseline,confirm,23,3,acc,gat_hidden_dim=64;graph_metric=cosine;jk_mode=max;lr=0.0002;num_layers=4;proj_dim=512;scorer_hidden=128;tau_quantile=0.2;weight_decay=0.0,64,cosine,max,0.0002,4,512,128,0.2,0.0,53.07,88.36,0.19837,0.0,,,,,,,,,,,,
glue|bert-base-uncased|rte_wide|baseline|t23|s4|confirm,glue,bert-base-uncased,rte_wide,rte,baseline,confirm,23,4,acc,gat_hidden_dim=64;graph_metric=cosine;jk_mode=max;lr=0.0002;num_layers=4;proj_dim=512;scorer_hidden=128;tau_quantile=0.2;weight_decay=0.0,64,cosine,max,0.0002,4,512,128,0.2,0.0,53.79,89.18,0.19897,0.0,,,,,,,,,,,,
glue|bert-base-uncased|rte_wide|baseline|t23|s5|confirm,glue,bert-base-uncased,rte_wide,rte,baseline,confirm,23,5,acc,gat_hidden_dim=64;graph_metric=cosine;jk_mode=max;lr=0.0002;num_layers=4;proj_dim=512;scorer_hidden=128;tau_quantile=0.2;weight_decay=0.0,64,cosine,max,0.0002,4,512,128,0.2,0.0,57.04,89.55,0.19872,0.0,,,,,,,,,,,,
glue|bert-base-uncased|rte_wide|baseline|t23|s6|confirm,glue,bert-base-uncased,rte_wide,rte,baseline,confirm,23,6,acc,gat_hidden_dim=64;graph_metric=cosine;jk_mode=max;lr=0.0002;num_layers=4;proj_dim=512;scorer_hidden=128;tau_quantile=0.2;weight_decay=0.0,64,cosine,max,0.0002,4,512,128,0.2,0.0,49.1,87.97,0.19886,0.0,,,,,,,,,,,,
glue|bert-base-uncased|rte_wide|baseline|t23|s7|confirm,glue,bert-base-uncased,rte_wide,rte,baseline,confirm,23,7,acc,gat_hidden_dim=64;graph_metric=cosine;jk_mode=max;lr=0.0002;num_layers=4;proj_dim=512;scorer_hidden=128;tau_quantile=0.2;weight_decay=0.0,64,cosine,max,0.0002,4,512,128,0.2,0.0,50.18,89.58,0.19873,0.0,,,,,,,,,,,,
glue|bert-base-uncased|rte_wide|baseline|t23|s8|confirm,glue,bert-base-uncased,rte_wide,rte,baseline,confirm,23,8,acc,gat_hidden_dim=64;graph_metric=cosine;jk_mode=max;lr=0.0002;num_layers=4;proj_dim=512;scorer_hidden=128;tau_quantile=0.2;weight_decay=0.0,64,cosine,max,0.0002,4,512,128,0.2,0.0,53.07,88.53,0.19859,0.0,,,,,,,,,,,,
glue|bert-base-uncased|rte_wide|baseline|t23|s9|confirm,glue,bert-base-uncased,rte_wide,rte,baseline,confirm,23,9,acc,gat_hidden_dim=64;graph_metric=cosine;jk_mode=max;lr=0.0002;num_layers=4;proj_dim=512;scorer_hidden=128;tau_quantile=0.2;weight_decay=0.0,64,cosine,max,0.0002,4,512,128,0.2,0.0,57.04,89.15,0.19854,0.0,,,,,,,,,,,,
glue|bert-base-uncased|rte_wide|baseline|t23|s10|confirm,glue,bert-base-uncased,rte_wide,rte,baseline,confirm,23,10,acc,gat_hidden_dim=64;graph_metric=cosine;jk_mode=max;lr=0.0002;num_layers=4;proj_dim=512;scorer_hidden=128;tau_quantile=0.2;weight_decay=0.0,64,cosine,max,0.0002,4,512,128,0.2,0.0,60.65,88.21,0.19848,0.0,,,,,,,,,,,,
glue|bert-base-uncased|rte_wide|baseline|t23|s11|confirm,glue,bert-base-uncased,rte_wide,rte,baseline,confirm,23,11,acc,gat_hidden_dim=64;graph_metric=cosine;jk_mode=max;lr=0.0002;num_layers=4;proj_dim=512;scorer_hidden=128;tau_quantile=0.2;weight_decay=0.0,64,cosine,max,0.0002,4,512,128,0.2,0.0,56.68,90.4,0.19859,0.0,,,,,,,,,,,,
glue|bert-base-uncased|rte_wide|baseline|t23|s12|confirm,glue,bert-base-uncased,rte_wide,rte,baseline,confirm,23,12,acc,gat_hidden_dim=64;graph_metric=cosine;jk_mode=max;lr=0.0002;num_layers=4;proj_dim=512;scorer_hidden=128;tau_quantile=0.2;weight_decay=0.0,64,cosine,max,0.0002,4,512,128,0.2,0.0,50.18,89.36,0.19872,0.0,,,,,,,,,,,,
glue|bert-base-uncased|rte_wide|baseline|t23|s13|confirm,glue,bert-base-uncased,rte_wide,rte,baseline,confirm,23,13,acc,gat_hidden_dim=64;graph_metric=cosine;jk_mode=max;lr=0.0002;num_layers=4;proj_dim=512;scorer_hidden=128;tau_quantile=0.2;weight_decay=0.0,64,cosine,max,0.0002,4,512,128,0.2,0.0,49.1,86.8,0.19894,0.0,,,,,,,,,,,,
glue|bert-base-uncased|rte_wide|baseline|t23|s14|confirm,glue,bert-base-uncased,rte_wide,rte,baseline,confirm,23,14,acc,gat_hidden_dim=64;graph_metric=cosine;jk_mode=max;lr=0.0002;num_layers=4;proj_dim=512;scorer_hidden=128;tau_quantile=0.2;weight_decay=0.0,64,cosine,max,0.0002,4,512,128,0.2,0.0,54.51,85.51,0.19898,0.0,,,,,,,,,,,,
glue|bert-base-uncased|rte_wide|baseline|t23|s15|confirm,glue,bert-base-uncased,rte_wide,rte,baseline,confirm,23,15,acc,gat_hidden_dim=64;graph_metric=cosine;jk_mode=max;lr=0.0002;num_layers=4;proj_dim=512;scorer_hidden=128;tau_quantile=0.2;weight_decay=0.0,64,cosine,max,0.0002,4,512,128,0.2,0.0,51.62,83.47,0.19887,0.0,,,,,,,,,,,,
