run_key,target,model,setting,task,arm,stage,trial,seed,metric,detail,curvature,gat_hidden_dim,graph_metric,hyperbolic_readout,jk_mode,learnable_curvature,lr,num_layers,proj_dim,readout_clip,readout_scale,scorer_hidden,tau_quantile,weight_decay,score,elapsed_sec,mean_density,empty_frac,gnn_input_clip,gnn_input_scale,hyp_gnn_type,hyperbolic_gnn
glue|bert-base-uncased|cola_wide|B|t0|s42|tune,glue,bert-base-uncased,cola_wide,cola,B,tune,0,42,mcc,curvature=4.0;gat_hidden_dim=64;graph_metric=cosine;hyperbolic_readout=1;jk_mode=cat;learnable_curvature=0;lr=0.001;num_layers=4;proj_dim=256;readout_clip=0.0;readout_scale=0;scorer_hidden=256;tau_quantile=0.1;weight_decay=0.0,4.0,64,cosine,1,cat,0,0.001,4,256,0.0,0,256,0.1,0.0,42.49,142.69,0.20863,0.0,,,,
glue|bert-base-uncased|cola_wide|B|t1|s42|tune,glue,bert-base-uncased,cola_wide,cola,B,tune,1,42,mcc,curvature=4.0;gat_hidden_dim=128;graph_metric=cosine;hyperbolic_readout=1;jk_mode=max;learnable_curvature=0;lr=2e-05;num_layers=2;proj_dim=128;readout_clip=0.7;readout_scale=0;scorer_hidden=128;tau_quantile=0.05;weight_decay=0.0,4.0,128,cosine,1,max,0,2e-05,2,128,0.7,0,128,0.05,0.0,0.0,137.07,0.15601,0.0,,,,
glue|bert-base-uncased|cola_wide|B|t2|s42|tune,glue,bert-base-uncased,cola_wide,cola,B,tune,2,42,mcc,curvature=4.0;gat_hidden_dim=128;graph_metric=cosine;hyperbolic_readout=1;jk_mode=max;learnable_curvature=0;lr=2e-05;num_layers=2;proj_dim=256;readout_clip=0.3;readout_scale=0;scorer_hidden=256;tau_quantile=0.38;weight_decay=1e-05,4.0,128,cosine,1,max,0,2e-05,2,256,0.3,0,256,0.38,1e-05,0.0,138.16,0.48175,0.0,,,,
glue|bert-base-uncased|cola_wide|B|t3|s42|tune,glue,bert-base-uncased,cola_wide,cola,B,tune,3,42,mcc,curvature=1.0;gat_hidden_dim=64;graph_metric=cosine;hyperbolic_readout=1;jk_mode=cat;learnable_curvature=0;lr=2e-05;num_layers=2;proj_dim=256;readout_clip=0.3;readout_scale=1;scorer_hidden=256;tau_quantile=0.38;weight_decay=5e-05,1.0,64,cosine,1,cat,0,2e-05,2,256,0.3,1,256,0.38,5e-05,4.98,139.36,0.4846,0.0,,,,
glue|bert-base-uncased|cola_wide|B|t4|s42|tune,glue,bert-base-uncased,cola_wide,cola,B,tune,4,42,mcc,curvature=1.0;gat_hidden_dim=256;graph_metric=cosine;hyperbolic_readout=1;jk_mode=max;learnable_curvature=1;lr=0.001;num_layers=2;proj_dim=256;readout_clip=1.0;readout_scale=1;scorer_hidden=128;tau_quantile=0.38;weight_decay=5e-05,1.0,256,cosine,1,max,1,0.001,2,256,1.0,1,128,0.38,5e-05,45.81,139.79,0.48358,0.0,,,,
glue|bert-base-uncased|cola_wide|B|t5|s42|tune,glue,bert-base-uncased,cola_wide,cola,B,tune,5,42,mcc,curvature=4.0;gat_hidden_dim=64;graph_metric=cosine;hyperbolic_readout=1;jk_mode=cat;learnable_curvature=0;lr=0.0002;num_layers=2;proj_dim=128;readout_clip=0.3;readout_scale=0;scorer_hidden=256;tau_quantile=0.2;weight_decay=5e-05,4.0,64,cosine,1,cat,0,0.0002,2,128,0.3,0,256,0.2,5e-05,0.0,138.82,0.30454,0.0,,,,
glue|bert-base-uncased|cola_wide|B|t6|s42|tune,glue,bert-base-uncased,cola_wide,cola,B,tune,6,42,mcc,curvature=1.0;gat_hidden_dim=256;graph_metric=cosine;hyperbolic_readout=1;jk_mode=cat;learnable_curvature=1;lr=0.001;num_layers=4;proj_dim=512;readout_clip=0.7;readout_scale=0;scorer_hidden=128;tau_quantile=0.1;weight_decay=5e-05,1.0,256,cosine,1,cat,1,0.001,4,512,0.7,0,128,0.1,5e-05,37.0,142.92,0.20813,0.0,,,,
glue|bert-base-uncased|cola_wide|B|t7|s42|tune,glue,bert-base-uncased,cola_wide,cola,B,tune,7,42,mcc,curvature=4.0;gat_hidden_dim=64;graph_metric=cosine;hyperbolic_readout=1;jk_mode=cat;learnable_curvature=0;lr=0.0002;num_layers=4;proj_dim=256;readout_clip=0.3;readout_scale=1;scorer_hidden=256;tau_quantile=0.025;weight_decay=1e-05,4.0,64,cosine,1,cat,0,0.0002,4,256,0.3,1,256,0.025,1e-05,0.0,143.09,0.13468,0.0,,,,
glue|bert-base-uncased|cola_wide|B|t8|s42|tune,glue,bert-base-uncased,cola_wide,cola,B,tune,8,42,mcc,curvature=4.0;gat_hidden_dim=128;graph_metric=cosine;hyperbolic_readout=1;jk_mode=cat;learnable_curvature=0;lr=2e-05;num_layers=4;proj_dim=512;readout_clip=0.0;readout_scale=0;scorer_hidden=256;tau_quantile=0.38;weight_decay=0.0,4.0,128,cosine,1,cat,0,2e-05,4,512,0.0,0,256,0.38,0.0,0.0,143.3,0.48129,0.0,,,,
glue|bert-base-uncased|cola_wide|B|t9|s42|tune,glue,bert-base-uncased,cola_wide,cola,B,tune,9,42,mcc,curvature=4.0;gat_hidden_dim=64;graph_metric=cosine;hyperbolic_readout=1;jk_mode=cat;learnable_curvature=0;lr=0.0002;num_layers=2;proj_dim=512;readout_clip=0.7;readout_scale=1;scorer_hidden=256;tau_quantile=0.05;weight_decay=0.0,4.0,64,cosine,1,cat,0,0.0002,2,512,0.7,1,256,0.05,0.0,28.28,139.38,0.15855,0.0,,,,
glue|bert-base-uncased|cola_wide|B|t10|s42|tune,glue,bert-base-uncased,cola_wide,cola,B,tune,10,42,mcc,curvature=1.0;gat_hidden_dim=128;graph_metric=cosine;hyperbolic_readout=1;jk_mode=max;learnable_curvature=0;lr=0.001;num_layers=2;proj_dim=512;readout_clip=0.0;readout_scale=1;scorer_hidden=256;tau_quantile=0.2;weight_decay=5e-05,1.0,128,cosine,1,max,0,0.001,2,512,0.0,1,256,0.2,5e-05,44.28,140.83,0.30168,0.0,,,,
glue|bert-base-uncased|cola_wide|B|t11|s42|tune,glue,bert-base-uncased,cola_wide,cola,B,tune,11,42,mcc,curvature=1.0;gat_hidden_dim=256;graph_metric=cosine;hyperbolic_readout=1;jk_mode=max;learnable_curvature=0;lr=2e-05;num_layers=2;proj_dim=512;readout_clip=0.7;readout_scale=1;scorer_hidden=256;tau_quantile=0.2;weight_decay=1e-05,1.0,256,cosine,1,max,0,2e-05,2,512,0.7,1,256,0.2,1e-05,0.0,138.53,0.30294,0.0,,,,
glue|bert-base-uncased|cola_wide|B|t12|s42|tune,glue,bert-base-uncased,cola_wide,cola,B,tune,12,42,mcc,curvature=4.0;gat_hidden_dim=128;graph_metric=cosine;hyperbolic_readout=1;jk_mode=cat;learnable_curvature=1;lr=0.0002;num_layers=2;proj_dim=256;readout_clip=1.0;readout_scale=1;scorer_hidden=256;tau_quantile=0.2;weight_decay=1e-05,4.0,128,cosine,1,cat,1,0.0002,2,256,1.0,1,256,0.2,1e-05,42.55,139.77,0.30796,0.0,,,,
glue|bert-base-uncased|cola_wide|B|t13|s42|tune,glue,bert-base-uncased,cola_wide,cola,B,tune,13,42,mcc,curvature=1.0;gat_hidden_dim=64;graph_metric=cosine;hyperbolic_readout=1;jk_mode=max;learnable_curvature=0;lr=2e-05;num_layers=4;proj_dim=256;readout_clip=0.3;readout_scale=1;scorer_hidden=256;tau_quantile=0.2;weight_decay=5e-05,1.0,64,cosine,1,max,0,2e-05,4,256,0.3,1,256,0.2,5e-05,0.0,141.17,0.30211,0.0,,,,
glue|bert-base-uncased|cola_wide|B|t14|s42|tune,glue,bert-base-uncased,cola_wide,cola,B,tune,14,42,mcc,curvature=1.0;gat_hidden_dim=256;graph_metric=cosine;hyperbolic_readout=1;jk_mode=max;learnable_curvature=0;lr=2e-05;num_layers=4;proj_dim=512;readout_clip=1.0;readout_scale=1;scorer_hidden=128;tau_quantile=0.025;weight_decay=5e-05,1.0,256,cosine,1,max,0,2e-05,4,512,1.0,1,128,0.025,5e-05,0.0,140.86,0.14194,0.0,,,,
glue|bert-base-uncased|cola_wide|B|t15|s42|tune,glue,bert-base-uncased,cola_wide,cola,B,tune,15,42,mcc,curvature=1.0;gat_hidden_dim=256;graph_metric=cosine;hyperbolic_readout=1;jk_mode=cat;learnable_curvature=1;lr=0.001;num_layers=4;proj_dim=512;readout_clip=1.0;readout_scale=1;scorer_hidden=256;tau_quantile=0.025;weight_decay=1e-05,1.0,256,cosine,1,cat,1,0.001,4,512,1.0,1,256,0.025,1e-05,43.62,145.32,0.13582,0.0,,,,
glue|bert-base-uncased|cola_wide|B|t16|s42|tune,glue,bert-base-uncased,cola_wide,cola,B,tune,16,42,mcc,curvature=1.0;gat_hidden_dim=64;graph_metric=cosine;hyperbolic_readout=1;jk_mode=max;learnable_curvature=1;lr=2e-05;num_layers=4;proj_dim=128;readout_clip=0.0;readout_scale=1;scorer_hidden=256;tau_quantile=0.025;weight_decay=5e-05,1.0,64,cosine,1,max,1,2e-05,4,128,0.0,1,256,0.025,5e-05,0.0,143.55,0.13287,0.0,,,,
glue|bert-base-uncased|cola_wide|B|t17|s42|tune,glue,bert-base-uncased,cola_wide,cola,B,tune,17,42,mcc,curvature=4.0;gat_hidden_dim=128;graph_metric=cosine;hyperbolic_readout=1;jk_mode=max;learnable_curvature=1;lr=0.001;num_layers=4;proj_dim=256;readout_clip=0.3;readout_scale=1;scorer_hidden=128;tau_quantile=0.2;weight_decay=1e-05,4.0,128,cosine,1,max,1,0.001,4,256,0.3,1,128,0.2,1e-05,43.65,142.76,0.30504,0.0,,,,
glue|bert-base-uncased|cola_wide|B|t18|s42|tune,glue,bert-base-uncased,cola_wide,cola,B,tune,18,42,mcc,curvature=0.25;gat_hidden_dim=128;graph_metric=cosine;hyperbolic_readout=1;jk_mode=max;learnable_curvature=1;lr=2e-05;num_layers=2;proj_dim=128;readout_clip=0.0;readout_scale=1;scorer_hidden=256;tau_quantile=0.1;weight_decay=1e-05,0.25,128,cosine,1,max,1,2e-05,2,128,0.0,1,256,0.1,1e-05,0.0,137.15,0.20703,0.0,,,,
glue|bert-base-uncased|cola_wide|B|t19|s42|tune,glue,bert-base-uncased,cola_wide,cola,B,tune,19,42,mcc,curvature=4.0;gat_hidden_dim=256;graph_metric=cosine;hyperbolic_readout=1;jk_mode=cat;learnable_curvature=1;lr=0.0002;num_layers=2;proj_dim=256;readout_clip=0.3;readout_scale=0;scorer_hidden=256;tau_quantile=0.2;weight_decay=5e-05,4.0,256,cosine,1,cat,1,0.0002,2,256,0.3,0,256,0.2,5e-05,32.29,141.09,0.30562,0.0,,,,
glue|bert-base-uncased|cola_wide|B|t20|s42|tune,glue,bert-base-uncased,cola_wide,cola,B,tune,20,42,mcc,curvature=1.0;gat_hidden_dim=128;graph_metric=cosine;hyperbolic_readout=1;jk_mode=max;learnable_curvature=1;lr=0.001;num_layers=2;proj_dim=256;readout_clip=0.3;readout_scale=1;scorer_hidden=128;tau_quantile=0.38;weight_decay=5e-05,1.0,128,cosine,1,max,1,0.001,2,256,0.3,1,128,0.38,5e-05,42.09,137.34,0.48175,0.0,,,,
glue|bert-base-uncased|cola_wide|B|t21|s42|tune,glue,bert-base-uncased,cola_wide,cola,B,tune,21,42,mcc,curvature=1.0;gat_hidden_dim=128;graph_metric=cosine;hyperbolic_readout=1;jk_mode=cat;learnable_curvature=1;lr=2e-05;num_layers=4;proj_dim=512;readout_clip=0.7;readout_scale=1;scorer_hidden=256;tau_quantile=0.2;weight_decay=1e-05,1.0,128,cosine,1,cat,1,2e-05,4,512,0.7,1,256,0.2,1e-05,0.0,145.65,0.30146,0.0,,,,
glue|bert-base-uncased|cola_wide|B|t22|s42|tune,glue,bert-base-uncased,cola_wide,cola,B,tune,22,42,mcc,curvature=4.0;gat_hidden_dim=256;graph_metric=cosine;hyperbolic_readout=1;jk_mode=cat;learnable_curvature=1;lr=0.001;num_layers=4;proj_dim=128;readout_clip=0.3;readout_scale=1;scorer_hidden=256;tau_quantile=0.2;weight_decay=1e-05,4.0,256,cosine,1,cat,1,0.001,4,128,0.3,1,256,0.2,1e-05,42.63,143.34,0.30438,0.0,,,,
glue|bert-base-uncased|cola_wide|B|t23|s42|tune,glue,bert-base-uncased,cola_wide,cola,B,tune,23,42,mcc,curvature=1.0;gat_hidden_dim=256;graph_metric=cosine;hyperbolic_readout=1;jk_mode=max;learnable_curvature=0;lr=2e-05;num_layers=4;proj_dim=128;readout_clip=0.7;readout_scale=1;scorer_hidden=128;tau_quantile=0.38;weight_decay=5e-05,1.0,256,cosine,1,max,0,2e-05,4,128,0.7,1,128,0.38,5e-05,0.0,144.25,0.48953,0.0,,,,
glue|bert-base-uncased|cola_wide|B|t24|s42|tune,glue,bert-base-uncased,cola_wide,cola,B,tune,24,42,mcc,curvature=1.0;gat_hidden_dim=256;graph_metric=cosine;hyperbolic_readout=1;jk_mode=cat;learnable_curvature=0;lr=0.0002;num_layers=4;proj_dim=256;readout_clip=0.7;readout_scale=1;scorer_hidden=256;tau_quantile=0.025;weight_decay=0.0,1.0,256,cosine,1,cat,0,0.0002,4,256,0.7,1,256,0.025,0.0,40.85,140.02,0.13582,0.0,,,,
glue|bert-base-uncased|cola_wide|B|t25|s42|tune,glue,bert-base-uncased,cola_wide,cola,B,tune,25,42,mcc,curvature=1.0;gat_hidden_dim=256;graph_metric=cosine;hyperbolic_readout=1;jk_mode=cat;learnable_curvature=1;lr=2e-05;num_layers=4;proj_dim=512;readout_clip=1.0;readout_scale=0;scorer_hidden=128;tau_quantile=0.05;weight_decay=0.0,1.0,256,cosine,1,cat,1,2e-05,4,512,1.0,0,128,0.05,0.0,0.0,143.19,0.15963,0.0,,,,
glue|bert-base-uncased|cola_wide|B|t26|s42|tune,glue,bert-base-uncased,cola_wide,cola,B,tune,26,42,mcc,curvature=4.0;gat_hidden_dim=256;graph_metric=cosine;hyperbolic_readout=1;jk_mode=cat;learnable_curvature=0;lr=0.0002;num_layers=4;proj_dim=256;readout_clip=1.0;readout_scale=0;scorer_hidden=256;tau_quantile=0.2;weight_decay=0.0,4.0,256,cosine,1,cat,0,0.0002,4,256,1.0,0,256,0.2,0.0,38.35,140.95,0.30438,0.0,,,,
glue|bert-base-uncased|cola_wide|B|t27|s42|tune,glue,bert-base-uncased,cola_wide,cola,B,tune,27,42,mcc,curvature=4.0;gat_hidden_dim=64;graph_metric=cosine;hyperbolic_readout=1;jk_mode=cat;learnable_curvature=0;lr=0.001;num_layers=2;proj_dim=512;readout_clip=0.7;readout_scale=0;scorer_hidden=128;tau_quantile=0.2;weight_decay=1e-05,4.0,64,cosine,1,cat,0,0.001,2,512,0.7,0,128,0.2,1e-05,44.87,137.98,0.30454,0.0,,,,
glue|bert-base-uncased|cola_wide|B|t28|s42|tune,glue,bert-base-uncased,cola_wide,cola,B,tune,28,42,mcc,curvature=1.0;gat_hidden_dim=128;graph_metric=cosine;hyperbolic_readout=1;jk_mode=max;learnable_curvature=0;lr=0.001;num_layers=2;proj_dim=128;readout_clip=1.0;readout_scale=0;scorer_hidden=256;tau_quantile=0.2;weight_decay=0.0,1.0,128,cosine,1,max,0,0.001,2,128,1.0,0,256,0.2,0.0,45.59,137.51,0.30168,0.0,,,,
glue|bert-base-uncased|cola_wide|B|t29|s42|tune,glue,bert-base-uncased,cola_wide,cola,B,tune,29,42,mcc,curvature=1.0;gat_hidden_dim=256;graph_metric=cosine;hyperbolic_readout=1;jk_mode=max;learnable_curvature=0;lr=0.0002;num_layers=2;proj_dim=512;readout_clip=0.7;readout_scale=0;scorer_hidden=256;tau_quantile=0.38;weight_decay=0.0,1.0,256,cosine,1,max,0,0.0002,2,512,0.7,0,256,0.38,0.0,47.55,137.98,0.48358,0.0,,,,
glue|bert-base-uncased|cola_wide|B|t30|s42|tune,glue,bert-base-uncased,cola_wide,cola,B,tune,30,42,mcc,curvature=4.0;gat_hidden_dim=256;graph_metric=cosine;hyperbolic_readout=1;jk_mode=max;learnable_curvature=0;lr=0.0002;num_layers=4;proj_dim=128;readout_clip=0.7;readout_scale=1;scorer_hidden=256;tau_quantile=0.38;weight_decay=1e-05,4.0,256,cosine,1,max,0,0.0002,4,128,0.7,1,256,0.38,1e-05,46.25,139.67,0.48953,0.0,,,,
glue|bert-base-uncased|cola_wide|B|t31|s42|tune,glue,bert-base-uncased,cola_wide,cola,B,tune,31,42,mcc,curvature=0.25;gat_hidden_dim=128;graph_metric=cosine;hyperbolic_readout=1;jk_mode=max;learnable_curvature=1;lr=0.001;num_layers=2;proj_dim=128;readout_clip=0.0;readout_scale=1;scorer_hidden=256;tau_quantile=0.2;weight_decay=1e-05,0.25,128,cosine,1,max,1,0.001,2,128,0.0,1,256,0.2,1e-05,42.97,138.21,0.30168,0.0,,,,
glue|bert-base-uncased|cola_wide|B|t32|s42|tune,glue,bert-base-uncased,cola_wide,cola,B,tune,32,42,mcc,curvature=0.25;gat_hidden_dim=128;graph_metric=cosine;hyperbolic_readout=1;jk_mode=max;learnable_curvature=0;lr=0.0002;num_layers=2;proj_dim=512;readout_clip=1.0;readout_scale=0;scorer_hidden=256;tau_quantile=0.1;weight_decay=0.0,0.25,128,cosine,1,max,0,0.0002,2,512,1.0,0,256,0.1,0.0,44.76,136.24,0.20703,0.0,,,,
glue|bert-base-uncased|cola_wide|B|t33|s42|tune,glue,bert-base-uncased,cola_wide,cola,B,tune,33,42,mcc,curvature=0.25;gat_hidden_dim=64;graph_metric=cosine;hyperbolic_readout=1;jk_mode=max;learnable_curvature=0;lr=0.0002;num_layers=4;proj_dim=256;readout_clip=0.3;readout_scale=0;scorer_hidden=128;tau_quantile=0.025;weight_decay=5e-05,0.25,64,cosine,1,max,0,0.0002,4,256,0.3,0,128,0.025,5e-05,0.0,144.51,0.13287,0.0,,,,
glue|bert-base-uncased|cola_wide|B|t34|s42|tune,glue,bert-base-uncased,cola_wide,cola,B,tune,34,42,mcc,curvature=1.0;gat_hidden_dim=256;graph_metric=cosine;hyperbolic_readout=1;jk_mode=max;learnable_curvature=1;lr=2e-05;num_layers=4;proj_dim=512;readout_clip=0.3;readout_scale=1;scorer_hidden=256;tau_quantile=0.2;weight_decay=1e-05,1.0,256,cosine,1,max,1,2e-05,4,512,0.3,1,256,0.2,1e-05,0.0,145.51,0.30907,0.0,,,,
glue|bert-base-uncased|cola_wide|B|t35|s42|tune,glue,bert-base-uncased,cola_wide,cola,B,tune,35,42,mcc,curvature=0.25;gat_hidden_dim=128;graph_metric=cosine;hyperbolic_readout=1;jk_mode=max;learnable_curvature=0;lr=0.0002;num_layers=2;proj_dim=256;readout_clip=0.7;readout_scale=0;scorer_hidden=128;tau_quantile=0.2;weight_decay=1e-05,0.25,128,cosine,1,max,0,0.0002,2,256,0.7,0,128,0.2,1e-05,43.25,138.0,0.30168,0.0,,,,
glue|bert-base-uncased|cola_wide|B|t36|s42|tune,glue,bert-base-uncased,cola_wide,cola,B,tune,36,42,mcc,curvature=4.0;gat_hidden_dim=64;graph_metric=cosine;hyperbolic_readout=1;jk_mode=cat;learnable_curvature=1;lr=2e-05;num_layers=4;proj_dim=256;readout_clip=0.7;readout_scale=0;scorer_hidden=256;tau_quantile=0.05;weight_decay=5e-05,4.0,64,cosine,1,cat,1,2e-05,4,256,0.7,0,256,0.05,5e-05,0.0,142.08,0.15811,0.0,,,,
glue|bert-base-uncased|cola_wide|B|t37|s42|tune,glue,bert-base-uncased,cola_wide,cola,B,tune,37,42,mcc,curvature=4.0;gat_hidden_dim=64;graph_metric=cosine;hyperbolic_readout=1;jk_mode=max;learnable_curvature=1;lr=0.0002;num_layers=2;proj_dim=128;readout_clip=0.3;readout_scale=1;scorer_hidden=256;tau_quantile=0.1;weight_decay=5e-05,4.0,64,cosine,1,max,1,0.0002,2,128,0.3,1,256,0.1,5e-05,0.0,138.66,0.20894,0.0,,,,
glue|bert-base-uncased|cola_wide|B|t38|s42|tune,glue,bert-base-uncased,cola_wide,cola,B,tune,38,42,mcc,curvature=1.0;gat_hidden_dim=256;graph_metric=cosine;hyperbolic_readout=1;jk_mode=max;learnable_curvature=0;lr=0.0002;num_layers=4;proj_dim=128;readout_clip=0.0;readout_scale=0;scorer_hidden=256;tau_quantile=0.2;weight_decay=5e-05,1.0,256,cosine,1,max,0,0.0002,4,128,0.0,0,256,0.2,5e-05,46.65,142.71,0.30907,0.0,,,,
glue|bert-base-uncased|cola_wide|B|t39|s42|tune,glue,bert-base-uncased,cola_wide,cola,B,tune,39,42,mcc,curvature=4.0;gat_hidden_dim=128;graph_metric=cosine;hyperbolic_readout=1;jk_mode=max;learnable_curvature=0;lr=0.0002;num_layers=4;proj_dim=512;readout_clip=0.3;readout_scale=0;scorer_hidden=256;tau_quantile=0.05;weight_decay=0.0,4.0,128,cosine,1,max,0,0.0002,4,512,0.3,0,256,0.05,0.0,28.28,142.4,0.15949,0.0,,,,
glue|bert-base-uncased|cola_wide|BC|t0|s42|tune,glue,bert-base-uncased,cola_wide,cola,BC,tune,0,42,mcc,curvature=1.0;gat_hidden_dim=128;gnn_input_clip=0.7;gnn_input_scale=1;graph_metric=cosine;hyp_gnn_type=gat;hyperbolic_gnn=1;hyperbolic_readout=1;jk_mode=max;learnable_curvature=0;lr=2e-05;num_layers=2;proj_dim=512;readout_clip=0.7;readout_scale=1;scorer_hidden=256;tau_quantile=0.2;weight_decay=1e-05,1.0,128,cosine,1,max,0,2e-05,2,512,0.7,1,256,0.2,1e-05,0.0,153.13,0.30302,0.0,0.7,1,gat,1
glue|bert-base-uncased|cola_wide|BC|t1|s42|tune,glue,bert-base-uncased,cola_wide,cola,BC,tune,1,42,mcc,curvature=1.0;gat_hidden_dim=128;gnn_input_clip=0.7;gnn_input_scale=0;graph_metric=cosine;hyp_gnn_type=gcn;hyperbolic_gnn=1;hyperbolic_readout=1;jk_mode=cat;learnable_curvature=1;lr=0.001;num_layers=4;proj_dim=512;readout_clip=0.7;readout_scale=0;scorer_hidden=256;tau_quantile=0.2;weight_decay=1e-05,1.0,128,cosine,1,cat,1,0.001,4,512,0.7,0,256,0.2,1e-05,39.19,186.59,0.30184,0.0,0.7,0,gcn,1
glue|bert-base-uncased|cola_wide|BC|t2|s42|tune,glue,bert-base-uncased,cola_wide,cola,BC,tune,2,42,mcc,curvature=0.25;gat_hidden_dim=128;gnn_input_clip=1.0;gnn_input_scale=1;graph_metric=cosine;hyp_gnn_type=gat;hyperbolic_gnn=1;hyperbolic_readout=1;jk_mode=max;learnable_curvature=1;lr=0.001;num_layers=4;proj_dim=512;readout_clip=0.3;readout_scale=0;scorer_hidden=256;tau_quantile=0.38;weight_decay=0.0,0.25,128,cosine,1,max,1,0.001,4,512,0.3,0,256,0.38,0.0,44.35,169.87,0.48322,0.0,1.0,1,gat,1
glue|bert-base-uncased|cola_wide|BC|t3|s42|tune,glue,bert-base-uncased,cola_wide,cola,BC,tune,3,42,mcc,curvature=4.0;gat_hidden_dim=64;gnn_input_clip=0.7;gnn_input_scale=1;graph_metric=cosine;hyp_gnn_type=gcn;hyperbolic_gnn=1;hyperbolic_readout=1;jk_mode=cat;learnable_curvature=1;lr=0.0002;num_layers=2;proj_dim=128;readout_clip=0.3;readout_scale=0;scorer_hidden=128;tau_quantile=0.38;weight_decay=5e-05,4.0,64,cosine,1,cat,1,0.0002,2,128,0.3,0,128,0.38,5e-05,9.28,161.62,0.48522,0.0,0.7,1,gcn,1
glue|bert-base-uncased|cola_wide|BC|t4|s42|tune,glue,bert-base-uncased,cola_wide,cola,BC,tune,4,42,mcc,curvature=4.0;gat_hidden_dim=128;gnn_input_clip=0.7;gnn_input_scale=0;graph_metric=cosine;hyp_gnn_type=gcn;hyperbolic_gnn=1;hyperbolic_readout=1;jk_mode=cat;learnable_curvature=1;lr=0.0002;num_layers=2;proj_dim=128;readout_clip=0.0;readout_scale=1;scorer_hidden=128;tau_quantile=0.025;weight_decay=5e-05,4.0,128,cosine,1,cat,1,0.0002,2,128,0.0,1,128,0.025,5e-05,0.0,163.22,0.13446,0.0,0.7,0,gcn,1
glue|bert-base-uncased|cola_wide|BC|t5|s42|tune,glue,bert-base-uncased,cola_wide,cola,BC,tune,5,42,mcc,curvature=0.25;gat_hidden_dim=256;gnn_input_clip=0.3;gnn_input_scale=1;graph_metric=cosine;hyp_gnn_type=gcn;hyperbolic_gnn=1;hyperbolic_readout=1;jk_mode=max;learnable_curvature=0;lr=0.0002;num_layers=2;proj_dim=256;readout_clip=0.0;readout_scale=1;scorer_hidden=256;tau_quantile=0.05;weight_decay=1e-05,0.25,256,cosine,1,max,0,0.0002,2,256,0.0,1,256,0.05,1e-05,15.45,153.43,0.1581,0.0,0.3,1,gcn,1
glue|bert-base-uncased|cola_wide|BC|t6|s42|tune,glue,bert-base-uncased,cola_wide,cola,BC,tune,6,42,mcc,curvature=0.25;gat_hidden_dim=256;gnn_input_clip=1.0;gnn_input_scale=0;graph_metric=cosine;hyp_gnn_type=gat;hyperbolic_gnn=1;hyperbolic_readout=1;jk_mode=cat;learnable_curvature=0;lr=0.0002;num_layers=4;proj_dim=128;readout_clip=0.0;readout_scale=1;scorer_hidden=128;tau_quantile=0.2;weight_decay=5e-05,0.25,256,cosine,1,cat,0,0.0002,4,128,0.0,1,128,0.2,5e-05,33.13,165.23,0.2995,0.0,1.0,0,gat,1
glue|bert-base-uncased|cola_wide|BC|t7|s42|tune,glue,bert-base-uncased,cola_wide,cola,BC,tune,7,42,mcc,curvature=4.0;gat_hidden_dim=256;gnn_input_clip=0.7;gnn_input_scale=1;graph_metric=cosine;hyp_gnn_type=gcn;hyperbolic_gnn=1;hyperbolic_readout=1;jk_mode=max;learnable_curvature=1;lr=2e-05;num_layers=2;proj_dim=128;readout_clip=1.0;readout_scale=0;scorer_hidden=128;tau_quantile=0.05;weight_decay=5e-05,4.0,256,cosine,1,max,1,2e-05,2,128,1.0,0,128,0.05,5e-05,0.0,157.24,0.1581,0.0,0.7,1,gcn,1
glue|bert-base-uncased|cola_wide|BC|t8|s42|tune,glue,bert-base-uncased,cola_wide,cola,BC,tune,8,42,mcc,curvature=4.0;gat_hidden_dim=256;gnn_input_clip=0.0;gnn_input_scale=1;graph_metric=cosine;hyp_gnn_type=gcn;hyperbolic_gnn=1;hyperbolic_readout=1;jk_mode=max;learnable_curvature=1;lr=0.001;num_layers=2;proj_dim=512;readout_clip=0.0;readout_scale=0;scorer_hidden=128;tau_quantile=0.38;weight_decay=5e-05,4.0,256,cosine,1,max,1,0.001,2,512,0.0,0,128,0.38,5e-05,44.55,162.68,0.48446,0.0,0.0,1,gcn,1
glue|bert-base-uncased|cola_wide|BC|t9|s42|tune,glue,bert-base-uncased,cola_wide,cola,BC,tune,9,42,mcc,curvature=1.0;gat_hidden_dim=256;gnn_input_clip=0.7;gnn_input_scale=1;graph_metric=cosine;hyp_gnn_type=gcn;hyperbolic_gnn=1;hyperbolic_readout=1;jk_mode=cat;learnable_curvature=1;lr=2e-05;num_layers=4;proj_dim=128;readout_clip=0.0;readout_scale=0;scorer_hidden=256;tau_quantile=0.2;weight_decay=1e-05,1.0,256,cosine,1,cat,1,2e-05,4,128,0.0,0,256,0.2,1e-05,0.0,180.04,0.30568,0.0,0.7,1,gcn,1
glue|bert-base-uncased|cola_wide|BC|t10|s42|tune,glue,bert-base-uncased,cola_wide,cola,BC,tune,10,42,mcc,curvature=1.0;gat_hidden_dim=256;gnn_input_clip=0.7;gnn_input_scale=0;graph_metric=cosine;hyp_gnn_type=gcn;hyperbolic_gnn=1;hyperbolic_readout=1;jk_mode=cat;learnable_curvature=1;lr=0.001;num_layers=2;proj_dim=128;readout_clip=0.3;readout_scale=0;scorer_hidden=128;tau_quantile=0.38;weight_decay=1e-05,1.0,256,cosine,1,cat,1,0.001,2,128,0.3,0,128,0.38,1e-05,41.81,157.79,0.48523,0.0,0.7,0,gcn,1
glue|bert-base-uncased|cola_wide|BC|t11|s42|tune,glue,bert-base-uncased,cola_wide,cola,BC,tune,11,42,mcc,curvature=0.25;gat_hidden_dim=128;gnn_input_clip=1.0;gnn_input_scale=1;graph_metric=cosine;hyp_gnn_type=gcn;hyperbolic_gnn=1;hyperbolic_readout=1;jk_mode=cat;learnable_curvature=0;lr=0.0002;num_layers=4;proj_dim=512;readout_clip=1.0;readout_scale=1;scorer_hidden=128;tau_quantile=0.025;weight_decay=1e-05,0.25,128,cosine,1,cat,0,0.0002,4,512,1.0,1,128,0.025,1e-05,41.54,170.97,0.1326,0.0,1.0,1,gcn,1
glue|bert-base-uncased|cola_wide|BC|t12|s42|tune,glue,bert-base-uncased,cola_wide,cola,BC,tune,12,42,mcc,curvature=1.0;gat_hidden_dim=64;gnn_input_clip=0.3;gnn_input_scale=0;graph_metric=cosine;hyp_gnn_type=gat;hyperbolic_gnn=1;hyperbolic_readout=1;jk_mode=cat;learnable_curvature=1;lr=2e-05;num_layers=4;proj_dim=256;readout_clip=0.0;readout_scale=1;scorer_hidden=128;tau_quantile=0.025;weight_decay=0.0,1.0,64,cosine,1,cat,1,2e-05,4,256,0.0,1,128,0.025,0.0,0.0,170.1,0.13094,0.0,0.3,0,gat,1
glue|bert-base-uncased|cola_wide|BC|t13|s42|tune,glue,bert-base-uncased,cola_wide,cola,BC,tune,13,42,mcc,curvature=4.0;gat_hidden_dim=256;gnn_input_clip=0.0;gnn_input_scale=1;graph_metric=cosine;hyp_gnn_type=gat;hyperbolic_gnn=1;hyperbolic_readout=1;jk_mode=max;learnable_curvature=1;lr=0.001;num_layers=2;proj_dim=128;readout_clip=1.0;readout_scale=0;scorer_hidden=256;tau_quantile=0.05;weight_decay=5e-05,4.0,256,cosine,1,max,1,0.001,2,128,1.0,0,256,0.05,5e-05,44.66,156.91,0.15701,0.0,0.0,1,gat,1
glue|bert-base-uncased|cola_wide|BC|t14|s42|tune,glue,bert-base-uncased,cola_wide,cola,BC,tune,14,42,mcc,curvature=4.0;gat_hidden_dim=64;gnn_input_clip=0.3;gnn_input_scale=0;graph_metric=cosine;hyp_gnn_type=gat;hyperbolic_gnn=1;hyperbolic_readout=1;jk_mode=cat;learnable_curvature=0;lr=0.0002;num_layers=2;proj_dim=256;readout_clip=0.0;readout_scale=0;scorer_hidden=256;tau_quantile=0.1;weight_decay=1e-05,4.0,64,cosine,1,cat,0,0.0002,2,256,0.0,0,256,0.1,1e-05,29.92,149.45,0.2085,0.0,0.3,0,gat,1
glue|bert-base-uncased|cola_wide|BC|t15|s42|tune,glue,bert-base-uncased,cola_wide,cola,BC,tune,15,42,mcc,curvature=0.25;gat_hidden_dim=64;gnn_input_clip=0.3;gnn_input_scale=1;graph_metric=cosine;hyp_gnn_type=gat;hyperbolic_gnn=1;hyperbolic_readout=1;jk_mode=cat;learnable_curvature=0;lr=0.001;num_layers=4;proj_dim=256;readout_clip=0.0;readout_scale=0;scorer_hidden=256;tau_quantile=0.1;weight_decay=1e-05,0.25,64,cosine,1,cat,0,0.001,4,256,0.0,0,256,0.1,1e-05,41.81,165.2,0.20389,0.0,0.3,1,gat,1
glue|bert-base-uncased|cola_wide|BC|t16|s42|tune,glue,bert-base-uncased,cola_wide,cola,BC,tune,16,42,mcc,curvature=0.25;gat_hidden_dim=64;gnn_input_clip=1.0;gnn_input_scale=1;graph_metric=cosine;hyp_gnn_type=gcn;hyperbolic_gnn=1;hyperbolic_readout=1;jk_mode=cat;learnable_curvature=1;lr=2e-05;num_layers=4;proj_dim=256;readout_clip=0.7;readout_scale=0;scorer_hidden=256;tau_quantile=0.025;weight_decay=1e-05,0.25,64,cosine,1,cat,1,2e-05,4,256,0.7,0,256,0.025,1e-05,0.0,179.51,0.13823,0.0,1.0,1,gcn,1
glue|bert-base-uncased|cola_wide|BC|t17|s42|tune,glue,bert-base-uncased,cola_wide,cola,BC,tune,17,42,mcc,curvature=0.25;gat_hidden_dim=128;gnn_input_clip=0.0;gnn_input_scale=1;graph_metric=cosine;hyp_gnn_type=gcn;hyperbolic_gnn=1;hyperbolic_readout=1;jk_mode=cat;learnable_curvature=1;lr=0.0002;num_layers=4;proj_dim=128;readout_clip=0.3;readout_scale=0;scorer_hidden=256;tau_quantile=0.025;weight_decay=1e-05,0.25,128,cosine,1,cat,1,0.0002,4,128,0.3,0,256,0.025,1e-05,0.0,176.49,0.1326,0.0,0.0,1,gcn,1
glue|bert-base-uncased|cola_wide|BC|t18|s42|tune,glue,bert-base-uncased,cola_wide,cola,BC,tune,18,42,mcc,curvature=0.25;gat_hidden_dim=64;gnn_input_clip=0.7;gnn_input_scale=0;graph_metric=cosine;hyp_gnn_type=gat;hyperbolic_gnn=1;hyperbolic_readout=1;jk_mode=cat;learnable_curvature=1;lr=0.0002;num_layers=4;proj_dim=128;readout_clip=0.0;readout_scale=0;scorer_hidden=256;tau_quantile=0.05;weight_decay=0.0,0.25,64,cosine,1,cat,1,0.0002,4,128,0.0,0,256,0.05,0.0,24.97,166.37,0.15406,0.0,0.7,0,gat,1
glue|bert-base-uncased|cola_wide|BC|t19|s42|tune,glue,bert-base-uncased,cola_wide,cola,BC,tune,19,42,mcc,curvature=0.25;gat_hidden_dim=64;gnn_input_clip=0.0;gnn_input_scale=1;graph_metric=cosine;hyp_gnn_type=gat;hyperbolic_gnn=1;hyperbolic_readout=1;jk_mode=cat;learnable_curvature=0;lr=0.0002;num_layers=2;proj_dim=128;readout_clip=0.7;readout_scale=1;scorer_hidden=256;tau_quantile=0.38;weight_decay=5e-05,0.25,64,cosine,1,cat,0,0.0002,2,128,0.7,1,256,0.38,5e-05,31.63,151.75,0.48488,0.0,0.0,1,gat,1
glue|bert-base-uncased|cola_wide|BC|t20|s42|tune,glue,bert-base-uncased,cola_wide,cola,BC,tune,20,42,mcc,curvature=0.25;gat_hidden_dim=64;gnn_input_clip=1.0;gnn_input_scale=0;graph_metric=cosine;hyp_gnn_type=gcn;hyperbolic_gnn=1;hyperbolic_readout=1;jk_mode=max;learnable_curvature=1;lr=2e-05;num_layers=2;proj_dim=128;readout_clip=0.0;readout_scale=1;scorer_hidden=128;tau_quantile=0.025;weight_decay=0.0,0.25,64,cosine,1,max,1,2e-05,2,128,0.0,1,128,0.025,0.0,0.0,161.31,0.13759,0.0,1.0,0,gcn,1
glue|bert-base-uncased|cola_wide|BC|t21|s42|tune,glue,bert-base-uncased,cola_wide,cola,BC,tune,21,42,mcc,curvature=1.0;gat_hidden_dim=64;gnn_input_clip=1.0;gnn_input_scale=0;graph_metric=cosine;hyp_gnn_type=gcn;hyperbolic_gnn=1;hyperbolic_readout=1;jk_mode=max;learnable_curvature=1;lr=2e-05;num_layers=2;proj_dim=128;readout_clip=0.0;readout_scale=1;scorer_hidden=128;tau_quantile=0.1;weight_decay=0.0,1.0,64,cosine,1,max,1,2e-05,2,128,0.0,1,128,0.1,0.0,0.0,159.2,0.20956,0.0,1.0,0,gcn,1
glue|bert-base-uncased|cola_wide|BC|t22|s42|tune,glue,bert-base-uncased,cola_wide,cola,BC,tune,22,42,mcc,curvature=4.0;gat_hidden_dim=256;gnn_input_clip=0.0;gnn_input_scale=0;graph_metric=cosine;hyp_gnn_type=gcn;hyperbolic_gnn=1;hyperbolic_readout=1;jk_mode=max;learnable_curvature=1;lr=0.001;num_layers=2;proj_dim=256;readout_clip=1.0;readout_scale=0;scorer_hidden=256;tau_quantile=0.05;weight_decay=0.0,4.0,256,cosine,1,max,1,0.001,2,256,1.0,0,256,0.05,0.0,44.56,160.55,0.1581,0.0,0.0,0,gcn,1
glue|bert-base-uncased|cola_wide|BC|t23|s42|tune,glue,bert-base-uncased,cola_wide,cola,BC,tune,23,42,mcc,curvature=4.0;gat_hidden_dim=64;gnn_input_clip=0.0;gnn_input_scale=0;graph_metric=cosine;hyp_gnn_type=gat;hyperbolic_gnn=1;hyperbolic_readout=1;jk_mode=max;learnable_curvature=1;lr=0.001;num_layers=2;proj_dim=512;readout_clip=0.7;readout_scale=0;scorer_hidden=128;tau_quantile=0.38;weight_decay=0.0,4.0,64,cosine,1,max,1,0.001,2,512,0.7,0,128,0.38,0.0,44.32,153.69,0.48413,0.0,0.0,0,gat,1
glue|bert-base-uncased|cola_wide|BC|t24|s42|tune,glue,bert-base-uncased,cola_wide,cola,BC,tune,24,42,mcc,curvature=4.0;gat_hidden_dim=128;gnn_input_clip=0.0;gnn_input_scale=1;graph_metric=cosine;hyp_gnn_type=gcn;hyperbolic_gnn=1;hyperbolic_readout=1;jk_mode=cat;learnable_curvature=0;lr=0.0002;num_layers=2;proj_dim=256;readout_clip=0.7;readout_scale=0;scorer_hidden=256;tau_quantile=0.1;weight_decay=0.0,4.0,128,cosine,1,cat,0,0.0002,2,256,0.7,0,256,0.1,0.0,0.0,154.28,0.20845,0.0,0.0,1,gcn,1
glue|bert-base-uncased|cola_wide|BC|t25|s42|tune,glue,bert-base-uncased,cola_wide,cola,BC,tune,25,42,mcc,curvature=0.25;gat_hidden_dim=256;gnn_input_clip=0.0;gnn_input_scale=1;graph_metric=cosine;hyp_gnn_type=gat;hyperbolic_gnn=1;hyperbolic_readout=1;jk_mode=cat;learnable_curvature=1;lr=2e-05;num_layers=2;proj_dim=128;readout_clip=0.7;readout_scale=0;scorer_hidden=256;tau_quantile=0.2;weight_decay=1e-05,0.25,256,cosine,1,cat,1,2e-05,2,128,0.7,0,256,0.2,1e-05,0.0,153.26,0.3045,0.0,0.0,1,gat,1
glue|bert-base-uncased|cola_wide|BC|t26|s42|tune,glue,bert-base-uncased,cola_wide,cola,BC,tune,26,42,mcc,curvature=1.0;gat_hidden_dim=64;gnn_input_clip=1.0;gnn_input_scale=0;graph_metric=cosine;hyp_gnn_type=gat;hyperbolic_gnn=1;hyperbolic_readout=1;jk_mode=max;learnable_curvature=1;lr=0.001;num_layers=4;proj_dim=512;readout_clip=0.7;readout_scale=1;scorer_hidden=256;tau_quantile=0.2;weight_decay=5e-05,1.0,64,cosine,1,max,1,0.001,4,512,0.7,1,256,0.2,5e-05,42.97,169.43,0.30344,0.0,1.0,0,gat,1
glue|bert-base-uncased|cola_wide|BC|t27|s42|tune,glue,bert-base-uncased,cola_wide,cola,BC,tune,27,42,mcc,curvature=1.0;gat_hidden_dim=64;gnn_input_clip=0.3;gnn_input_scale=1;graph_metric=cosine;hyp_gnn_type=gcn;hyperbolic_gnn=1;hyperbolic_readout=1;jk_mode=cat;learnable_curvature=0;lr=0.0002;num_layers=2;proj_dim=512;readout_clip=0.3;readout_scale=0;scorer_hidden=256;tau_quantile=0.025;weight_decay=5e-05,1.0,64,cosine,1,cat,0,0.0002,2,512,0.3,0,256,0.025,5e-05,8.04,153.53,0.13685,0.0,0.3,1,gcn,1
glue|bert-base-uncased|cola_wide|BC|t28|s42|tune,glue,bert-base-uncased,cola_wide,cola,BC,tune,28,42,mcc,curvature=4.0;gat_hidden_dim=256;gnn_input_clip=0.7;gnn_input_scale=1;graph_metric=cosine;hyp_gnn_type=gat;hyperbolic_gnn=1;hyperbolic_readout=1;jk_mode=cat;learnable_curvature=0;lr=0.0002;num_layers=2;proj_dim=128;readout_clip=0.3;readout_scale=1;scorer_hidden=256;tau_quantile=0.2;weight_decay=1e-05,4.0,256,cosine,1,cat,0,0.0002,2,128,0.3,1,256,0.2,1e-05,0.0,153.5,0.3045,0.0,0.7,1,gat,1
glue|bert-base-uncased|cola_wide|BC|t29|s42|tune,glue,bert-base-uncased,cola_wide,cola,BC,tune,29,42,mcc,curvature=0.25;gat_hidden_dim=64;gnn_input_clip=0.3;gnn_input_scale=0;graph_metric=cosine;hyp_gnn_type=gat;hyperbolic_gnn=1;hyperbolic_readout=1;jk_mode=cat;learnable_curvature=1;lr=2e-05;num_layers=2;proj_dim=512;readout_clip=0.7;readout_scale=0;scorer_hidden=128;tau_quantile=0.38;weight_decay=0.0,0.25,64,cosine,1,cat,1,2e-05,2,512,0.7,0,128,0.38,0.0,0.0,160.77,0.48488,0.0,0.3,0,gat,1
glue|bert-base-uncased|cola_wide|BC|t30|s42|tune,glue,bert-base-uncased,cola_wide,cola,BC,tune,30,42,mcc,curvature=1.0;gat_hidden_dim=64;gnn_input_clip=1.0;gnn_input_scale=1;graph_metric=cosine;hyp_gnn_type=gat;hyperbolic_gnn=1;hyperbolic_readout=1;jk_mode=cat;learnable_curvature=1;lr=0.0002;num_layers=2;proj_dim=128;readout_clip=0.0;readout_scale=1;scorer_hidden=256;tau_quantile=0.025;weight_decay=1e-05,1.0,64,cosine,1,cat,1,0.0002,2,128,0.0,1,256,0.025,1e-05,31.07,155.91,0.13518,0.0,1.0,1,gat,1
glue|bert-base-uncased|cola_wide|BC|t31|s42|tune,glue,bert-base-uncased,cola_wide,cola,BC,tune,31,42,mcc,curvature=0.25;gat_hidden_dim=256;gnn_input_clip=0.3;gnn_input_scale=0;graph_metric=cosine;hyp_gnn_type=gat;hyperbolic_gnn=1;hyperbolic_readout=1;jk_mode=max;learnable_curvature=1;lr=0.001;num_layers=4;proj_dim=512;readout_clip=0.0;readout_scale=0;scorer_hidden=256;tau_quantile=0.2;weight_decay=0.0,0.25,256,cosine,1,max,1,0.001,4,512,0.0,0,256,0.2,0.0,45.59,171.66,0.30241,0.0,0.3,0,gat,1
glue|bert-base-uncased|cola_wide|BC|t32|s42|tune,glue,bert-base-uncased,cola_wide,cola,BC,tune,32,42,mcc,curvature=0.25;gat_hidden_dim=128;gnn_input_clip=1.0;gnn_input_scale=0;graph_metric=cosine;hyp_gnn_type=gat;hyperbolic_gnn=1;hyperbolic_readout=1;jk_mode=max;learnable_curvature=1;lr=0.001;num_layers=2;proj_dim=128;readout_clip=0.0;readout_scale=0;scorer_hidden=128;tau_quantile=0.2;weight_decay=0.0,0.25,128,cosine,1,max,1,0.001,2,128,0.0,0,128,0.2,0.0,48.23,154.11,0.30302,0.0,1.0,0,gat,1
glue|bert-base-uncased|cola_wide|BC|t33|s42|tune,glue,bert-base-uncased,cola_wide,cola,BC,tune,33,42,mcc,curvature=1.0;gat_hidden_dim=64;gnn_input_clip=0.0;gnn_input_scale=1;graph_metric=cosine;hyp_gnn_type=gat;hyperbolic_gnn=1;hyperbolic_readout=1;jk_mode=max;learnable_curvature=1;lr=0.0002;num_layers=4;proj_dim=128;readout_clip=0.7;readout_scale=0;scorer_hidden=128;tau_quantile=0.05;weight_decay=5e-05,1.0,64,cosine,1,max,1,0.0002,4,128,0.7,0,128,0.05,5e-05,37.91,170.94,0.15804,0.0,0.0,1,gat,1
glue|bert-base-uncased|cola_wide|BC|t34|s42|tune,glue,bert-base-uncased,cola_wide,cola,BC,tune,34,42,mcc,curvature=4.0;gat_hidden_dim=128;gnn_input_clip=0.0;gnn_input_scale=1;graph_metric=cosine;hyp_gnn_type=gat;hyperbolic_gnn=1;hyperbolic_readout=1;jk_mode=cat;learnable_curvature=0;lr=0.0002;num_layers=2;proj_dim=128;readout_clip=1.0;readout_scale=0;scorer_hidden=256;tau_quantile=0.025;weight_decay=0.0,4.0,128,cosine,1,cat,0,0.0002,2,128,1.0,0,256,0.025,0.0,18.81,154.39,0.13523,0.0,0.0,1,gat,1
glue|bert-base-uncased|cola_wide|BC|t35|s42|tune,glue,bert-base-uncased,cola_wide,cola,BC,tune,35,42,mcc,curvature=0.25;gat_hidden_dim=64;gnn_input_clip=0.3;gnn_input_scale=1;graph_metric=cosine;hyp_gnn_type=gat;hyperbolic_gnn=1;hyperbolic_readout=1;jk_mode=cat;learnable_curvature=1;lr=0.0002;num_layers=4;proj_dim=512;readout_clip=0.7;readout_scale=0;scorer_hidden=128;tau_quantile=0.38;weight_decay=1e-05,0.25,64,cosine,1,cat,1,0.0002,4,512,0.7,0,128,0.38,1e-05,0.0,174.99,0.48024,0.0,0.3,1,gat,1
glue|bert-base-uncased|cola_wide|BC|t36|s42|tune,glue,bert-base-uncased,cola_wide,cola,BC,tune,36,42,mcc,curvature=4.0;gat_hidden_dim=256;gnn_input_clip=0.7;gnn_input_scale=1;graph_metric=cosine;hyp_gnn_type=gat;hyperbolic_gnn=1;hyperbolic_readout=1;jk_mode=cat;learnable_curvature=1;lr=0.0002;num_layers=4;proj_dim=128;readout_clip=0.3;readout_scale=1;scorer_hidden=128;tau_quantile=0.05;weight_decay=1e-05,4.0,256,cosine,1,cat,1,0.0002,4,128,0.3,1,128,0.05,1e-05,9.28,176.01,0.15397,0.0,0.7,1,gat,1
glue|bert-base-uncased|cola_wide|BC|t37|s42|tune,glue,bert-base-uncased,cola_wide,cola,BC,tune,37,42,mcc,curvature=0.25;gat_hidden_dim=64;gnn_input_clip=0.3;gnn_input_scale=1;graph_metric=cosine;hyp_gnn_type=gcn;hyperbolic_gnn=1;hyperbolic_readout=1;jk_mode=max;learnable_curvature=1;lr=0.0002;num_layers=4;proj_dim=128;readout_clip=1.0;readout_scale=1;scorer_hidden=128;tau_quantile=0.38;weight_decay=5e-05,0.25,64,cosine,1,max,1,0.0002,4,128,1.0,1,128,0.38,5e-05,0.0,178.78,0.47901,0.0,0.3,1,gcn,1
glue|bert-base-uncased|cola_wide|BC|t38|s42|tune,glue,bert-base-uncased,cola_wide,cola,BC,tune,38,42,mcc,curvature=4.0;gat_hidden_dim=64;gnn_input_clip=1.0;gnn_input_scale=0;graph_metric=cosine;hyp_gnn_type=gcn;hyperbolic_gnn=1;hyperbolic_readout=1;jk_mode=cat;learnable_curvature=0;lr=0.0002;num_layers=4;proj_dim=512;readout_clip=0.0;readout_scale=1;scorer_hidden=128;tau_quantile=0.38;weight_decay=1e-05,4.0,64,cosine,1,cat,0,0.0002,4,512,0.0,1,128,0.38,1e-05,0.0,171.57,0.48547,0.0,1.0,0,gcn,1
glue|bert-base-uncased|cola_wide|BC|t39|s42|tune,glue,bert-base-uncased,cola_wide,cola,BC,tune,39,42,mcc,curvature=0.25;gat_hidden_dim=64;gnn_input_clip=0.3;gnn_input_scale=1;graph_metric=cosine;hyp_gnn_type=gcn;hyperbolic_gnn=1;hyperbolic_readout=1;jk_mode=max;learnable_curvature=1;lr=2e-05;num_layers=4;proj_dim=128;readout_clip=0.0;readout_scale=0;scorer_hidden=128;tau_quantile=0.05;weight_decay=1e-05,0.25,64,cosine,1,max,1,2e-05,4,128,0.0,0,128,0.05,1e-05,11.86,181.85,0.15336,0.0,0.3,1,gcn,1
glue|bert-base-uncased|cola_wide|B|t29|s1|confirm,glue,bert-base-uncased,cola_wide,cola,B,confirm,29,1,mcc,curvature=1.0;gat_hidden_dim=256;graph_metric=cosine;hyperbolic_readout=1;jk_mode=max;learnable_curvature=0;lr=0.0002;num_layers=2;proj_dim=512;readout_clip=0.7;readout_scale=0;scorer_hidden=256;tau_quantile=0.38;weight_decay=0.0,1.0,256,cosine,1,max,0,0.0002,2,512,0.7,0,256,0.38,0.0,45.0,138.36,0.48591,0.0,,,,
glue|bert-base-uncased|cola_wide|B|t29|s2|confirm,glue,bert-base-uncased,cola_wide,cola,B,confirm,29,2,mcc,curvature=1.0;gat_hidden_dim=256;graph_metric=cosine;hyperbolic_readout=1;jk_mode=max;learnable_curvature=0;lr=0.0002;num_layers=2;proj_dim=512;readout_clip=0.7;readout_scale=0;scorer_hidden=256;tau_quantile=0.38;weight_decay=0.0,1.0,256,cosine,1,max,0,0.0002,2,512,0.7,0,256,0.38,0.0,42.48,137.32,0.48604,0.0,,,,
glue|bert-base-uncased|cola_wide|B|t29|s3|confirm,glue,bert-base-uncased,cola_wide,cola,B,confirm,29,3,mcc,curvature=1.0;gat_hidden_dim=256;graph_metric=cosine;hyperbolic_readout=1;jk_mode=max;learnable_curvature=0;lr=0.0002;num_layers=2;proj_dim=512;readout_clip=0.7;readout_scale=0;scorer_hidden=256;tau_quantile=0.38;weight_decay=0.0,1.0,256,cosine,1,max,0,0.0002,2,512,0.7,0,256,0.38,0.0,44.33,138.5,0.48746,0.0,,,,
glue|bert-base-uncased|cola_wide|B|t29|s4|confirm,glue,bert-base-uncased,cola_wide,cola,B,confirm,29,4,mcc,curvature=1.0;gat_hidden_dim=256;graph_metric=cosine;hyperbolic_readout=1;jk_mode=max;learnable_curvature=0;lr=0.0002;num_layers=2;proj_dim=512;readout_clip=0.7;readout_scale=0;scorer_hidden=256;tau_quantile=0.38;weight_decay=0.0,1.0,256,cosine,1,max,0,0.0002,2,512,0.7,0,256,0.38,0.0,46.42,139.44,0.48578,0.0,,,,
glue|bert-base-uncased|cola_wide|B|t29|s5|confirm,glue,bert-base-uncased,cola_wide,cola,B,confirm,29,5,mcc,curvature=1.0;gat_hidden_dim=256;graph_metric=cosine;hyperbolic_readout=1;jk_mode=max;learnable_curvature=0;lr=0.0002;num_layers=2;proj_dim=512;readout_clip=0.7;readout_scale=0;scorer_hidden=256;tau_quantile=0.38;weight_decay=0.0,1.0,256,cosine,1,max,0,0.0002,2,512,0.7,0,256,0.38,0.0,42.06,137.38,0.48665,0.0,,,,
glue|bert-base-uncased|cola_wide|B|t29|s6|confirm,glue,bert-base-uncased,cola_wide,cola,B,confirm,29,6,mcc,curvature=1.0;gat_hidden_dim=256;graph_metric=cosine;hyperbolic_readout=1;jk_mode=max;learnable_curvature=0;lr=0.0002;num_layers=2;proj_dim=512;readout_clip=0.7;readout_scale=0;scorer_hidden=256;tau_quantile=0.38;weight_decay=0.0,1.0,256,cosine,1,max,0,0.0002,2,512,0.7,0,256,0.38,0.0,43.79,138.7,0.48429,0.0,,,,
glue|bert-base-uncased|cola_wide|B|t29|s7|confirm,glue,bert-base-uncased,cola_wide,cola,B,confirm,29,7,mcc,curvature=1.0;gat_hidden_dim=256;graph_metric=cosine;hyperbolic_readout=1;jk_mode=max;learnable_curvature=0;lr=0.0002;num_layers=2;proj_dim=512;readout_clip=0.7;readout_scale=0;scorer_hidden=256;tau_quantile=0.38;weight_decay=0.0,1.0,256,cosine,1,max,0,0.0002,2,512,0.7,0,256,0.38,0.0,41.43,138.49,0.48472,0.0,,,,
glue|bert-base-uncased|cola_wide|B|t29|s8|confirm,glue,bert-base-uncased,cola_wide,cola,B,confirm,29,8,mcc,curvature=1.0;gat_hidden_dim=256;graph_metric=cosine;hyperbolic_readout=1;jk_mode=max;learnable_curvature=0;lr=0.0002;num_layers=2;proj_dim=512;readout_clip=0.7;readout_scale=0;scorer_hidden=256;tau_quantile=0.38;weight_decay=0.0,1.0,256,cosine,1,max,0,0.0002,2,512,0.7,0,256,0.38,0.0,44.24,137.64,0.48715,0.0,,,,
glue|bert-base-uncased|cola_wide|B|t29|s9|confirm,glue,bert-base-uncased,cola_wide,cola,B,confirm,29,9,mcc,curvature=1.0;gat_hidden_dim=256;graph_metric=cosine;hyperbolic_readout=1;jk_mode=max;learnable_curvature=0;lr=0.0002;num_layers=2;proj_dim=512;readout_clip=0.7;readout_scale=0;scorer_hidden=256;tau_quantile=0.38;weight_decay=0.0,1.0,256,cosine,1,max,0,0.0002,2,512,0.7,0,256,0.38,0.0,45.71,135.72,0.4804,0.0,,,,
glue|bert-base-uncased|cola_wide|B|t29|s10|confirm,glue,bert-base-uncased,cola_wide,cola,B,confirm,29,10,mcc,curvature=1.0;gat_hidden_dim=256;graph_metric=cosine;hyperbolic_readout=1;jk_mode=max;learnable_curvature=0;lr=0.0002;num_layers=2;proj_dim=512;readout_clip=0.7;readout_scale=0;scorer_hidden=256;tau_quantile=0.38;weight_decay=0.0,1.0,256,cosine,1,max,0,0.0002,2,512,0.7,0,256,0.38,0.0,44.62,137.55,0.48311,0.0,,,,
glue|bert-base-uncased|cola_wide|B|t29|s11|confirm,glue,bert-base-uncased,cola_wide,cola,B,confirm,29,11,mcc,curvature=1.0;gat_hidden_dim=256;graph_metric=cosine;hyperbolic_readout=1;jk_mode=max;learnable_curvature=0;lr=0.0002;num_layers=2;proj_dim=512;readout_clip=0.7;readout_scale=0;scorer_hidden=256;tau_quantile=0.38;weight_decay=0.0,1.0,256,cosine,1,max,0,0.0002,2,512,0.7,0,256,0.38,0.0,46.18,139.36,0.48863,0.0,,,,
glue|bert-base-uncased|cola_wide|B|t29|s12|confirm,glue,bert-base-uncased,cola_wide,cola,B,confirm,29,12,mcc,curvature=1.0;gat_hidden_dim=256;graph_metric=cosine;hyperbolic_readout=1;jk_mode=max;learnable_curvature=0;lr=0.0002;num_layers=2;proj_dim=512;readout_clip=0.7;readout_scale=0;scorer_hidden=256;tau_quantile=0.38;weight_decay=0.0,1.0,256,cosine,1,max,0,0.0002,2,512,0.7,0,256,0.38,0.0,42.97,137.46,0.48162,0.0,,,,
glue|bert-base-uncased|cola_wide|B|t29|s13|confirm,glue,bert-base-uncased,cola_wide,cola,B,confirm,29,13,mcc,curvature=1.0;gat_hidden_dim=256;graph_metric=cosine;hyperbolic_readout=1;jk_mode=max;learnable_curvature=0;lr=0.0002;num_layers=2;proj_dim=512;readout_clip=0.7;readout_scale=0;scorer_hidden=256;tau_quantile=0.38;weight_decay=0.0,1.0,256,cosine,1,max,0,0.0002,2,512,0.7,0,256,0.38,0.0,45.13,136.5,0.4843,0.0,,,,
glue|bert-base-uncased|cola_wide|B|t29|s14|confirm,glue,bert-base-uncased,cola_wide,cola,B,confirm,29,14,mcc,curvature=1.0;gat_hidden_dim=256;graph_metric=cosine;hyperbolic_readout=1;jk_mode=max;learnable_curvature=0;lr=0.0002;num_layers=2;proj_dim=512;readout_clip=0.7;readout_scale=0;scorer_hidden=256;tau_quantile=0.38;weight_decay=0.0,1.0,256,cosine,1,max,0,0.0002,2,512,0.7,0,256,0.38,0.0,43.95,136.11,0.48361,0.0,,,,
glue|bert-base-uncased|cola_wide|B|t29|s15|confirm,glue,bert-base-uncased,cola_wide,cola,B,confirm,29,15,mcc,curvature=1.0;gat_hidden_dim=256;graph_metric=cosine;hyperbolic_readout=1;jk_mode=max;learnable_curvature=0;lr=0.0002;num_layers=2;proj_dim=512;readout_clip=0.7;readout_scale=0;scorer_hidden=256;tau_quantile=0.38;weight_decay=0.0,1.0,256,cosine,1,max,0,0.0002,2,512,0.7,0,256,0.38,0.0,43.27,136.55,0.48282,0.0,,,,
glue|bert-base-uncased|cola_wide|BC|t32|s1|confirm,glue,bert-base-uncased,cola_wide,cola,BC,confirm,32,1,mcc,curvature=0.25;gat_hidden_dim=128;gnn_input_clip=1.0;gnn_input_scale=0;graph_metric=cosine;hyp_gnn_type=gat;hyperbolic_gnn=1;hyperbolic_readout=1;jk_mode=max;learnable_curvature=1;lr=0.001;num_layers=2;proj_dim=128;readout_clip=0.0;readout_scale=0;scorer_hidden=128;tau_quantile=0.2;weight_decay=0.0,0.25,128,cosine,1,max,1,0.001,2,128,0.0,0,128,0.2,0.0,44.77,154.85,0.30322,0.0,1.0,0,gat,1
glue|bert-base-uncased|cola_wide|BC|t32|s2|confirm,glue,bert-base-uncased,cola_wide,cola,BC,confirm,32,2,mcc,curvature=0.25;gat_hidden_dim=128;gnn_input_clip=1.0;gnn_input_scale=0;graph_metric=cosine;hyp_gnn_type=gat;hyperbolic_gnn=1;hyperbolic_readout=1;jk_mode=max;learnable_curvature=1;lr=0.001;num_layers=2;proj_dim=128;readout_clip=0.0;readout_scale=0;scorer_hidden=128;tau_quantile=0.2;weight_decay=0.0,0.25,128,cosine,1,max,1,0.001,2,128,0.0,0,128,0.2,0.0,44.65,154.62,0.30631,0.0,1.0,0,gat,1
glue|bert-base-uncased|cola_wide|BC|t32|s3|confirm,glue,bert-base-uncased,cola_wide,cola,BC,confirm,32,3,mcc,curvature=0.25;gat_hidden_dim=128;gnn_input_clip=1.0;gnn_input_scale=0;graph_metric=cosine;hyp_gnn_type=gat;hyperbolic_gnn=1;hyperbolic_readout=1;jk_mode=max;learnable_curvature=1;lr=0.001;num_layers=2;proj_dim=128;readout_clip=0.0;readout_scale=0;scorer_hidden=128;tau_quantile=0.2;weight_decay=0.0,0.25,128,cosine,1,max,1,0.001,2,128,0.0,0,128,0.2,0.0,45.6,155.0,0.30473,0.0,1.0,0,gat,1
glue|bert-base-uncased|cola_wide|BC|t32|s4|confirm,glue,bert-base-uncased,cola_wide,cola,BC,confirm,32,4,mcc,curvature=0.25;gat_hidden_dim=128;gnn_input_clip=1.0;gnn_input_scale=0;graph_metric=cosine;hyp_gnn_type=gat;hyperbolic_gnn=1;hyperbolic_readout=1;jk_mode=max;learnable_curvature=1;lr=0.001;num_layers=2;proj_dim=128;readout_clip=0.0;readout_scale=0;scorer_hidden=128;tau_quantile=0.2;weight_decay=0.0,0.25,128,cosine,1,max,1,0.001,2,128,0.0,0,128,0.2,0.0,44.86,159.03,0.30493,0.0,1.0,0,gat,1
glue|bert-base-uncased|cola_wide|BC|t32|s5|confirm,glue,bert-base-uncased,cola_wide,cola,BC,confirm,32,5,mcc,curvature=0.25;gat_hidden_dim=128;gnn_input_clip=1.0;gnn_input_scale=0;graph_metric=cosine;hyp_gnn_type=gat;hyperbolic_gnn=1;hyperbolic_readout=1;jk_mode=max;learnable_curvature=1;lr=0.001;num_layers=2;proj_dim=128;readout_clip=0.0;readout_scale=0;scorer_hidden=128;tau_quantile=0.2;weight_decay=0.0,0.25,128,cosine,1,max,1,0.001,2,128,0.0,0,128,0.2,0.0,45.29,154.76,0.30524,0.0,1.0,0,gat,1
glue|bert-base-uncased|cola_wide|BC|t32|s6|confirm,glue,bert-base-uncased,cola_wide,cola,BC,confirm,32,6,mcc,curvature=0.25;gat_hidden_dim=128;gnn_input_clip=1.0;gnn_input_scale=0;graph_metric=cosine;hyp_gnn_type=gat;hyperbolic_gnn=1;hyperbolic_readout=1;jk_mode=max;learnable_curvature=1;lr=0.001;num_layers=2;proj_dim=128;readout_clip=0.0;readout_scale=0;scorer_hidden=128;tau_quantile=0.2;weight_decay=0.0,0.25,128,cosine,1,max,1,0.001,2,128,0.0,0,128,0.2,0.0,43.01,156.19,0.30873,0.0,1.0,0,gat,1
glue|bert-base-uncased|cola_wide|BC|t32|s7|confirm,glue,bert-base-uncased,cola_wide,cola,BC,confirm,32,7,mcc,curvature=0.25;gat_hidden_dim=128;gnn_input_clip=1.0;gnn_input_scale=0;graph_metric=cosine;hyp_gnn_type=gat;hyperbolic_gnn=1;hyperbolic_readout=1;jk_mode=max;learnable_curvature=1;lr=0.001;num_layers=2;proj_dim=128;readout_clip=0.0;readout_scale=0;scorer_hidden=128;tau_quantile=0.2;weight_decay=0.0,0.25,128,cosine,1,max,1,0.001,2,128,0.0,0,128,0.2,0.0,44.64,152.92,0.30098,0.0,1.0,0,gat,1
glue|bert-base-uncased|cola_wide|BC|t32|s8|confirm,glue,bert-base-uncased,cola_wide,cola,BC,confirm,32,8,mcc,curvature=0.25;gat_hidden_dim=128;gnn_input_clip=1.0;gnn_input_scale=0;graph_metric=cosine;hyp_gnn_type=gat;hyperbolic_gnn=1;hyperbolic_readout=1;jk_mode=max;learnable_curvature=1;lr=0.001;num_layers=2;proj_dim=128;readout_clip=0.0;readout_scale=0;scorer_hidden=128;tau_quantile=0.2;weight_decay=0.0,0.25,128,cosine,1,max,1,0.001,2,128,0.0,0,128,0.2,0.0,45.82,154.22,0.30187,0.0,1.0,0,gat,1
glue|bert-base-uncased|cola_wide|BC|t32|s9|confirm,glue,bert-base-uncased,cola_wide,cola,BC,confirm,32,9,mcc,curvature=0.25;gat_hidden_dim=128;gnn_input_clip=1.0;gnn_input_scale=0;graph_metric=cosine;hyp_gnn_type=gat;hyperbolic_gnn=1;hyperbolic_readout=1;jk_mode=max;learnable_curvature=1;lr=0.001;num_layers=2;proj_dim=128;readout_clip=0.0;readout_scale=0;scorer_hidden=128;tau_quantile=0.2;weight_decay=0.0,0.25,128,cosine,1,max,1,0.001,2,128,0.0,0,128,0.2,0.0,46.84,154.52,0.30262,0.0,1.0,0,gat,1
glue|bert-base-uncased|cola_wide|BC|t32|s10|confirm,glue,bert-base-uncased,cola_wide,cola,BC,confirm,32,10,mcc,curvature=0.25;gat_hidden_dim=128;gnn_input_clip=1.0;gnn_input_scale=0;graph_metric=cosine;hyp_gnn_type=gat;hyperbolic_gnn=1;hyperbolic_readout=1;jk_mode=max;learnable_curvature=1;lr=0.001;num_layers=2;proj_dim=128;readout_clip=0.0;readout_scale=0;scorer_hidden=128;tau_quantile=0.2;weight_decay=0.0,0.25,128,cosine,1,max,1,0.001,2,128,0.0,0,128,0.2,0.0,45.27,149.51,0.30554,0.0,1.0,0,gat,1
glue|bert-base-uncased|cola_wide|BC|t32|s11|confirm,glue,bert-base-uncased,cola_wide,cola,BC,confirm,32,11,mcc,curvature=0.25;gat_hidden_dim=128;gnn_input_clip=1.0;gnn_input_scale=0;graph_metric=cosine;hyp_gnn_type=gat;hyperbolic_gnn=1;hyperbolic_readout=1;jk_mode=max;learnable_curvature=1;lr=0.001;num_layers=2;proj_dim=128;readout_clip=0.0;readout_scale=0;scorer_hidden=128;tau_quantile=0.2;weight_decay=0.0,0.25,128,cosine,1,max,1,0.001,2,128,0.0,0,128,0.2,0.0,45.79,149.26,0.30233,0.0,1.0,0,gat,1
glue|bert-base-uncased|cola_wide|BC|t32|s12|confirm,glue,bert-base-uncased,cola_wide,cola,BC,confirm,32,12,mcc,curvature=0.25;gat_hidden_dim=128;gnn_input_clip=1.0;gnn_input_scale=0;graph_metric=cosine;hyp_gnn_type=gat;hyperbolic_gnn=1;hyperbolic_readout=1;jk_mode=max;learnable_curvature=1;lr=0.001;num_layers=2;proj_dim=128;readout_clip=0.0;readout_scale=0;scorer_hidden=128;tau_quantile=0.2;weight_decay=0.0,0.25,128,cosine,1,max,1,0.001,2,128,0.0,0,128,0.2,0.0,46.97,149.21,0.30322,0.0,1.0,0,gat,1
glue|bert-base-uncased|cola_wide|BC|t32|s13|confirm,glue,bert-base-uncased,cola_wide,cola,BC,confirm,32,13,mcc,curvature=0.25;gat_hidden_dim=128;gnn_input_clip=1.0;gnn_input_scale=0;graph_metric=cosine;hyp_gnn_type=gat;hyperbolic_gnn=1;hyperbolic_readout=1;jk_mode=max;learnable_curvature=1;lr=0.001;num_layers=2;proj_dim=128;readout_clip=0.0;readout_scale=0;scorer_hidden=128;tau_quantile=0.2;weight_decay=0.0,0.25,128,cosine,1,max,1,0.001,2,128,0.0,0,128,0.2,0.0,46.17,149.45,0.30309,0.0,1.0,0,gat,1
glue|bert-base-uncased|cola_wide|BC|t32|s14|confirm,glue,bert-base-uncased,cola_wide,cola,BC,confirm,32,14,mcc,curvature=0.25;gat_hidden_dim=128;gnn_input_clip=1.0;gnn_input_scale=0;graph_metric=cosine;hyp_gnn_type=gat;hyperbolic_gnn=1;hyperbolic_readout=1;jk_mode=max;learnable_curvature=1;lr=0.001;num_layers=2;proj_dim=128;readout_clip=0.0;readout_scale=0;scorer_hidden=128;tau_quantile=0.2;weight_decay=0.0,0.25,128,cosine,1,max,1,0.001,2,128,0.0,0,128,0.2,0.0,47.94,148.62,0.30532,0.0,1.0,0,gat,1
glue|bert-base-uncased|cola_wide|BC|t32|s15|confirm,glue,bert-base-uncased,cola_wide,cola,BC,confirm,32,15,mcc,curvature=0.25;gat_hidden_dim=128;gnn_input_clip=1.0;gnn_input_scale=0;graph_metric=cosine;hyp_gnn_type=gat;hyperbolic_gnn=1;hyperbolic_readout=1;jk_mode=max;learnable_curvature=1;lr=0.001;num_layers=2;proj_dim=128;readout_clip=0.0;readout_scale=0;scorer_hidden=128;tau_quantile=0.2;weight_decay=0.0,0.25,128,cosine,1,max,1,0.001,2,128,0.0,0,128,0.2,0.0,46.26,150.46,0.2983,0.0,1.0,0,gat,1
