run_key,target,model,setting,task,arm,stage,trial,seed,metric,detail,graph_metric,tau_quantile,score,elapsed_sec,mean_density,empty_frac,tau
glue|bert-base-uncased|cola_L8|baseline|t0|s42|tune,glue,bert-base-uncased,cola_L8,cola,baseline,tune,0,42,mcc,graph_metric=cosine;tau_quantile=0.1,cosine,0.1,45.14,140.5,0.2125,0.0,
glue|bert-base-uncased|cola_L8|baseline|t1|s42|tune,glue,bert-base-uncased,cola_L8,cola,baseline,tune,1,42,mcc,graph_metric=cosine;tau_quantile=0.2,cosine,0.2,45.64,113.32,0.30841,0.0,
glue|bert-base-uncased|cola_L8|baseline|t2|s42|tune,glue,bert-base-uncased,cola_L8,cola,baseline,tune,2,42,mcc,graph_metric=cosine;tau_quantile=0.05,cosine,0.05,46.51,113.22,0.16155,0.0,
glue|bert-base-uncased|cola_L8|baseline|t3|s42|tune,glue,bert-base-uncased,cola_L8,cola,baseline,tune,3,42,mcc,graph_metric=cosine;tau_quantile=0.025,cosine,0.025,48.51,113.62,0.1397,0.0,
glue|bert-base-uncased|cola_L8|baseline|t4|s42|tune,glue,bert-base-uncased,cola_L8,cola,baseline,tune,4,42,mcc,graph_metric=cosine;tau_quantile=0.38,cosine,0.38,45.53,113.87,0.48861,0.0,
glue|bert-base-uncased|cola_L8|no_graph|t0|s42|tune,glue,bert-base-uncased,cola_L8,cola,no_graph,tune,0,42,mcc,graph_metric=cosine;tau=0.999,cosine,,46.02,108.6,0.11264,0.0,0.999
glue|bert-base-uncased|cola_L8|A|t0|s42|tune,glue,bert-base-uncased,cola_L8,cola,A,tune,0,42,mcc,feature_mode=unit;graph_curvature=0.25;graph_metric=poincare;rho_quantile=0.025,poincare,,46.23,137.99,0.13909,0.0,
glue|bert-base-uncased|cola_L8|A|t1|s42|tune,glue,bert-base-uncased,cola_L8,cola,A,tune,1,42,mcc,feature_mode=cls_root_unit;graph_curvature=2.25;graph_metric=poincare;rho_quantile=0.1,poincare,,45.19,140.03,0.21165,0.0,
glue|bert-base-uncased|cola_L8|A|t2|s42|tune,glue,bert-base-uncased,cola_L8,cola,A,tune,2,42,mcc,feature_mode=unit;graph_curvature=1.0;graph_metric=poincare;rho_quantile=0.025,poincare,,46.1,139.13,0.13909,0.0,
glue|bert-base-uncased|cola_L8|A|t3|s42|tune,glue,bert-base-uncased,cola_L8,cola,A,tune,3,42,mcc,feature_mode=center_unit;graph_curvature=4.0;graph_metric=poincare;rho_quantile=0.38,poincare,,48.13,140.23,0.48762,0.0,
glue|bert-base-uncased|cola_L8|A|t4|s42|tune,glue,bert-base-uncased,cola_L8,cola,A,tune,4,42,mcc,feature_mode=center;graph_curvature=0.25;graph_metric=poincare;rho_quantile=0.38,poincare,,45.55,138.16,0.48531,0.0,
glue|bert-base-uncased|cola_L8|A|t5|s42|tune,glue,bert-base-uncased,cola_L8,cola,A,tune,5,42,mcc,feature_mode=center_unit;graph_curvature=0.25;graph_metric=poincare;rho_quantile=0.38,poincare,,48.06,140.17,0.48762,0.0,
glue|bert-base-uncased|cola_L8|A|t6|s42|tune,glue,bert-base-uncased,cola_L8,cola,A,tune,6,42,mcc,feature_mode=unit;graph_curvature=9.0;graph_metric=poincare;rho_quantile=0.2,poincare,,50.09,139.38,0.30749,0.0,
glue|bert-base-uncased|cola_L8|A|t7|s42|tune,glue,bert-base-uncased,cola_L8,cola,A,tune,7,42,mcc,feature_mode=center_unit;graph_curvature=0.25;graph_metric=poincare;rho_quantile=0.05,poincare,,46.92,139.3,0.16078,0.0,
glue|bert-base-uncased|cola_L8|A|t8|s42|tune,glue,bert-base-uncased,cola_L8,cola,A,tune,8,42,mcc,feature_mode=center;graph_curvature=0.25;graph_metric=poincare;rho_quantile=0.1,poincare,,46.05,138.89,0.21148,0.0,
glue|bert-base-uncased|cola_L8|A|t9|s42|tune,glue,bert-base-uncased,cola_L8,cola,A,tune,9,42,mcc,feature_mode=center_unit;graph_curvature=0.25;graph_metric=poincare;rho_quantile=0.1,poincare,,46.14,141.82,0.21165,0.0,
glue|bert-base-uncased|cola_L8|B|t0|s42|tune,glue,bert-base-uncased,cola_L8,cola,B,tune,0,42,mcc,curvature=4.0;graph_metric=cosine;hyperbolic_readout=1;learnable_curvature=1;readout_clip=0.3;readout_scale=1;tau_quantile=0.025,cosine,0.025,0.0,120.93,0.1397,0.0,
glue|bert-base-uncased|cola_L8|B|t1|s42|tune,glue,bert-base-uncased,cola_L8,cola,B,tune,1,42,mcc,curvature=0.25;graph_metric=cosine;hyperbolic_readout=1;learnable_curvature=0;readout_clip=0.3;readout_scale=1;tau_quantile=0.05,cosine,0.05,0.0,119.37,0.16155,0.0,
glue|bert-base-uncased|cola_L8|B|t2|s42|tune,glue,bert-base-uncased,cola_L8,cola,B,tune,2,42,mcc,curvature=4.0;graph_metric=cosine;hyperbolic_readout=1;learnable_curvature=0;readout_clip=0.7;readout_scale=0;tau_quantile=0.05,cosine,0.05,6.02,118.55,0.16155,0.0,
glue|bert-base-uncased|cola_L8|B|t3|s42|tune,glue,bert-base-uncased,cola_L8,cola,B,tune,3,42,mcc,curvature=0.25;graph_metric=cosine;hyperbolic_readout=1;learnable_curvature=0;readout_clip=0.0;readout_scale=1;tau_quantile=0.1,cosine,0.1,28.02,119.24,0.2125,0.0,
glue|bert-base-uncased|cola_L8|B|t4|s42|tune,glue,bert-base-uncased,cola_L8,cola,B,tune,4,42,mcc,curvature=1.0;graph_metric=cosine;hyperbolic_readout=1;learnable_curvature=0;readout_clip=0.0;readout_scale=0;tau_quantile=0.1,cosine,0.1,46.42,120.47,0.2125,0.0,
glue|bert-base-uncased|cola_L8|B|t5|s42|tune,glue,bert-base-uncased,cola_L8,cola,B,tune,5,42,mcc,curvature=0.25;graph_metric=cosine;hyperbolic_readout=1;learnable_curvature=1;readout_clip=0.0;readout_scale=1;tau_quantile=0.38,cosine,0.38,41.08,119.92,0.48861,0.0,
glue|bert-base-uncased|cola_L8|B|t6|s42|tune,glue,bert-base-uncased,cola_L8,cola,B,tune,6,42,mcc,curvature=0.25;graph_metric=cosine;hyperbolic_readout=1;learnable_curvature=1;readout_clip=0.7;readout_scale=1;tau_quantile=0.1,cosine,0.1,0.0,120.0,0.2125,0.0,
glue|bert-base-uncased|cola_L8|B|t7|s42|tune,glue,bert-base-uncased,cola_L8,cola,B,tune,7,42,mcc,curvature=4.0;graph_metric=cosine;hyperbolic_readout=1;learnable_curvature=0;readout_clip=1.0;readout_scale=1;tau_quantile=0.38,cosine,0.38,14.74,118.73,0.48861,0.0,
glue|bert-base-uncased|cola_L8|B|t8|s42|tune,glue,bert-base-uncased,cola_L8,cola,B,tune,8,42,mcc,curvature=1.0;graph_metric=cosine;hyperbolic_readout=1;learnable_curvature=1;readout_clip=1.0;readout_scale=1;tau_quantile=0.38,cosine,0.38,0.0,118.53,0.48861,0.0,
glue|bert-base-uncased|cola_L8|B|t9|s42|tune,glue,bert-base-uncased,cola_L8,cola,B,tune,9,42,mcc,curvature=1.0;graph_metric=cosine;hyperbolic_readout=1;learnable_curvature=0;readout_clip=0.3;readout_scale=0;tau_quantile=0.2,cosine,0.2,0.0,118.6,0.30841,0.0,
glue|bert-base-uncased|cola_L8|C|t0|s42|tune,glue,bert-base-uncased,cola_L8,cola,C,tune,0,42,mcc,curvature=1.0;gnn_input_clip=0.0;gnn_input_scale=1;graph_metric=cosine;hyp_gnn_type=gat;hyperbolic_gnn=1;tau_quantile=0.38,cosine,0.38,47.51,126.18,0.48366,0.0,
glue|bert-base-uncased|cola_L8|C|t1|s42|tune,glue,bert-base-uncased,cola_L8,cola,C,tune,1,42,mcc,curvature=4.0;gnn_input_clip=0.3;gnn_input_scale=1;graph_metric=cosine;hyp_gnn_type=gat;hyperbolic_gnn=1;tau_quantile=0.1,cosine,0.1,47.09,126.8,0.20731,0.0,
glue|bert-base-uncased|cola_L8|C|t2|s42|tune,glue,bert-base-uncased,cola_L8,cola,C,tune,2,42,mcc,curvature=1.0;gnn_input_clip=0.0;gnn_input_scale=0;graph_metric=cosine;hyp_gnn_type=gcn;hyperbolic_gnn=1;tau_quantile=0.025,cosine,0.025,49.55,128.87,0.13458,0.0,
glue|bert-base-uncased|cola_L8|C|t3|s42|tune,glue,bert-base-uncased,cola_L8,cola,C,tune,3,42,mcc,curvature=4.0;gnn_input_clip=0.0;gnn_input_scale=1;graph_metric=cosine;hyp_gnn_type=gat;hyperbolic_gnn=1;tau_quantile=0.025,cosine,0.025,47.51,126.94,0.13478,0.0,
glue|bert-base-uncased|cola_L8|C|t4|s42|tune,glue,bert-base-uncased,cola_L8,cola,C,tune,4,42,mcc,curvature=0.25;gnn_input_clip=0.3;gnn_input_scale=1;graph_metric=cosine;hyp_gnn_type=gat;hyperbolic_gnn=1;tau_quantile=0.05,cosine,0.05,47.29,126.43,0.1569,0.0,
glue|bert-base-uncased|cola_L8|C|t5|s42|tune,glue,bert-base-uncased,cola_L8,cola,C,tune,5,42,mcc,curvature=4.0;gnn_input_clip=0.3;gnn_input_scale=0;graph_metric=cosine;hyp_gnn_type=gcn;hyperbolic_gnn=1;tau_quantile=0.38,cosine,0.38,48.0,127.76,0.48309,0.0,
glue|bert-base-uncased|cola_L8|C|t6|s42|tune,glue,bert-base-uncased,cola_L8,cola,C,tune,6,42,mcc,curvature=4.0;gnn_input_clip=1.0;gnn_input_scale=0;graph_metric=cosine;hyp_gnn_type=gat;hyperbolic_gnn=1;tau_quantile=0.05,cosine,0.05,46.9,127.4,0.1569,0.0,
glue|bert-base-uncased|cola_L8|C|t7|s42|tune,glue,bert-base-uncased,cola_L8,cola,C,tune,7,42,mcc,curvature=1.0;gnn_input_clip=0.0;gnn_input_scale=0;graph_metric=cosine;hyp_gnn_type=gcn;hyperbolic_gnn=1;tau_quantile=0.2,cosine,0.2,49.02,128.47,0.3033,0.0,
glue|bert-base-uncased|cola_L8|C|t8|s42|tune,glue,bert-base-uncased,cola_L8,cola,C,tune,8,42,mcc,curvature=4.0;gnn_input_clip=0.7;gnn_input_scale=0;graph_metric=cosine;hyp_gnn_type=gcn;hyperbolic_gnn=1;tau_quantile=0.38,cosine,0.38,48.21,126.79,0.48309,0.0,
glue|bert-base-uncased|cola_L8|C|t9|s42|tune,glue,bert-base-uncased,cola_L8,cola,C,tune,9,42,mcc,curvature=0.25;gnn_input_clip=0.7;gnn_input_scale=0;graph_metric=cosine;hyp_gnn_type=gat;hyperbolic_gnn=1;tau_quantile=0.38,cosine,0.38,47.17,127.46,0.48366,0.0,
glue|bert-base-uncased|cola_L8|AB|t0|s42|tune,glue,bert-base-uncased,cola_L8,cola,AB,tune,0,42,mcc,curvature=4.0;feature_mode=unit;graph_curvature=4.0;graph_metric=poincare;hyperbolic_readout=1;learnable_curvature=1;readout_clip=0.0;readout_scale=0;rho_quantile=0.2,poincare,,37.64,143.59,0.30768,0.0,
glue|bert-base-uncased|cola_L8|AB|t1|s42|tune,glue,bert-base-uncased,cola_L8,cola,AB,tune,1,42,mcc,curvature=1.0;feature_mode=cls_root_unit;graph_curvature=0.25;graph_metric=poincare;hyperbolic_readout=1;learnable_curvature=1;readout_clip=0.3;readout_scale=0;rho_quantile=0.025,poincare,,0.0,143.91,0.13909,0.0,
glue|bert-base-uncased|cola_L8|AB|t2|s42|tune,glue,bert-base-uncased,cola_L8,cola,AB,tune,2,42,mcc,curvature=0.25;feature_mode=unit;graph_curvature=0.25;graph_metric=poincare;hyperbolic_readout=1;learnable_curvature=1;readout_clip=0.7;readout_scale=0;rho_quantile=0.1,poincare,,0.0,144.23,0.21165,0.0,
glue|bert-base-uncased|cola_L8|AB|t3|s42|tune,glue,bert-base-uncased,cola_L8,cola,AB,tune,3,42,mcc,curvature=4.0;feature_mode=cls_root_unit;graph_curvature=1.0;graph_metric=poincare;hyperbolic_readout=1;learnable_curvature=0;readout_clip=0.3;readout_scale=0;rho_quantile=0.38,poincare,,0.0,143.51,0.48762,0.0,
glue|bert-base-uncased|cola_L8|AB|t4|s42|tune,glue,bert-base-uncased,cola_L8,cola,AB,tune,4,42,mcc,curvature=4.0;feature_mode=unit;graph_curvature=2.25;graph_metric=poincare;hyperbolic_readout=1;learnable_curvature=1;readout_clip=1.0;readout_scale=0;rho_quantile=0.05,poincare,,9.36,144.67,0.16078,0.0,
glue|bert-base-uncased|cola_L8|AB|t5|s42|tune,glue,bert-base-uncased,cola_L8,cola,AB,tune,5,42,mcc,curvature=4.0;feature_mode=center;graph_curvature=9.0;graph_metric=poincare;hyperbolic_readout=1;learnable_curvature=1;readout_clip=1.0;readout_scale=0;rho_quantile=0.2,poincare,,20.5,142.71,0.30589,0.0,
glue|bert-base-uncased|cola_L8|AB|t6|s42|tune,glue,bert-base-uncased,cola_L8,cola,AB,tune,6,42,mcc,curvature=1.0;feature_mode=center;graph_curvature=2.25;graph_metric=poincare;hyperbolic_readout=1;learnable_curvature=1;readout_clip=1.0;readout_scale=1;rho_quantile=0.025,poincare,,23.34,143.81,0.1387,0.0,
glue|bert-base-uncased|cola_L8|AB|t7|s42|tune,glue,bert-base-uncased,cola_L8,cola,AB,tune,7,42,mcc,curvature=4.0;feature_mode=center;graph_curvature=1.0;graph_metric=poincare;hyperbolic_readout=1;learnable_curvature=0;readout_clip=0.7;readout_scale=0;rho_quantile=0.2,poincare,,0.0,141.84,0.30622,0.0,
glue|bert-base-uncased|cola_L8|AB|t8|s42|tune,glue,bert-base-uncased,cola_L8,cola,AB,tune,8,42,mcc,curvature=0.25;feature_mode=unit;graph_curvature=4.0;graph_metric=poincare;hyperbolic_readout=1;learnable_curvature=1;readout_clip=0.0;readout_scale=0;rho_quantile=0.38,poincare,,42.45,141.79,0.48762,0.0,
glue|bert-base-uncased|cola_L8|AB|t9|s42|tune,glue,bert-base-uncased,cola_L8,cola,AB,tune,9,42,mcc,curvature=4.0;feature_mode=center_unit;graph_curvature=1.0;graph_metric=poincare;hyperbolic_readout=1;learnable_curvature=0;readout_clip=0.0;readout_scale=0;rho_quantile=0.05,poincare,,30.13,143.29,0.16078,0.0,
glue|bert-base-uncased|cola_L8|AC|t0|s42|tune,glue,bert-base-uncased,cola_L8,cola,AC,tune,0,42,mcc,curvature=4.0;feature_mode=center_unit;gnn_input_clip=0.3;gnn_input_scale=1;graph_curvature=2.25;graph_metric=poincare;hyp_gnn_type=gat;hyperbolic_gnn=1;rho_quantile=0.1,poincare,,47.09,152.55,0.20683,0.0,
glue|bert-base-uncased|cola_L8|AC|t1|s42|tune,glue,bert-base-uncased,cola_L8,cola,AC,tune,1,42,mcc,curvature=1.0;feature_mode=center;gnn_input_clip=0.7;gnn_input_scale=0;graph_curvature=2.25;graph_metric=poincare;hyp_gnn_type=gcn;hyperbolic_gnn=1;rho_quantile=0.025,poincare,,48.75,152.95,0.13404,0.0,
glue|bert-base-uncased|cola_L8|AC|t2|s42|tune,glue,bert-base-uncased,cola_L8,cola,AC,tune,2,42,mcc,curvature=1.0;feature_mode=center;gnn_input_clip=0.0;gnn_input_scale=0;graph_curvature=4.0;graph_metric=poincare;hyp_gnn_type=gat;hyperbolic_gnn=1;rho_quantile=0.1,poincare,,46.23,150.01,0.20647,0.0,
glue|bert-base-uncased|cola_L8|AC|t3|s42|tune,glue,bert-base-uncased,cola_L8,cola,AC,tune,3,42,mcc,curvature=0.25;feature_mode=center;gnn_input_clip=0.3;gnn_input_scale=1;graph_curvature=9.0;graph_metric=poincare;hyp_gnn_type=gcn;hyperbolic_gnn=1;rho_quantile=0.05,poincare,,48.54,154.18,0.15529,0.0,
glue|bert-base-uncased|cola_L8|AC|t4|s42|tune,glue,bert-base-uncased,cola_L8,cola,AC,tune,4,42,mcc,curvature=0.25;feature_mode=center;gnn_input_clip=0.0;gnn_input_scale=1;graph_curvature=1.0;graph_metric=poincare;hyp_gnn_type=gat;hyperbolic_gnn=1;rho_quantile=0.1,poincare,,46.43,151.56,0.20647,0.0,
glue|bert-base-uncased|cola_L8|AC|t5|s42|tune,glue,bert-base-uncased,cola_L8,cola,AC,tune,5,42,mcc,curvature=1.0;feature_mode=center_unit;gnn_input_clip=0.3;gnn_input_scale=1;graph_curvature=0.25;graph_metric=poincare;hyp_gnn_type=gcn;hyperbolic_gnn=1;rho_quantile=0.2,poincare,,48.54,155.21,0.30269,0.0,
glue|bert-base-uncased|cola_L8|AC|t6|s42|tune,glue,bert-base-uncased,cola_L8,cola,AC,tune,6,42,mcc,curvature=0.25;feature_mode=unit;gnn_input_clip=0.7;gnn_input_scale=1;graph_curvature=4.0;graph_metric=poincare;hyp_gnn_type=gat;hyperbolic_gnn=1;rho_quantile=0.38,poincare,,46.43,152.28,0.48289,0.0,
glue|bert-base-uncased|cola_L8|AC|t7|s42|tune,glue,bert-base-uncased,cola_L8,cola,AC,tune,7,42,mcc,curvature=1.0;feature_mode=center;gnn_input_clip=1.0;gnn_input_scale=1;graph_curvature=4.0;graph_metric=poincare;hyp_gnn_type=gat;hyperbolic_gnn=1;rho_quantile=0.1,poincare,,46.7,151.56,0.20647,0.0,
glue|bert-base-uncased|cola_L8|AC|t8|s42|tune,glue,bert-base-uncased,cola_L8,cola,AC,tune,8,42,mcc,curvature=4.0;feature_mode=unit;gnn_input_clip=0.7;gnn_input_scale=0;graph_curvature=9.0;graph_metric=poincare;hyp_gnn_type=gat;hyperbolic_gnn=1;rho_quantile=0.38,poincare,,47.36,152.39,0.48243,0.0,
glue|bert-base-uncased|cola_L8|AC|t9|s42|tune,glue,bert-base-uncased,cola_L8,cola,AC,tune,9,42,mcc,curvature=1.0;feature_mode=unit;gnn_input_clip=0.7;gnn_input_scale=1;graph_curvature=4.0;graph_metric=poincare;hyp_gnn_type=gcn;hyperbolic_gnn=1;rho_quantile=0.05,poincare,,48.75,153.96,0.15563,0.0,
glue|bert-base-uncased|cola_L8|BC|t0|s42|tune,glue,bert-base-uncased,cola_L8,cola,BC,tune,0,42,mcc,curvature=1.0;gnn_input_clip=0.7;gnn_input_scale=0;graph_metric=cosine;hyp_gnn_type=gat;hyperbolic_gnn=1;hyperbolic_readout=1;learnable_curvature=0;readout_clip=0.3;readout_scale=1;tau_quantile=0.05,cosine,0.05,0.0,127.48,0.1569,0.0,
glue|bert-base-uncased|cola_L8|BC|t1|s42|tune,glue,bert-base-uncased,cola_L8,cola,BC,tune,1,42,mcc,curvature=1.0;gnn_input_clip=0.0;gnn_input_scale=0;graph_metric=cosine;hyp_gnn_type=gcn;hyperbolic_gnn=1;hyperbolic_readout=1;learnable_curvature=1;readout_clip=1.0;readout_scale=1;tau_quantile=0.38,cosine,0.38,4.16,134.94,0.48309,0.0,
glue|bert-base-uncased|cola_L8|BC|t2|s42|tune,glue,bert-base-uncased,cola_L8,cola,BC,tune,2,42,mcc,curvature=1.0;gnn_input_clip=0.7;gnn_input_scale=1;graph_metric=cosine;hyp_gnn_type=gcn;hyperbolic_gnn=1;hyperbolic_readout=1;learnable_curvature=1;readout_clip=0.0;readout_scale=0;tau_quantile=0.05,cosine,0.05,44.56,135.93,0.15676,0.0,
glue|bert-base-uncased|cola_L8|BC|t3|s42|tune,glue,bert-base-uncased,cola_L8,cola,BC,tune,3,42,mcc,curvature=1.0;gnn_input_clip=0.7;gnn_input_scale=0;graph_metric=cosine;hyp_gnn_type=gcn;hyperbolic_gnn=1;hyperbolic_readout=1;learnable_curvature=1;readout_clip=1.0;readout_scale=1;tau_quantile=0.1,cosine,0.1,8.04,134.97,0.20809,0.0,
glue|bert-base-uncased|cola_L8|BC|t4|s42|tune,glue,bert-base-uncased,cola_L8,cola,BC,tune,4,42,mcc,curvature=4.0;gnn_input_clip=0.0;gnn_input_scale=0;graph_metric=cosine;hyp_gnn_type=gat;hyperbolic_gnn=1;hyperbolic_readout=1;learnable_curvature=1;readout_clip=1.0;readout_scale=1;tau_quantile=0.05,cosine,0.05,6.02,131.31,0.1569,0.0,
glue|bert-base-uncased|cola_L8|BC|t5|s42|tune,glue,bert-base-uncased,cola_L8,cola,BC,tune,5,42,mcc,curvature=4.0;gnn_input_clip=0.3;gnn_input_scale=0;graph_metric=cosine;hyp_gnn_type=gcn;hyperbolic_gnn=1;hyperbolic_readout=1;learnable_curvature=0;readout_clip=0.0;readout_scale=0;tau_quantile=0.05,cosine,0.05,15.94,130.58,0.15676,0.0,
glue|bert-base-uncased|cola_L8|BC|t6|s42|tune,glue,bert-base-uncased,cola_L8,cola,BC,tune,6,42,mcc,curvature=1.0;gnn_input_clip=1.0;gnn_input_scale=1;graph_metric=cosine;hyp_gnn_type=gat;hyperbolic_gnn=1;hyperbolic_readout=1;learnable_curvature=0;readout_clip=0.7;readout_scale=1;tau_quantile=0.2,cosine,0.2,0.0,128.47,0.30362,0.0,
glue|bert-base-uncased|cola_L8|BC|t7|s42|tune,glue,bert-base-uncased,cola_L8,cola,BC,tune,7,42,mcc,curvature=1.0;gnn_input_clip=0.0;gnn_input_scale=0;graph_metric=cosine;hyp_gnn_type=gcn;hyperbolic_gnn=1;hyperbolic_readout=1;learnable_curvature=1;readout_clip=1.0;readout_scale=0;tau_quantile=0.2,cosine,0.2,0.0,136.55,0.3033,0.0,
glue|bert-base-uncased|cola_L8|BC|t8|s42|tune,glue,bert-base-uncased,cola_L8,cola,BC,tune,8,42,mcc,curvature=4.0;gnn_input_clip=0.7;gnn_input_scale=1;graph_metric=cosine;hyp_gnn_type=gat;hyperbolic_gnn=1;hyperbolic_readout=1;learnable_curvature=1;readout_clip=1.0;readout_scale=1;tau_quantile=0.1,cosine,0.1,11.92,134.05,0.20731,0.0,
glue|bert-base-uncased|cola_L8|BC|t9|s42|tune,glue,bert-base-uncased,cola_L8,cola,BC,tune,9,42,mcc,curvature=1.0;gnn_input_clip=0.3;gnn_input_scale=0;graph_metric=cosine;hyp_gnn_type=gat;hyperbolic_gnn=1;hyperbolic_readout=1;learnable_curvature=1;readout_clip=0.0;readout_scale=1;tau_quantile=0.38,cosine,0.38,47.39,138.23,0.48366,0.0,
glue|bert-base-uncased|cola_L8|ABC|t0|s42|tune,glue,bert-base-uncased,cola_L8,cola,ABC,tune,0,42,mcc,curvature=0.25;feature_mode=center;gnn_input_clip=0.0;gnn_input_scale=0;graph_curvature=4.0;graph_metric=poincare;hyp_gnn_type=gcn;hyperbolic_gnn=1;hyperbolic_readout=1;learnable_curvature=1;readout_clip=0.0;readout_scale=1;rho_quantile=0.38,poincare,,46.6,163.53,0.47931,0.0,
glue|bert-base-uncased|cola_L8|ABC|t1|s42|tune,glue,bert-base-uncased,cola_L8,cola,ABC,tune,1,42,mcc,curvature=0.25;feature_mode=cls_root_unit;gnn_input_clip=0.3;gnn_input_scale=1;graph_curvature=0.25;graph_metric=poincare;hyp_gnn_type=gat;hyperbolic_gnn=1;hyperbolic_readout=1;learnable_curvature=1;readout_clip=0.3;readout_scale=1;rho_quantile=0.38,poincare,,0.0,162.3,0.48289,0.0,
glue|bert-base-uncased|cola_L8|ABC|t2|s42|tune,glue,bert-base-uncased,cola_L8,cola,ABC,tune,2,42,mcc,curvature=4.0;feature_mode=center;gnn_input_clip=1.0;gnn_input_scale=1;graph_curvature=0.25;graph_metric=poincare;hyp_gnn_type=gat;hyperbolic_gnn=1;hyperbolic_readout=1;learnable_curvature=0;readout_clip=0.3;readout_scale=1;rho_quantile=0.05,poincare,,0.0,157.04,0.15602,0.0,
glue|bert-base-uncased|cola_L8|ABC|t3|s42|tune,glue,bert-base-uncased,cola_L8,cola,ABC,tune,3,42,mcc,curvature=0.25;feature_mode=center;gnn_input_clip=0.3;gnn_input_scale=0;graph_curvature=2.25;graph_metric=poincare;hyp_gnn_type=gat;hyperbolic_gnn=1;hyperbolic_readout=1;learnable_curvature=1;readout_clip=0.7;readout_scale=1;rho_quantile=0.2,poincare,,0.0,160.26,0.30093,0.0,
glue|bert-base-uncased|cola_L8|ABC|t4|s42|tune,glue,bert-base-uncased,cola_L8,cola,ABC,tune,4,42,mcc,curvature=1.0;feature_mode=cls_root_unit;gnn_input_clip=0.0;gnn_input_scale=1;graph_curvature=4.0;graph_metric=poincare;hyp_gnn_type=gat;hyperbolic_gnn=1;hyperbolic_readout=1;learnable_curvature=0;readout_clip=0.3;readout_scale=0;rho_quantile=0.38,poincare,,0.0,158.06,0.48289,0.0,
glue|bert-base-uncased|cola_L8|ABC|t5|s42|tune,glue,bert-base-uncased,cola_L8,cola,ABC,tune,5,42,mcc,curvature=4.0;feature_mode=unit;gnn_input_clip=0.3;gnn_input_scale=1;graph_curvature=2.25;graph_metric=poincare;hyp_gnn_type=gat;hyperbolic_gnn=1;hyperbolic_readout=1;learnable_curvature=0;readout_clip=1.0;readout_scale=0;rho_quantile=0.025,poincare,,2.57,158.98,0.13443,0.0,
glue|bert-base-uncased|cola_L8|ABC|t6|s42|tune,glue,bert-base-uncased,cola_L8,cola,ABC,tune,6,42,mcc,curvature=4.0;feature_mode=center;gnn_input_clip=0.0;gnn_input_scale=1;graph_curvature=4.0;graph_metric=poincare;hyp_gnn_type=gat;hyperbolic_gnn=1;hyperbolic_readout=1;learnable_curvature=1;readout_clip=0.3;readout_scale=1;rho_quantile=0.1,poincare,,0.0,162.5,0.20647,0.0,
glue|bert-base-uncased|cola_L8|ABC|t7|s42|tune,glue,bert-base-uncased,cola_L8,cola,ABC,tune,7,42,mcc,curvature=1.0;feature_mode=center;gnn_input_clip=0.3;gnn_input_scale=0;graph_curvature=4.0;graph_metric=poincare;hyp_gnn_type=gcn;hyperbolic_gnn=1;hyperbolic_readout=1;learnable_curvature=0;readout_clip=0.7;readout_scale=1;rho_quantile=0.38,poincare,,0.0,158.96,0.47931,0.0,
glue|bert-base-uncased|cola_L8|ABC|t8|s42|tune,glue,bert-base-uncased,cola_L8,cola,ABC,tune,8,42,mcc,curvature=0.25;feature_mode=cls_root_unit;gnn_input_clip=0.7;gnn_input_scale=0;graph_curvature=4.0;graph_metric=poincare;hyp_gnn_type=gat;hyperbolic_gnn=1;hyperbolic_readout=1;learnable_curvature=1;readout_clip=0.7;readout_scale=1;rho_quantile=0.05,poincare,,17.15,162.38,0.15613,0.0,
glue|bert-base-uncased|cola_L8|ABC|t9|s42|tune,glue,bert-base-uncased,cola_L8,cola,ABC,tune,9,42,mcc,curvature=0.25;feature_mode=center;gnn_input_clip=0.0;gnn_input_scale=0;graph_curvature=0.25;graph_metric=poincare;hyp_gnn_type=gcn;hyperbolic_gnn=1;hyperbolic_readout=1;learnable_curvature=1;readout_clip=0.3;readout_scale=0;rho_quantile=0.025,poincare,,15.45,163.37,0.13407,0.0,
glue|bert-base-uncased|cola_L8|W_hyp|t0|s42|tune,glue,bert-base-uncased,cola_L8,cola,W_hyp,tune,0,42,mcc,edge_temp=0.25;edge_weight_mode=hyp_z;feature_mode=unit;graph_curvature=0.25;graph_metric=cosine;tau_quantile=0.05,cosine,0.05,45.78,157.56,0.16155,0.0,
glue|bert-base-uncased|cola_L8|W_hyp|t1|s42|tune,glue,bert-base-uncased,cola_L8,cola,W_hyp,tune,1,42,mcc,edge_temp=0.25;edge_weight_mode=hyp;feature_mode=center;graph_curvature=0.25;graph_metric=cosine;tau_quantile=0.025,cosine,0.025,48.28,156.22,0.1397,0.0,
glue|bert-base-uncased|cola_L8|W_hyp|t2|s42|tune,glue,bert-base-uncased,cola_L8,cola,W_hyp,tune,2,42,mcc,edge_temp=0.25;edge_weight_mode=hyp_z;feature_mode=center;graph_curvature=4.0;graph_metric=cosine;tau_quantile=0.1,cosine,0.1,45.14,159.43,0.2125,0.0,
glue|bert-base-uncased|cola_L8|W_hyp|t3|s42|tune,glue,bert-base-uncased,cola_L8,cola,W_hyp,tune,3,42,mcc,edge_temp=0.25;edge_weight_mode=hyp_z;feature_mode=center;graph_curvature=9.0;graph_metric=cosine;tau_quantile=0.2,cosine,0.2,47.12,158.26,0.30841,0.0,
glue|bert-base-uncased|cola_L8|W_hyp|t4|s42|tune,glue,bert-base-uncased,cola_L8,cola,W_hyp,tune,4,42,mcc,edge_temp=1.0;edge_weight_mode=hyp_z;feature_mode=unit;graph_curvature=9.0;graph_metric=cosine;tau_quantile=0.1,cosine,0.1,45.17,160.2,0.2125,0.0,
glue|bert-base-uncased|cola_L8|W_hyp|t5|s42|tune,glue,bert-base-uncased,cola_L8,cola,W_hyp,tune,5,42,mcc,edge_temp=1.0;edge_weight_mode=hyp;feature_mode=center;graph_curvature=2.25;graph_metric=cosine;tau_quantile=0.2,cosine,0.2,46.88,158.14,0.30841,0.0,
glue|bert-base-uncased|cola_L8|W_hyp|t6|s42|tune,glue,bert-base-uncased,cola_L8,cola,W_hyp,tune,6,42,mcc,edge_temp=0.25;edge_weight_mode=hyp_z;feature_mode=center_unit;graph_curvature=2.25;graph_metric=cosine;tau_quantile=0.025,cosine,0.025,48.24,158.94,0.1397,0.0,
glue|bert-base-uncased|cola_L8|W_hyp|t7|s42|tune,glue,bert-base-uncased,cola_L8,cola,W_hyp,tune,7,42,mcc,edge_temp=0.5;edge_weight_mode=hyp;feature_mode=center_unit;graph_curvature=1.0;graph_metric=cosine;tau_quantile=0.025,cosine,0.025,48.24,159.54,0.1397,0.0,
glue|bert-base-uncased|cola_L8|W_hyp|t8|s42|tune,glue,bert-base-uncased,cola_L8,cola,W_hyp,tune,8,42,mcc,edge_temp=0.5;edge_weight_mode=hyp_z;feature_mode=center_unit;graph_curvature=2.25;graph_metric=cosine;tau_quantile=0.38,cosine,0.38,45.15,159.51,0.48861,0.0,
glue|bert-base-uncased|cola_L8|W_hyp|t9|s42|tune,glue,bert-base-uncased,cola_L8,cola,W_hyp,tune,9,42,mcc,edge_temp=1.0;edge_weight_mode=hyp_z;feature_mode=cls_root_unit;graph_curvature=9.0;graph_metric=cosine;tau_quantile=0.2,cosine,0.2,46.1,158.53,0.30841,0.0,
glue|bert-base-uncased|cola_L8|W_depth|t0|s42|tune,glue,bert-base-uncased,cola_L8,cola,W_depth,tune,0,42,mcc,edge_weight_mode=depth;feature_mode=center_unit;graph_metric=cosine;tau_quantile=0.025,cosine,0.025,47.7,122.8,0.1397,0.0,
glue|bert-base-uncased|cola_L8|W_depth|t1|s42|tune,glue,bert-base-uncased,cola_L8,cola,W_depth,tune,1,42,mcc,edge_weight_mode=depth;feature_mode=cls_root_unit;graph_metric=cosine;tau_quantile=0.38,cosine,0.38,45.94,122.07,0.48861,0.0,
glue|bert-base-uncased|cola_L8|W_depth|t2|s42|tune,glue,bert-base-uncased,cola_L8,cola,W_depth,tune,2,42,mcc,edge_weight_mode=depth;feature_mode=unit;graph_metric=cosine;tau_quantile=0.38,cosine,0.38,45.67,122.57,0.48861,0.0,
glue|bert-base-uncased|cola_L8|W_depth|t3|s42|tune,glue,bert-base-uncased,cola_L8,cola,W_depth,tune,3,42,mcc,edge_weight_mode=depth;feature_mode=center;graph_metric=cosine;tau_quantile=0.05,cosine,0.05,46.78,123.08,0.16155,0.0,
glue|bert-base-uncased|cola_L8|W_depth|t4|s42|tune,glue,bert-base-uncased,cola_L8,cola,W_depth,tune,4,42,mcc,edge_weight_mode=depth;feature_mode=cls_root_unit;graph_metric=cosine;tau_quantile=0.1,cosine,0.1,44.67,124.79,0.2125,0.0,
glue|bert-base-uncased|cola_L8|W_depth|t5|s42|tune,glue,bert-base-uncased,cola_L8,cola,W_depth,tune,5,42,mcc,edge_weight_mode=depth;feature_mode=cls_root_unit;graph_metric=cosine;tau_quantile=0.025,cosine,0.025,48.24,122.64,0.1397,0.0,
glue|bert-base-uncased|cola_L8|W_depth|t6|s42|tune,glue,bert-base-uncased,cola_L8,cola,W_depth,tune,6,42,mcc,edge_weight_mode=depth;feature_mode=unit;graph_metric=cosine;tau_quantile=0.1,cosine,0.1,45.39,122.88,0.2125,0.0,
glue|bert-base-uncased|cola_L8|W_depth|t7|s42|tune,glue,bert-base-uncased,cola_L8,cola,W_depth,tune,7,42,mcc,edge_weight_mode=depth;feature_mode=center;graph_metric=cosine;tau_quantile=0.38,cosine,0.38,45.94,122.03,0.48861,0.0,
glue|bert-base-uncased|cola_L8|W_depth|t8|s42|tune,glue,bert-base-uncased,cola_L8,cola,W_depth,tune,8,42,mcc,edge_weight_mode=depth;feature_mode=center_unit;graph_metric=cosine;tau_quantile=0.2,cosine,0.2,45.23,124.63,0.30841,0.0,
glue|bert-base-uncased|cola_L8|W_depth|t9|s42|tune,glue,bert-base-uncased,cola_L8,cola,W_depth,tune,9,42,mcc,edge_weight_mode=depth;feature_mode=center;graph_metric=cosine;tau_quantile=0.2,cosine,0.2,45.51,123.39,0.30841,0.0,
glue|bert-base-uncased|cola_L8|AW|t0|s42|tune,glue,bert-base-uncased,cola_L8,cola,AW,tune,0,42,mcc,edge_weight_mode=hyp_z;feature_mode=unit;graph_curvature=2.25;graph_metric=poincare;rho_quantile=0.05,poincare,,47.16,147.59,0.16078,0.0,
glue|bert-base-uncased|cola_L8|AW|t1|s42|tune,glue,bert-base-uncased,cola_L8,cola,AW,tune,1,42,mcc,edge_weight_mode=depth;feature_mode=unit;graph_curvature=0.25;graph_metric=poincare;rho_quantile=0.05,poincare,,46.73,151.02,0.16078,0.0,
glue|bert-base-uncased|cola_L8|AW|t2|s42|tune,glue,bert-base-uncased,cola_L8,cola,AW,tune,2,42,mcc,edge_weight_mode=hyp_z;feature_mode=center;graph_curvature=9.0;graph_metric=poincare;rho_quantile=0.05,poincare,,45.91,146.18,0.16029,0.0,
glue|bert-base-uncased|cola_L8|AW|t3|s42|tune,glue,bert-base-uncased,cola_L8,cola,AW,tune,3,42,mcc,edge_weight_mode=hyp_z;feature_mode=center_unit;graph_curvature=9.0;graph_metric=poincare;rho_quantile=0.025,poincare,,47.12,148.69,0.13909,0.0,
glue|bert-base-uncased|cola_L8|AW|t4|s42|tune,glue,bert-base-uncased,cola_L8,cola,AW,tune,4,42,mcc,edge_weight_mode=hyp_z;feature_mode=cls_root_unit;graph_curvature=0.25;graph_metric=poincare;rho_quantile=0.2,poincare,,47.62,147.12,0.30768,0.0,
glue|bert-base-uncased|cola_L8|AW|t5|s42|tune,glue,bert-base-uncased,cola_L8,cola,AW,tune,5,42,mcc,edge_weight_mode=hyp_z;feature_mode=unit;graph_curvature=4.0;graph_metric=poincare;rho_quantile=0.05,poincare,,46.06,146.31,0.16078,0.0,
glue|bert-base-uncased|cola_L8|AW|t6|s42|tune,glue,bert-base-uncased,cola_L8,cola,AW,tune,6,42,mcc,edge_weight_mode=depth;feature_mode=center_unit;graph_curvature=9.0;graph_metric=poincare;rho_quantile=0.2,poincare,,46.91,149.63,0.30741,0.0,
glue|bert-base-uncased|cola_L8|AW|t7|s42|tune,glue,bert-base-uncased,cola_L8,cola,AW,tune,7,42,mcc,edge_weight_mode=depth;feature_mode=center;graph_curvature=1.0;graph_metric=poincare;rho_quantile=0.38,poincare,,45.75,147.4,0.48539,0.0,
glue|bert-base-uncased|cola_L8|AW|t8|s42|tune,glue,bert-base-uncased,cola_L8,cola,AW,tune,8,42,mcc,edge_weight_mode=depth;feature_mode=center_unit;graph_curvature=1.0;graph_metric=poincare;rho_quantile=0.025,poincare,,47.05,152.25,0.13909,0.0,
glue|bert-base-uncased|cola_L8|AW|t9|s42|tune,glue,bert-base-uncased,cola_L8,cola,AW,tune,9,42,mcc,edge_weight_mode=depth;feature_mode=center;graph_curvature=9.0;graph_metric=poincare;rho_quantile=0.2,poincare,,45.7,148.42,0.30589,0.0,
glue|bert-base-uncased|cola_L8|A|t6|s1|confirm,glue,bert-base-uncased,cola_L8,cola,A,confirm,6,1,mcc,feature_mode=unit;graph_curvature=9.0;graph_metric=poincare;rho_quantile=0.2,poincare,,45.74,141.98,0.30426,0.0,
glue|bert-base-uncased|cola_L8|A|t6|s2|confirm,glue,bert-base-uncased,cola_L8,cola,A,confirm,6,2,mcc,feature_mode=unit;graph_curvature=9.0;graph_metric=poincare;rho_quantile=0.2,poincare,,47.62,142.17,0.30567,0.0,
glue|bert-base-uncased|cola_L8|A|t6|s3|confirm,glue,bert-base-uncased,cola_L8,cola,A,confirm,6,3,mcc,feature_mode=unit;graph_curvature=9.0;graph_metric=poincare;rho_quantile=0.2,poincare,,47.67,143.21,0.30154,0.0,
glue|bert-base-uncased|cola_L8|AB|t8|s1|confirm,glue,bert-base-uncased,cola_L8,cola,AB,confirm,8,1,mcc,curvature=0.25;feature_mode=unit;graph_curvature=4.0;graph_metric=poincare;hyperbolic_readout=1;learnable_curvature=1;readout_clip=0.0;readout_scale=0;rho_quantile=0.38,poincare,,43.7,146.38,0.4848,0.0,
glue|bert-base-uncased|cola_L8|AB|t8|s2|confirm,glue,bert-base-uncased,cola_L8,cola,AB,confirm,8,2,mcc,curvature=0.25;feature_mode=unit;graph_curvature=4.0;graph_metric=poincare;hyperbolic_readout=1;learnable_curvature=1;readout_clip=0.0;readout_scale=0;rho_quantile=0.38,poincare,,44.42,146.13,0.4859,0.0,
glue|bert-base-uncased|cola_L8|AB|t8|s3|confirm,glue,bert-base-uncased,cola_L8,cola,AB,confirm,8,3,mcc,curvature=0.25;feature_mode=unit;graph_curvature=4.0;graph_metric=poincare;hyperbolic_readout=1;learnable_curvature=1;readout_clip=0.0;readout_scale=0;rho_quantile=0.38,poincare,,48.63,145.69,0.48104,0.0,
glue|bert-base-uncased|cola_L8|ABC|t0|s1|confirm,glue,bert-base-uncased,cola_L8,cola,ABC,confirm,0,1,mcc,curvature=0.25;feature_mode=center;gnn_input_clip=0.0;gnn_input_scale=0;graph_curvature=4.0;graph_metric=poincare;hyp_gnn_type=gcn;hyperbolic_gnn=1;hyperbolic_readout=1;learnable_curvature=1;readout_clip=0.0;readout_scale=1;rho_quantile=0.38,poincare,,41.06,166.4,0.47987,0.0,
glue|bert-base-uncased|cola_L8|ABC|t0|s2|confirm,glue,bert-base-uncased,cola_L8,cola,ABC,confirm,0,2,mcc,curvature=0.25;feature_mode=center;gnn_input_clip=0.0;gnn_input_scale=0;graph_curvature=4.0;graph_metric=poincare;hyp_gnn_type=gcn;hyperbolic_gnn=1;hyperbolic_readout=1;learnable_curvature=1;readout_clip=0.0;readout_scale=1;rho_quantile=0.38,poincare,,45.19,165.71,0.47696,0.0,
glue|bert-base-uncased|cola_L8|ABC|t0|s3|confirm,glue,bert-base-uncased,cola_L8,cola,ABC,confirm,0,3,mcc,curvature=0.25;feature_mode=center;gnn_input_clip=0.0;gnn_input_scale=0;graph_curvature=4.0;graph_metric=poincare;hyp_gnn_type=gcn;hyperbolic_gnn=1;hyperbolic_readout=1;learnable_curvature=1;readout_clip=0.0;readout_scale=1;rho_quantile=0.38,poincare,,47.76,167.25,0.47971,0.0,
glue|bert-base-uncased|cola_L8|AC|t1|s1|confirm,glue,bert-base-uncased,cola_L8,cola,AC,confirm,1,1,mcc,curvature=1.0;feature_mode=center;gnn_input_clip=0.7;gnn_input_scale=0;graph_curvature=2.25;graph_metric=poincare;hyp_gnn_type=gcn;hyperbolic_gnn=1;rho_quantile=0.025,poincare,,43.8,157.0,0.13598,0.0,
glue|bert-base-uncased|cola_L8|AC|t1|s2|confirm,glue,bert-base-uncased,cola_L8,cola,AC,confirm,1,2,mcc,curvature=1.0;feature_mode=center;gnn_input_clip=0.7;gnn_input_scale=0;graph_curvature=2.25;graph_metric=poincare;hyp_gnn_type=gcn;hyperbolic_gnn=1;rho_quantile=0.025,poincare,,47.73,156.69,0.13231,0.0,
glue|bert-base-uncased|cola_L8|AC|t1|s3|confirm,glue,bert-base-uncased,cola_L8,cola,AC,confirm,1,3,mcc,curvature=1.0;feature_mode=center;gnn_input_clip=0.7;gnn_input_scale=0;graph_curvature=2.25;graph_metric=poincare;hyp_gnn_type=gcn;hyperbolic_gnn=1;rho_quantile=0.025,poincare,,50.4,157.09,0.13335,0.0,
glue|bert-base-uncased|cola_L8|AW|t4|s1|confirm,glue,bert-base-uncased,cola_L8,cola,AW,confirm,4,1,mcc,edge_weight_mode=hyp_z;feature_mode=cls_root_unit;graph_curvature=0.25;graph_metric=poincare;rho_quantile=0.2,poincare,,46.55,148.55,0.30436,0.0,
glue|bert-base-uncased|cola_L8|AW|t4|s2|confirm,glue,bert-base-uncased,cola_L8,cola,AW,confirm,4,2,mcc,edge_weight_mode=hyp_z;feature_mode=cls_root_unit;graph_curvature=0.25;graph_metric=poincare;rho_quantile=0.2,poincare,,48.4,148.15,0.30596,0.0,
glue|bert-base-uncased|cola_L8|AW|t4|s3|confirm,glue,bert-base-uncased,cola_L8,cola,AW,confirm,4,3,mcc,edge_weight_mode=hyp_z;feature_mode=cls_root_unit;graph_curvature=0.25;graph_metric=poincare;rho_quantile=0.2,poincare,,47.02,148.78,0.30167,0.0,
glue|bert-base-uncased|cola_L8|B|t4|s1|confirm,glue,bert-base-uncased,cola_L8,cola,B,confirm,4,1,mcc,curvature=1.0;graph_metric=cosine;hyperbolic_readout=1;learnable_curvature=0;readout_clip=0.0;readout_scale=0;tau_quantile=0.1,cosine,0.1,48.23,119.66,0.20845,0.0,
glue|bert-base-uncased|cola_L8|B|t4|s2|confirm,glue,bert-base-uncased,cola_L8,cola,B,confirm,4,2,mcc,curvature=1.0;graph_metric=cosine;hyperbolic_readout=1;learnable_curvature=0;readout_clip=0.0;readout_scale=0;tau_quantile=0.1,cosine,0.1,46.13,121.98,0.20991,0.0,
glue|bert-base-uncased|cola_L8|B|t4|s3|confirm,glue,bert-base-uncased,cola_L8,cola,B,confirm,4,3,mcc,curvature=1.0;graph_metric=cosine;hyperbolic_readout=1;learnable_curvature=0;readout_clip=0.0;readout_scale=0;tau_quantile=0.1,cosine,0.1,48.26,122.06,0.20705,0.0,
glue|bert-base-uncased|cola_L8|BC|t9|s1|confirm,glue,bert-base-uncased,cola_L8,cola,BC,confirm,9,1,mcc,curvature=1.0;gnn_input_clip=0.3;gnn_input_scale=0;graph_metric=cosine;hyp_gnn_type=gat;hyperbolic_gnn=1;hyperbolic_readout=1;learnable_curvature=1;readout_clip=0.0;readout_scale=1;tau_quantile=0.38,cosine,0.38,4.64,136.61,0.48629,0.0,
glue|bert-base-uncased|cola_L8|BC|t9|s2|confirm,glue,bert-base-uncased,cola_L8,cola,BC,confirm,9,2,mcc,curvature=1.0;gnn_input_clip=0.3;gnn_input_scale=0;graph_metric=cosine;hyp_gnn_type=gat;hyperbolic_gnn=1;hyperbolic_readout=1;learnable_curvature=1;readout_clip=0.0;readout_scale=1;tau_quantile=0.38,cosine,0.38,29.43,138.14,0.48522,0.0,
glue|bert-base-uncased|cola_L8|BC|t9|s3|confirm,glue,bert-base-uncased,cola_L8,cola,BC,confirm,9,3,mcc,curvature=1.0;gnn_input_clip=0.3;gnn_input_scale=0;graph_metric=cosine;hyp_gnn_type=gat;hyperbolic_gnn=1;hyperbolic_readout=1;learnable_curvature=1;readout_clip=0.0;readout_scale=1;tau_quantile=0.38,cosine,0.38,8.04,135.98,0.48537,0.0,
glue|bert-base-uncased|cola_L8|C|t2|s1|confirm,glue,bert-base-uncased,cola_L8,cola,C,confirm,2,1,mcc,curvature=1.0;gnn_input_clip=0.0;gnn_input_scale=0;graph_metric=cosine;hyp_gnn_type=gcn;hyperbolic_gnn=1;tau_quantile=0.025,cosine,0.025,46.78,131.87,0.13702,0.0,
glue|bert-base-uncased|cola_L8|C|t2|s2|confirm,glue,bert-base-uncased,cola_L8,cola,C,confirm,2,2,mcc,curvature=1.0;gnn_input_clip=0.0;gnn_input_scale=0;graph_metric=cosine;hyp_gnn_type=gcn;hyperbolic_gnn=1;tau_quantile=0.025,cosine,0.025,48.75,131.81,0.13325,0.0,
glue|bert-base-uncased|cola_L8|C|t2|s3|confirm,glue,bert-base-uncased,cola_L8,cola,C,confirm,2,3,mcc,curvature=1.0;gnn_input_clip=0.0;gnn_input_scale=0;graph_metric=cosine;hyp_gnn_type=gcn;hyperbolic_gnn=1;tau_quantile=0.025,cosine,0.025,48.59,129.04,0.13425,0.0,
glue|bert-base-uncased|cola_L8|W_depth|t5|s1|confirm,glue,bert-base-uncased,cola_L8,cola,W_depth,confirm,5,1,mcc,edge_weight_mode=depth;feature_mode=cls_root_unit;graph_metric=cosine;tau_quantile=0.025,cosine,0.025,44.84,123.41,0.13537,0.0,
glue|bert-base-uncased|cola_L8|W_depth|t5|s2|confirm,glue,bert-base-uncased,cola_L8,cola,W_depth,confirm,5,2,mcc,edge_weight_mode=depth;feature_mode=cls_root_unit;graph_metric=cosine;tau_quantile=0.025,cosine,0.025,47.32,125.51,0.13721,0.0,
glue|bert-base-uncased|cola_L8|W_depth|t5|s3|confirm,glue,bert-base-uncased,cola_L8,cola,W_depth,confirm,5,3,mcc,edge_weight_mode=depth;feature_mode=cls_root_unit;graph_metric=cosine;tau_quantile=0.025,cosine,0.025,49.39,125.08,0.13412,0.0,
glue|bert-base-uncased|cola_L8|W_hyp|t1|s1|confirm,glue,bert-base-uncased,cola_L8,cola,W_hyp,confirm,1,1,mcc,edge_temp=0.25;edge_weight_mode=hyp;feature_mode=center;graph_curvature=0.25;graph_metric=cosine;tau_quantile=0.025,cosine,0.025,44.84,158.36,0.13537,0.0,
glue|bert-base-uncased|cola_L8|W_hyp|t1|s2|confirm,glue,bert-base-uncased,cola_L8,cola,W_hyp,confirm,1,2,mcc,edge_temp=0.25;edge_weight_mode=hyp;feature_mode=center;graph_curvature=0.25;graph_metric=cosine;tau_quantile=0.025,cosine,0.025,47.02,158.56,0.13721,0.0,
glue|bert-base-uncased|cola_L8|W_hyp|t1|s3|confirm,glue,bert-base-uncased,cola_L8,cola,W_hyp,confirm,1,3,mcc,edge_temp=0.25;edge_weight_mode=hyp;feature_mode=center;graph_curvature=0.25;graph_metric=cosine;tau_quantile=0.025,cosine,0.025,49.39,157.04,0.13412,0.0,
glue|bert-base-uncased|cola_L8|baseline|t3|s1|confirm,glue,bert-base-uncased,cola_L8,cola,baseline,confirm,3,1,mcc,graph_metric=cosine;tau_quantile=0.025,cosine,0.025,45.11,116.56,0.13537,0.0,
glue|bert-base-uncased|cola_L8|baseline|t3|s2|confirm,glue,bert-base-uncased,cola_L8,cola,baseline,confirm,3,2,mcc,graph_metric=cosine;tau_quantile=0.025,cosine,0.025,47.02,117.39,0.13721,0.0,
glue|bert-base-uncased|cola_L8|baseline|t3|s3|confirm,glue,bert-base-uncased,cola_L8,cola,baseline,confirm,3,3,mcc,graph_metric=cosine;tau_quantile=0.025,cosine,0.025,48.91,116.52,0.13412,0.0,
glue|bert-base-uncased|cola_L8|no_graph|t0|s1|confirm,glue,bert-base-uncased,cola_L8,cola,no_graph,confirm,0,1,mcc,graph_metric=cosine;tau=0.999,cosine,,45.5,110.13,0.10894,0.0,0.999
glue|bert-base-uncased|cola_L8|no_graph|t0|s2|confirm,glue,bert-base-uncased,cola_L8,cola,no_graph,confirm,0,2,mcc,graph_metric=cosine;tau=0.999,cosine,,48.1,108.66,0.11073,0.0,0.999
glue|bert-base-uncased|cola_L8|no_graph|t0|s3|confirm,glue,bert-base-uncased,cola_L8,cola,no_graph,confirm,0,3,mcc,graph_metric=cosine;tau=0.999,cosine,,49.13,109.36,0.1066,0.0,0.999
glue|bert-base-uncased|cola_L8|baseline|t5|s42|tune,glue,bert-base-uncased,cola_L8,cola,baseline,tune,5,42,mcc,graph_metric=cosine;tau_quantile=0.025,cosine,0.025,48.24,116.13,0.1397,0.0,
glue|bert-base-uncased|cola_L8|baseline|t6|s42|tune,glue,bert-base-uncased,cola_L8,cola,baseline,tune,6,42,mcc,graph_metric=cosine;tau_quantile=0.15,cosine,0.15,46.22,119.14,0.25948,0.0,
glue|bert-base-uncased|cola_L8|baseline|t7|s42|tune,glue,bert-base-uncased,cola_L8,cola,baseline,tune,7,42,mcc,graph_metric=cosine;tau_quantile=0.1,cosine,0.1,44.61,117.06,0.2125,0.0,
glue|bert-base-uncased|cola_L8|baseline|t8|s42|tune,glue,bert-base-uncased,cola_L8,cola,baseline,tune,8,42,mcc,graph_metric=cosine;tau_quantile=0.2,cosine,0.2,45.96,119.2,0.30841,0.0,
glue|bert-base-uncased|cola_L8|baseline|t9|s42|tune,glue,bert-base-uncased,cola_L8,cola,baseline,tune,9,42,mcc,graph_metric=cosine;tau_quantile=0.38,cosine,0.38,45.5,117.49,0.48861,0.0,
