run_key,target,model,setting,task,arm,stage,trial,seed,metric,detail,gat_hidden_dim,graph_metric,jk_mode,lr,num_layers,proj_dim,scorer_hidden,tau_quantile,weight_decay,score,elapsed_sec,mean_density,empty_frac,feature_mode,graph_curvature,rho_quantile,tau
glue|roberta-base|cola_wide|baseline|t0|s42|tune,glue,roberta-base,cola_wide,cola,baseline,tune,0,42,mcc,gat_hidden_dim=128;graph_metric=cosine;jk_mode=max;lr=0.001;num_layers=2;proj_dim=128;scorer_hidden=128;tau_quantile=0.075;weight_decay=0.0,128,cosine,max,0.001,2,128,128,0.075,0.0,54.34,120.43,0.07708,0.0,,,,
glue|roberta-base|cola_wide|baseline|t1|s42|tune,glue,roberta-base,cola_wide,cola,baseline,tune,1,42,mcc,gat_hidden_dim=256;graph_metric=cosine;jk_mode=max;lr=0.0002;num_layers=4;proj_dim=256;scorer_hidden=256;tau_quantile=0.1;weight_decay=0.0,256,cosine,max,0.0002,4,256,256,0.1,0.0,48.62,123.29,0.10108,0.0,,,,
glue|roberta-base|cola_wide|baseline|t2|s42|tune,glue,roberta-base,cola_wide,cola,baseline,tune,2,42,mcc,gat_hidden_dim=128;graph_metric=cosine;jk_mode=cat;lr=0.0002;num_layers=2;proj_dim=256;scorer_hidden=256;tau_quantile=0.0125;weight_decay=1e-05,128,cosine,cat,0.0002,2,256,256,0.0125,1e-05,53.88,120.21,0.01496,0.10938,,,,
glue|roberta-base|cola_wide|baseline|t3|s42|tune,glue,roberta-base,cola_wide,cola,baseline,tune,3,42,mcc,gat_hidden_dim=256;graph_metric=cosine;jk_mode=cat;lr=0.001;num_layers=2;proj_dim=256;scorer_hidden=256;tau_quantile=0.0375;weight_decay=1e-05,256,cosine,cat,0.001,2,256,256,0.0375,1e-05,55.04,119.67,0.03913,0.0,,,,
glue|roberta-base|cola_wide|baseline|t4|s42|tune,glue,roberta-base,cola_wide,cola,baseline,tune,4,42,mcc,gat_hidden_dim=128;graph_metric=cosine;jk_mode=max;lr=0.0002;num_layers=4;proj_dim=256;scorer_hidden=256;tau_quantile=0.38;weight_decay=0.0,128,cosine,max,0.0002,4,256,256,0.38,0.0,51.74,121.69,0.3769,0.0,,,,
glue|roberta-base|cola_wide|baseline|t5|s42|tune,glue,roberta-base,cola_wide,cola,baseline,tune,5,42,mcc,gat_hidden_dim=256;graph_metric=cosine;jk_mode=max;lr=0.0002;num_layers=2;proj_dim=512;scorer_hidden=256;tau_quantile=0.075;weight_decay=5e-05,256,cosine,max,0.0002,2,512,256,0.075,5e-05,51.21,119.41,0.07661,0.0,,,,
glue|roberta-base|cola_wide|baseline|t6|s42|tune,glue,roberta-base,cola_wide,cola,baseline,tune,6,42,mcc,gat_hidden_dim=128;graph_metric=cosine;jk_mode=max;lr=0.001;num_layers=4;proj_dim=128;scorer_hidden=256;tau_quantile=0.075;weight_decay=5e-05,128,cosine,max,0.001,4,128,256,0.075,5e-05,53.76,121.9,0.07676,0.00391,,,,
glue|roberta-base|cola_wide|baseline|t7|s42|tune,glue,roberta-base,cola_wide,cola,baseline,tune,7,42,mcc,gat_hidden_dim=128;graph_metric=cosine;jk_mode=cat;lr=0.001;num_layers=2;proj_dim=512;scorer_hidden=128;tau_quantile=0.0125;weight_decay=5e-05,128,cosine,cat,0.001,2,512,128,0.0125,5e-05,52.68,118.91,0.01496,0.10938,,,,
glue|roberta-base|cola_wide|baseline|t8|s42|tune,glue,roberta-base,cola_wide,cola,baseline,tune,8,42,mcc,gat_hidden_dim=256;graph_metric=cosine;jk_mode=cat;lr=0.001;num_layers=2;proj_dim=256;scorer_hidden=128;tau_quantile=0.28;weight_decay=1e-05,256,cosine,cat,0.001,2,256,128,0.28,1e-05,54.96,118.19,0.27891,0.0,,,,
glue|roberta-base|cola_wide|baseline|t9|s42|tune,glue,roberta-base,cola_wide,cola,baseline,tune,9,42,mcc,gat_hidden_dim=256;graph_metric=cosine;jk_mode=max;lr=0.0002;num_layers=4;proj_dim=512;scorer_hidden=256;tau_quantile=0.025;weight_decay=5e-05,256,cosine,max,0.0002,4,512,256,0.025,5e-05,51.29,122.04,0.02841,0.00391,,,,
glue|roberta-base|cola_wide|baseline|t10|s42|tune,glue,roberta-base,cola_wide,cola,baseline,tune,10,42,mcc,gat_hidden_dim=64;graph_metric=cosine;jk_mode=max;lr=0.0002;num_layers=2;proj_dim=128;scorer_hidden=256;tau_quantile=0.28;weight_decay=5e-05,64,cosine,max,0.0002,2,128,256,0.28,5e-05,55.22,118.09,0.27847,0.0,,,,
glue|roberta-base|cola_wide|baseline|t11|s42|tune,glue,roberta-base,cola_wide,cola,baseline,tune,11,42,mcc,gat_hidden_dim=256;graph_metric=cosine;jk_mode=cat;lr=2e-05;num_layers=2;proj_dim=256;scorer_hidden=128;tau_quantile=0.0125;weight_decay=5e-05,256,cosine,cat,2e-05,2,256,128,0.0125,5e-05,23.09,139.72,0.01458,0.10938,,,,
glue|roberta-base|cola_wide|baseline|t12|s42|tune,glue,roberta-base,cola_wide,cola,baseline,tune,12,42,mcc,gat_hidden_dim=256;graph_metric=cosine;jk_mode=cat;lr=2e-05;num_layers=4;proj_dim=512;scorer_hidden=128;tau_quantile=0.0125;weight_decay=5e-05,256,cosine,cat,2e-05,4,512,128,0.0125,5e-05,41.81,121.82,0.01449,0.12109,,,,
glue|roberta-base|cola_wide|baseline|t13|s42|tune,glue,roberta-base,cola_wide,cola,baseline,tune,13,42,mcc,gat_hidden_dim=64;graph_metric=cosine;jk_mode=cat;lr=2e-05;num_layers=2;proj_dim=128;scorer_hidden=256;tau_quantile=0.05;weight_decay=5e-05,64,cosine,cat,2e-05,2,128,256,0.05,5e-05,0.0,140.57,0.05096,0.00781,,,,
glue|roberta-base|cola_wide|baseline|t14|s42|tune,glue,roberta-base,cola_wide,cola,baseline,tune,14,42,mcc,gat_hidden_dim=128;graph_metric=cosine;jk_mode=max;lr=0.0002;num_layers=4;proj_dim=512;scorer_hidden=256;tau_quantile=0.025;weight_decay=1e-05,128,cosine,max,0.0002,4,512,256,0.025,1e-05,50.67,121.47,0.02846,0.00781,,,,
glue|roberta-base|cola_wide|baseline|t15|s42|tune,glue,roberta-base,cola_wide,cola,baseline,tune,15,42,mcc,gat_hidden_dim=64;graph_metric=cosine;jk_mode=max;lr=0.0002;num_layers=2;proj_dim=512;scorer_hidden=256;tau_quantile=0.2;weight_decay=0.0,64,cosine,max,0.0002,2,512,256,0.2,0.0,54.76,118.73,0.19691,0.0,,,,
glue|roberta-base|cola_wide|baseline|t16|s42|tune,glue,roberta-base,cola_wide,cola,baseline,tune,16,42,mcc,gat_hidden_dim=128;graph_metric=cosine;jk_mode=cat;lr=0.0002;num_layers=4;proj_dim=512;scorer_hidden=128;tau_quantile=0.075;weight_decay=5e-05,128,cosine,cat,0.0002,4,512,128,0.075,5e-05,54.73,121.35,0.07697,0.0,,,,
glue|roberta-base|cola_wide|baseline|t17|s42|tune,glue,roberta-base,cola_wide,cola,baseline,tune,17,42,mcc,gat_hidden_dim=256;graph_metric=cosine;jk_mode=cat;lr=0.0002;num_layers=4;proj_dim=256;scorer_hidden=128;tau_quantile=0.0125;weight_decay=5e-05,256,cosine,cat,0.0002,4,256,128,0.0125,5e-05,50.29,121.56,0.01449,0.12109,,,,
glue|roberta-base|cola_wide|baseline|t18|s42|tune,glue,roberta-base,cola_wide,cola,baseline,tune,18,42,mcc,gat_hidden_dim=128;graph_metric=cosine;jk_mode=max;lr=0.0002;num_layers=2;proj_dim=128;scorer_hidden=128;tau_quantile=0.05;weight_decay=0.0,128,cosine,max,0.0002,2,128,128,0.05,0.0,54.03,119.16,0.05161,0.0,,,,
glue|roberta-base|cola_wide|baseline|t19|s42|tune,glue,roberta-base,cola_wide,cola,baseline,tune,19,42,mcc,gat_hidden_dim=64;graph_metric=cosine;jk_mode=max;lr=2e-05;num_layers=4;proj_dim=128;scorer_hidden=128;tau_quantile=0.0125;weight_decay=1e-05,64,cosine,max,2e-05,4,128,128,0.0125,1e-05,19.75,120.87,0.01415,0.12891,,,,
glue|roberta-base|cola_wide|baseline|t20|s42|tune,glue,roberta-base,cola_wide,cola,baseline,tune,20,42,mcc,gat_hidden_dim=64;graph_metric=cosine;jk_mode=cat;lr=0.001;num_layers=4;proj_dim=256;scorer_hidden=256;tau_quantile=0.38;weight_decay=1e-05,64,cosine,cat,0.001,4,256,256,0.38,1e-05,55.73,122.04,0.37735,0.0,,,,
glue|roberta-base|cola_wide|baseline|t21|s42|tune,glue,roberta-base,cola_wide,cola,baseline,tune,21,42,mcc,gat_hidden_dim=128;graph_metric=cosine;jk_mode=cat;lr=2e-05;num_layers=4;proj_dim=256;scorer_hidden=256;tau_quantile=0.28;weight_decay=0.0,128,cosine,cat,2e-05,4,256,256,0.28,0.0,13.96,121.66,0.27822,0.0,,,,
glue|roberta-base|cola_wide|baseline|t22|s42|tune,glue,roberta-base,cola_wide,cola,baseline,tune,22,42,mcc,gat_hidden_dim=128;graph_metric=cosine;jk_mode=max;lr=0.001;num_layers=2;proj_dim=256;scorer_hidden=128;tau_quantile=0.15;weight_decay=0.0,128,cosine,max,0.001,2,256,128,0.15,0.0,53.9,119.08,0.14942,0.0,,,,
glue|roberta-base|cola_wide|baseline|t23|s42|tune,glue,roberta-base,cola_wide,cola,baseline,tune,23,42,mcc,gat_hidden_dim=128;graph_metric=cosine;jk_mode=cat;lr=2e-05;num_layers=4;proj_dim=128;scorer_hidden=128;tau_quantile=0.075;weight_decay=5e-05,128,cosine,cat,2e-05,4,128,128,0.075,5e-05,10.78,121.42,0.07697,0.0,,,,
glue|roberta-base|cola_wide|baseline|t24|s42|tune,glue,roberta-base,cola_wide,cola,baseline,tune,24,42,mcc,gat_hidden_dim=128;graph_metric=cosine;jk_mode=cat;lr=0.001;num_layers=2;proj_dim=256;scorer_hidden=128;tau_quantile=0.38;weight_decay=0.0,128,cosine,cat,0.001,2,256,128,0.38,0.0,54.74,118.73,0.37745,0.0,,,,
glue|roberta-base|cola_wide|baseline|t25|s42|tune,glue,roberta-base,cola_wide,cola,baseline,tune,25,42,mcc,gat_hidden_dim=256;graph_metric=cosine;jk_mode=cat;lr=0.0002;num_layers=4;proj_dim=512;scorer_hidden=128;tau_quantile=0.075;weight_decay=5e-05,256,cosine,cat,0.0002,4,512,128,0.075,5e-05,51.27,121.56,0.07656,0.0,,,,
glue|roberta-base|cola_wide|baseline|t26|s42|tune,glue,roberta-base,cola_wide,cola,baseline,tune,26,42,mcc,gat_hidden_dim=256;graph_metric=cosine;jk_mode=cat;lr=2e-05;num_layers=2;proj_dim=256;scorer_hidden=128;tau_quantile=0.2;weight_decay=1e-05,256,cosine,cat,2e-05,2,256,128,0.2,1e-05,20.2,119.0,0.19597,0.0,,,,
glue|roberta-base|cola_wide|baseline|t27|s42|tune,glue,roberta-base,cola_wide,cola,baseline,tune,27,42,mcc,gat_hidden_dim=256;graph_metric=cosine;jk_mode=cat;lr=0.0002;num_layers=4;proj_dim=512;scorer_hidden=128;tau_quantile=0.28;weight_decay=5e-05,256,cosine,cat,0.0002,4,512,128,0.28,5e-05,51.37,121.56,0.27857,0.0,,,,
glue|roberta-base|cola_wide|baseline|t28|s42|tune,glue,roberta-base,cola_wide,cola,baseline,tune,28,42,mcc,gat_hidden_dim=128;graph_metric=cosine;jk_mode=cat;lr=0.0002;num_layers=4;proj_dim=512;scorer_hidden=256;tau_quantile=0.0375;weight_decay=5e-05,128,cosine,cat,0.0002,4,512,256,0.0375,5e-05,53.12,122.4,0.03931,0.00391,,,,
glue|roberta-base|cola_wide|baseline|t29|s42|tune,glue,roberta-base,cola_wide,cola,baseline,tune,29,42,mcc,gat_hidden_dim=128;graph_metric=cosine;jk_mode=cat;lr=2e-05;num_layers=2;proj_dim=128;scorer_hidden=256;tau_quantile=0.075;weight_decay=1e-05,128,cosine,cat,2e-05,2,128,256,0.075,1e-05,0.0,118.93,0.07613,0.0,,,,
glue|roberta-base|cola_wide|baseline|t30|s42|tune,glue,roberta-base,cola_wide,cola,baseline,tune,30,42,mcc,gat_hidden_dim=256;graph_metric=cosine;jk_mode=max;lr=0.0002;num_layers=4;proj_dim=256;scorer_hidden=128;tau_quantile=0.1;weight_decay=1e-05,256,cosine,max,0.0002,4,256,128,0.1,1e-05,49.42,122.06,0.10108,0.0,,,,
glue|roberta-base|cola_wide|baseline|t31|s42|tune,glue,roberta-base,cola_wide,cola,baseline,tune,31,42,mcc,gat_hidden_dim=128;graph_metric=cosine;jk_mode=cat;lr=2e-05;num_layers=2;proj_dim=512;scorer_hidden=128;tau_quantile=0.15;weight_decay=5e-05,128,cosine,cat,2e-05,2,512,128,0.15,5e-05,0.0,118.12,0.1492,0.0,,,,
glue|roberta-base|cola_wide|baseline|t32|s42|tune,glue,roberta-base,cola_wide,cola,baseline,tune,32,42,mcc,gat_hidden_dim=64;graph_metric=cosine;jk_mode=cat;lr=0.0002;num_layers=2;proj_dim=256;scorer_hidden=128;tau_quantile=0.28;weight_decay=0.0,64,cosine,cat,0.0002,2,256,128,0.28,0.0,52.46,118.63,0.27889,0.0,,,,
glue|roberta-base|cola_wide|baseline|t33|s42|tune,glue,roberta-base,cola_wide,cola,baseline,tune,33,42,mcc,gat_hidden_dim=256;graph_metric=cosine;jk_mode=max;lr=0.001;num_layers=4;proj_dim=512;scorer_hidden=128;tau_quantile=0.025;weight_decay=1e-05,256,cosine,max,0.001,4,512,128,0.025,1e-05,50.74,125.01,0.02841,0.00391,,,,
glue|roberta-base|cola_wide|baseline|t34|s42|tune,glue,roberta-base,cola_wide,cola,baseline,tune,34,42,mcc,gat_hidden_dim=128;graph_metric=cosine;jk_mode=cat;lr=0.0002;num_layers=2;proj_dim=512;scorer_hidden=256;tau_quantile=0.05;weight_decay=0.0,128,cosine,cat,0.0002,2,512,256,0.05,0.0,52.5,121.54,0.05129,0.0,,,,
glue|roberta-base|cola_wide|baseline|t35|s42|tune,glue,roberta-base,cola_wide,cola,baseline,tune,35,42,mcc,gat_hidden_dim=256;graph_metric=cosine;jk_mode=cat;lr=2e-05;num_layers=2;proj_dim=512;scorer_hidden=128;tau_quantile=0.1;weight_decay=1e-05,256,cosine,cat,2e-05,2,512,128,0.1,1e-05,20.26,120.07,0.1016,0.0,,,,
glue|roberta-base|cola_wide|baseline|t36|s42|tune,glue,roberta-base,cola_wide,cola,baseline,tune,36,42,mcc,gat_hidden_dim=64;graph_metric=cosine;jk_mode=cat;lr=2e-05;num_layers=2;proj_dim=512;scorer_hidden=256;tau_quantile=0.2;weight_decay=1e-05,64,cosine,cat,2e-05,2,512,256,0.2,1e-05,0.0,118.86,0.19687,0.0,,,,
glue|roberta-base|cola_wide|baseline|t37|s42|tune,glue,roberta-base,cola_wide,cola,baseline,tune,37,42,mcc,gat_hidden_dim=64;graph_metric=cosine;jk_mode=cat;lr=0.0002;num_layers=2;proj_dim=256;scorer_hidden=128;tau_quantile=0.38;weight_decay=5e-05,64,cosine,cat,0.0002,2,256,128,0.38,5e-05,50.46,118.61,0.3771,0.0,,,,
glue|roberta-base|cola_wide|baseline|t38|s42|tune,glue,roberta-base,cola_wide,cola,baseline,tune,38,42,mcc,gat_hidden_dim=256;graph_metric=cosine;jk_mode=cat;lr=2e-05;num_layers=2;proj_dim=128;scorer_hidden=256;tau_quantile=0.2;weight_decay=1e-05,256,cosine,cat,2e-05,2,128,256,0.2,1e-05,20.2,119.95,0.19597,0.0,,,,
glue|roberta-base|cola_wide|baseline|t39|s42|tune,glue,roberta-base,cola_wide,cola,baseline,tune,39,42,mcc,gat_hidden_dim=64;graph_metric=cosine;jk_mode=max;lr=0.001;num_layers=2;proj_dim=512;scorer_hidden=256;tau_quantile=0.075;weight_decay=1e-05,64,cosine,max,0.001,2,512,256,0.075,1e-05,55.59,118.32,0.07645,0.0,,,,
glue|roberta-base|cola_wide|A|t0|s42|tune,glue,roberta-base,cola_wide,cola,A,tune,0,42,mcc,feature_mode=center;gat_hidden_dim=128;graph_curvature=9.0;graph_metric=poincare;jk_mode=max;lr=0.001;num_layers=4;proj_dim=512;rho_quantile=0.38;scorer_hidden=256;weight_decay=0.0,128,poincare,max,0.001,4,512,256,,0.0,52.95,146.68,0.37233,0.0,center,9.0,0.38,
glue|roberta-base|cola_wide|A|t1|s42|tune,glue,roberta-base,cola_wide,cola,A,tune,1,42,mcc,feature_mode=center;gat_hidden_dim=256;graph_curvature=9.0;graph_metric=poincare;jk_mode=max;lr=2e-05;num_layers=2;proj_dim=128;rho_quantile=0.025;scorer_hidden=256;weight_decay=0.0,256,poincare,max,2e-05,2,128,256,,0.0,8.04,143.15,0.02654,0.02734,center,9.0,0.025,
glue|roberta-base|cola_wide|A|t2|s42|tune,glue,roberta-base,cola_wide,cola,A,tune,2,42,mcc,feature_mode=center_unit;gat_hidden_dim=64;graph_curvature=4.0;graph_metric=poincare;jk_mode=max;lr=0.001;num_layers=2;proj_dim=512;rho_quantile=0.38;scorer_hidden=128;weight_decay=1e-05,64,poincare,max,0.001,2,512,128,,1e-05,54.68,147.21,0.37496,0.0,center_unit,4.0,0.38,
glue|roberta-base|cola_wide|A|t3|s42|tune,glue,roberta-base,cola_wide,cola,A,tune,3,42,mcc,feature_mode=center_unit;gat_hidden_dim=64;graph_curvature=1.0;graph_metric=poincare;jk_mode=cat;lr=0.0002;num_layers=2;proj_dim=512;rho_quantile=0.05;scorer_hidden=256;weight_decay=5e-05,64,poincare,cat,0.0002,2,512,256,,5e-05,51.06,146.63,0.04862,0.01562,center_unit,1.0,0.05,
glue|roberta-base|cola_wide|A|t4|s42|tune,glue,roberta-base,cola_wide,cola,A,tune,4,42,mcc,feature_mode=cls_root_unit;gat_hidden_dim=64;graph_curvature=9.0;graph_metric=poincare;jk_mode=cat;lr=0.001;num_layers=4;proj_dim=128;rho_quantile=0.38;scorer_hidden=256;weight_decay=0.0,64,poincare,cat,0.001,4,128,256,,0.0,53.84,150.05,0.37494,0.0,cls_root_unit,9.0,0.38,
glue|roberta-base|cola_wide|A|t5|s42|tune,glue,roberta-base,cola_wide,cola,A,tune,5,42,mcc,feature_mode=center_unit;gat_hidden_dim=256;graph_curvature=2.25;graph_metric=poincare;jk_mode=max;lr=0.001;num_layers=2;proj_dim=512;rho_quantile=0.2;scorer_hidden=128;weight_decay=5e-05,256,poincare,max,0.001,2,512,128,,5e-05,52.64,146.59,0.19494,0.0,center_unit,2.25,0.2,
glue|roberta-base|cola_wide|A|t6|s42|tune,glue,roberta-base,cola_wide,cola,A,tune,6,42,mcc,feature_mode=center;gat_hidden_dim=256;graph_curvature=4.0;graph_metric=poincare;jk_mode=max;lr=0.0002;num_layers=4;proj_dim=256;rho_quantile=0.2;scorer_hidden=128;weight_decay=0.0,256,poincare,max,0.0002,4,256,128,,0.0,49.72,147.97,0.19453,0.0,center,4.0,0.2,
glue|roberta-base|cola_wide|A|t7|s42|tune,glue,roberta-base,cola_wide,cola,A,tune,7,42,mcc,feature_mode=cls_root_unit;gat_hidden_dim=128;graph_curvature=0.25;graph_metric=poincare;jk_mode=max;lr=0.0002;num_layers=2;proj_dim=256;rho_quantile=0.2;scorer_hidden=128;weight_decay=0.0,128,poincare,max,0.0002,2,256,128,,0.0,52.92,146.61,0.19545,0.0,cls_root_unit,0.25,0.2,
glue|roberta-base|cola_wide|A|t8|s42|tune,glue,roberta-base,cola_wide,cola,A,tune,8,42,mcc,feature_mode=unit;gat_hidden_dim=256;graph_curvature=1.0;graph_metric=poincare;jk_mode=max;lr=0.0002;num_layers=2;proj_dim=128;rho_quantile=0.05;scorer_hidden=128;weight_decay=1e-05,256,poincare,max,0.0002,2,128,128,,1e-05,50.52,146.63,0.04862,0.00391,unit,1.0,0.05,
glue|roberta-base|cola_wide|A|t9|s42|tune,glue,roberta-base,cola_wide,cola,A,tune,9,42,mcc,feature_mode=unit;gat_hidden_dim=64;graph_curvature=4.0;graph_metric=poincare;jk_mode=max;lr=2e-05;num_layers=4;proj_dim=256;rho_quantile=0.025;scorer_hidden=128;weight_decay=5e-05,64,poincare,max,2e-05,4,256,128,,5e-05,19.55,151.09,0.02607,0.05078,unit,4.0,0.025,
glue|roberta-base|cola_wide|A|t10|s42|tune,glue,roberta-base,cola_wide,cola,A,tune,10,42,mcc,feature_mode=cls_root_unit;gat_hidden_dim=128;graph_curvature=4.0;graph_metric=poincare;jk_mode=cat;lr=0.0002;num_layers=4;proj_dim=256;rho_quantile=0.025;scorer_hidden=128;weight_decay=1e-05,128,poincare,cat,0.0002,4,256,128,,1e-05,54.02,148.59,0.02615,0.05078,cls_root_unit,4.0,0.025,
glue|roberta-base|cola_wide|A|t11|s42|tune,glue,roberta-base,cola_wide,cola,A,tune,11,42,mcc,feature_mode=unit;gat_hidden_dim=64;graph_curvature=9.0;graph_metric=poincare;jk_mode=max;lr=0.0002;num_layers=4;proj_dim=256;rho_quantile=0.025;scorer_hidden=128;weight_decay=5e-05,64,poincare,max,0.0002,4,256,128,,5e-05,54.03,147.98,0.02607,0.05078,unit,9.0,0.025,
glue|roberta-base|cola_wide|A|t12|s42|tune,glue,roberta-base,cola_wide,cola,A,tune,12,42,mcc,feature_mode=center_unit;gat_hidden_dim=64;graph_curvature=0.25;graph_metric=poincare;jk_mode=cat;lr=0.001;num_layers=2;proj_dim=512;rho_quantile=0.38;scorer_hidden=128;weight_decay=0.0,64,poincare,cat,0.001,2,512,128,,0.0,56.51,146.0,0.37525,0.0,center_unit,0.25,0.38,
glue|roberta-base|cola_wide|A|t13|s42|tune,glue,roberta-base,cola_wide,cola,A,tune,13,42,mcc,feature_mode=unit;gat_hidden_dim=256;graph_curvature=0.25;graph_metric=poincare;jk_mode=cat;lr=0.001;num_layers=2;proj_dim=512;rho_quantile=0.025;scorer_hidden=128;weight_decay=0.0,256,poincare,cat,0.001,2,512,128,,0.0,52.6,145.71,0.02694,0.03906,unit,0.25,0.025,
glue|roberta-base|cola_wide|A|t14|s42|tune,glue,roberta-base,cola_wide,cola,A,tune,14,42,mcc,feature_mode=center;gat_hidden_dim=128;graph_curvature=0.25;graph_metric=poincare;jk_mode=max;lr=0.0002;num_layers=4;proj_dim=128;rho_quantile=0.2;scorer_hidden=256;weight_decay=1e-05,128,poincare,max,0.0002,4,128,256,,1e-05,48.75,146.09,0.19516,0.0,center,0.25,0.2,
glue|roberta-base|cola_wide|A|t15|s42|tune,glue,roberta-base,cola_wide,cola,A,tune,15,42,mcc,feature_mode=center;gat_hidden_dim=256;graph_curvature=4.0;graph_metric=poincare;jk_mode=cat;lr=0.0002;num_layers=2;proj_dim=128;rho_quantile=0.025;scorer_hidden=128;weight_decay=0.0,256,poincare,cat,0.0002,2,128,128,,0.0,51.06,143.56,0.02689,0.03906,center,4.0,0.025,
glue|roberta-base|cola_wide|A|t16|s42|tune,glue,roberta-base,cola_wide,cola,A,tune,16,42,mcc,feature_mode=cls_root_unit;gat_hidden_dim=128;graph_curvature=9.0;graph_metric=poincare;jk_mode=max;lr=0.0002;num_layers=4;proj_dim=256;rho_quantile=0.38;scorer_hidden=128;weight_decay=1e-05,128,poincare,max,0.0002,4,256,128,,1e-05,53.7,148.7,0.37349,0.0,cls_root_unit,9.0,0.38,
glue|roberta-base|cola_wide|A|t17|s42|tune,glue,roberta-base,cola_wide,cola,A,tune,17,42,mcc,feature_mode=center;gat_hidden_dim=256;graph_curvature=4.0;graph_metric=poincare;jk_mode=max;lr=2e-05;num_layers=4;proj_dim=512;rho_quantile=0.025;scorer_hidden=128;weight_decay=1e-05,256,poincare,max,2e-05,4,512,128,,1e-05,19.54,147.49,0.02703,0.02344,center,4.0,0.025,
glue|roberta-base|cola_wide|A|t18|s42|tune,glue,roberta-base,cola_wide,cola,A,tune,18,42,mcc,feature_mode=cls_root_unit;gat_hidden_dim=256;graph_curvature=9.0;graph_metric=poincare;jk_mode=cat;lr=0.0002;num_layers=4;proj_dim=256;rho_quantile=0.2;scorer_hidden=128;weight_decay=1e-05,256,poincare,cat,0.0002,4,256,128,,1e-05,49.89,149.15,0.17613,0.0,cls_root_unit,9.0,0.2,
glue|roberta-base|cola_wide|A|t19|s42|tune,glue,roberta-base,cola_wide,cola,A,tune,19,42,mcc,feature_mode=center_unit;gat_hidden_dim=128;graph_curvature=2.25;graph_metric=poincare;jk_mode=cat;lr=0.001;num_layers=4;proj_dim=512;rho_quantile=0.05;scorer_hidden=256;weight_decay=0.0,128,poincare,cat,0.001,4,512,256,,0.0,55.63,147.9,0.0498,0.00391,center_unit,2.25,0.05,
glue|roberta-base|cola_wide|A|t20|s42|tune,glue,roberta-base,cola_wide,cola,A,tune,20,42,mcc,feature_mode=unit;gat_hidden_dim=128;graph_curvature=9.0;graph_metric=poincare;jk_mode=cat;lr=0.0002;num_layers=2;proj_dim=512;rho_quantile=0.38;scorer_hidden=256;weight_decay=0.0,128,poincare,cat,0.0002,2,512,256,,0.0,52.17,145.0,0.37525,0.0,unit,9.0,0.38,
glue|roberta-base|cola_wide|A|t21|s42|tune,glue,roberta-base,cola_wide,cola,A,tune,21,42,mcc,feature_mode=unit;gat_hidden_dim=256;graph_curvature=0.25;graph_metric=poincare;jk_mode=cat;lr=2e-05;num_layers=4;proj_dim=256;rho_quantile=0.1;scorer_hidden=128;weight_decay=0.0,256,poincare,cat,2e-05,4,256,128,,0.0,40.63,147.36,0.09862,0.0,unit,0.25,0.1,
glue|roberta-base|cola_wide|A|t22|s42|tune,glue,roberta-base,cola_wide,cola,A,tune,22,42,mcc,feature_mode=cls_root_unit;gat_hidden_dim=256;graph_curvature=1.0;graph_metric=poincare;jk_mode=max;lr=0.001;num_layers=2;proj_dim=512;rho_quantile=0.38;scorer_hidden=128;weight_decay=1e-05,256,poincare,max,0.001,2,512,128,,1e-05,54.45,145.49,0.37387,0.0,cls_root_unit,1.0,0.38,
glue|roberta-base|cola_wide|A|t23|s42|tune,glue,roberta-base,cola_wide,cola,A,tune,23,42,mcc,feature_mode=center;gat_hidden_dim=64;graph_curvature=2.25;graph_metric=poincare;jk_mode=max;lr=0.001;num_layers=4;proj_dim=512;rho_quantile=0.05;scorer_hidden=128;weight_decay=0.0,64,poincare,max,0.001,4,512,128,,0.0,55.72,147.19,0.0491,0.00781,center,2.25,0.05,
glue|roberta-base|cola_wide|A|t24|s42|tune,glue,roberta-base,cola_wide,cola,A,tune,24,42,mcc,feature_mode=unit;gat_hidden_dim=128;graph_curvature=4.0;graph_metric=poincare;jk_mode=max;lr=0.001;num_layers=4;proj_dim=256;rho_quantile=0.2;scorer_hidden=256;weight_decay=5e-05,128,poincare,max,0.001,4,256,256,,5e-05,54.0,147.27,0.19516,0.0,unit,4.0,0.2,
glue|roberta-base|cola_wide|A|t25|s42|tune,glue,roberta-base,cola_wide,cola,A,tune,25,42,mcc,feature_mode=center_unit;gat_hidden_dim=64;graph_curvature=0.25;graph_metric=poincare;jk_mode=max;lr=0.0002;num_layers=4;proj_dim=512;rho_quantile=0.38;scorer_hidden=128;weight_decay=0.0,64,poincare,max,0.0002,4,512,128,,0.0,53.26,148.75,0.37522,0.0,center_unit,0.25,0.38,
glue|roberta-base|cola_wide|A|t26|s42|tune,glue,roberta-base,cola_wide,cola,A,tune,26,42,mcc,feature_mode=cls_root_unit;gat_hidden_dim=256;graph_curvature=0.25;graph_metric=poincare;jk_mode=cat;lr=0.0002;num_layers=2;proj_dim=512;rho_quantile=0.025;scorer_hidden=128;weight_decay=5e-05,256,poincare,cat,0.0002,2,512,128,,5e-05,51.53,146.31,0.02694,0.03906,cls_root_unit,0.25,0.025,
glue|roberta-base|cola_wide|A|t27|s42|tune,glue,roberta-base,cola_wide,cola,A,tune,27,42,mcc,feature_mode=cls_root_unit;gat_hidden_dim=256;graph_curvature=4.0;graph_metric=poincare;jk_mode=cat;lr=0.0002;num_layers=4;proj_dim=128;rho_quantile=0.1;scorer_hidden=128;weight_decay=5e-05,256,poincare,cat,0.0002,4,128,128,,5e-05,51.05,148.99,0.09862,0.0,cls_root_unit,4.0,0.1,
glue|roberta-base|cola_wide|A|t28|s42|tune,glue,roberta-base,cola_wide,cola,A,tune,28,42,mcc,feature_mode=center_unit;gat_hidden_dim=256;graph_curvature=9.0;graph_metric=poincare;jk_mode=cat;lr=0.0002;num_layers=2;proj_dim=128;rho_quantile=0.2;scorer_hidden=256;weight_decay=5e-05,256,poincare,cat,0.0002,2,128,256,,5e-05,51.66,147.17,0.19427,0.0,center_unit,9.0,0.2,
glue|roberta-base|cola_wide|A|t29|s42|tune,glue,roberta-base,cola_wide,cola,A,tune,29,42,mcc,feature_mode=unit;gat_hidden_dim=128;graph_curvature=2.25;graph_metric=poincare;jk_mode=max;lr=0.0002;num_layers=2;proj_dim=256;rho_quantile=0.025;scorer_hidden=256;weight_decay=1e-05,128,poincare,max,0.0002,2,256,256,,1e-05,53.65,145.85,0.02589,0.04688,unit,2.25,0.025,
glue|roberta-base|cola_wide|A|t30|s42|tune,glue,roberta-base,cola_wide,cola,A,tune,30,42,mcc,feature_mode=center;gat_hidden_dim=128;graph_curvature=4.0;graph_metric=poincare;jk_mode=max;lr=0.001;num_layers=4;proj_dim=128;rho_quantile=0.05;scorer_hidden=256;weight_decay=5e-05,128,poincare,max,0.001,4,128,256,,5e-05,51.87,148.98,0.04867,0.00781,center,4.0,0.05,
glue|roberta-base|cola_wide|A|t31|s42|tune,glue,roberta-base,cola_wide,cola,A,tune,31,42,mcc,feature_mode=center_unit;gat_hidden_dim=128;graph_curvature=1.0;graph_metric=poincare;jk_mode=cat;lr=0.001;num_layers=4;proj_dim=256;rho_quantile=0.025;scorer_hidden=128;weight_decay=5e-05,128,poincare,cat,0.001,4,256,128,,5e-05,55.22,148.92,0.02615,0.05078,center_unit,1.0,0.025,
glue|roberta-base|cola_wide|A|t32|s42|tune,glue,roberta-base,cola_wide,cola,A,tune,32,42,mcc,feature_mode=center_unit;gat_hidden_dim=64;graph_curvature=4.0;graph_metric=poincare;jk_mode=max;lr=2e-05;num_layers=2;proj_dim=128;rho_quantile=0.2;scorer_hidden=128;weight_decay=0.0,64,poincare,max,2e-05,2,128,128,,0.0,0.0,146.4,0.19528,0.0,center_unit,4.0,0.2,
glue|roberta-base|cola_wide|A|t33|s42|tune,glue,roberta-base,cola_wide,cola,A,tune,33,42,mcc,feature_mode=center;gat_hidden_dim=128;graph_curvature=1.0;graph_metric=poincare;jk_mode=max;lr=0.0002;num_layers=2;proj_dim=256;rho_quantile=0.2;scorer_hidden=128;weight_decay=0.0,128,poincare,max,0.0002,2,256,128,,0.0,54.38,144.44,0.19513,0.0,center,1.0,0.2,
glue|roberta-base|cola_wide|A|t34|s42|tune,glue,roberta-base,cola_wide,cola,A,tune,34,42,mcc,feature_mode=center_unit;gat_hidden_dim=256;graph_curvature=9.0;graph_metric=poincare;jk_mode=cat;lr=0.001;num_layers=4;proj_dim=256;rho_quantile=0.1;scorer_hidden=256;weight_decay=1e-05,256,poincare,cat,0.001,4,256,256,,1e-05,54.38,148.49,0.09862,0.0,center_unit,9.0,0.1,
glue|roberta-base|cola_wide|A|t35|s42|tune,glue,roberta-base,cola_wide,cola,A,tune,35,42,mcc,feature_mode=cls_root_unit;gat_hidden_dim=256;graph_curvature=1.0;graph_metric=poincare;jk_mode=max;lr=0.001;num_layers=2;proj_dim=512;rho_quantile=0.1;scorer_hidden=256;weight_decay=1e-05,256,poincare,max,0.001,2,512,256,,1e-05,53.92,145.39,0.09917,0.0,cls_root_unit,1.0,0.1,
glue|roberta-base|cola_wide|A|t36|s42|tune,glue,roberta-base,cola_wide,cola,A,tune,36,42,mcc,feature_mode=cls_root_unit;gat_hidden_dim=128;graph_curvature=1.0;graph_metric=poincare;jk_mode=cat;lr=0.001;num_layers=2;proj_dim=128;rho_quantile=0.05;scorer_hidden=256;weight_decay=1e-05,128,poincare,cat,0.001,2,128,256,,1e-05,53.25,145.75,0.04906,0.0,cls_root_unit,1.0,0.05,
glue|roberta-base|cola_wide|A|t37|s42|tune,glue,roberta-base,cola_wide,cola,A,tune,37,42,mcc,feature_mode=center_unit;gat_hidden_dim=128;graph_curvature=2.25;graph_metric=poincare;jk_mode=max;lr=0.001;num_layers=4;proj_dim=512;rho_quantile=0.2;scorer_hidden=128;weight_decay=5e-05,128,poincare,max,0.001,4,512,128,,5e-05,54.92,150.7,0.19516,0.0,center_unit,2.25,0.2,
glue|roberta-base|cola_wide|A|t38|s42|tune,glue,roberta-base,cola_wide,cola,A,tune,38,42,mcc,feature_mode=center_unit;gat_hidden_dim=256;graph_curvature=1.0;graph_metric=poincare;jk_mode=cat;lr=0.0002;num_layers=2;proj_dim=256;rho_quantile=0.1;scorer_hidden=128;weight_decay=0.0,256,poincare,cat,0.0002,2,256,128,,0.0,50.76,145.66,0.09971,0.0,center_unit,1.0,0.1,
glue|roberta-base|cola_wide|A|t39|s42|tune,glue,roberta-base,cola_wide,cola,A,tune,39,42,mcc,feature_mode=unit;gat_hidden_dim=256;graph_curvature=4.0;graph_metric=poincare;jk_mode=max;lr=2e-05;num_layers=2;proj_dim=128;rho_quantile=0.2;scorer_hidden=256;weight_decay=0.0,256,poincare,max,2e-05,2,128,256,,0.0,8.04,146.51,0.19494,0.0,unit,4.0,0.2,
glue|roberta-base|cola_wide|A|t12|s1|confirm,glue,roberta-base,cola_wide,cola,A,confirm,12,1,mcc,feature_mode=center_unit;gat_hidden_dim=64;graph_curvature=0.25;graph_metric=poincare;jk_mode=cat;lr=0.001;num_layers=2;proj_dim=512;rho_quantile=0.38;scorer_hidden=128;weight_decay=0.0,64,poincare,cat,0.001,2,512,128,,0.0,54.88,146.51,0.37391,0.0,center_unit,0.25,0.38,
glue|roberta-base|cola_wide|A|t12|s2|confirm,glue,roberta-base,cola_wide,cola,A,confirm,12,2,mcc,feature_mode=center_unit;gat_hidden_dim=64;graph_curvature=0.25;graph_metric=poincare;jk_mode=cat;lr=0.001;num_layers=2;proj_dim=512;rho_quantile=0.38;scorer_hidden=128;weight_decay=0.0,64,poincare,cat,0.001,2,512,128,,0.0,53.16,145.85,0.37332,0.0,center_unit,0.25,0.38,
glue|roberta-base|cola_wide|A|t12|s3|confirm,glue,roberta-base,cola_wide,cola,A,confirm,12,3,mcc,feature_mode=center_unit;gat_hidden_dim=64;graph_curvature=0.25;graph_metric=poincare;jk_mode=cat;lr=0.001;num_layers=2;proj_dim=512;rho_quantile=0.38;scorer_hidden=128;weight_decay=0.0,64,poincare,cat,0.001,2,512,128,,0.0,55.6,145.98,0.37523,0.0,center_unit,0.25,0.38,
glue|roberta-base|cola_wide|A|t12|s4|confirm,glue,roberta-base,cola_wide,cola,A,confirm,12,4,mcc,feature_mode=center_unit;gat_hidden_dim=64;graph_curvature=0.25;graph_metric=poincare;jk_mode=cat;lr=0.001;num_layers=2;proj_dim=512;rho_quantile=0.38;scorer_hidden=128;weight_decay=0.0,64,poincare,cat,0.001,2,512,128,,0.0,54.36,145.68,0.37409,0.0,center_unit,0.25,0.38,
glue|roberta-base|cola_wide|A|t12|s5|confirm,glue,roberta-base,cola_wide,cola,A,confirm,12,5,mcc,feature_mode=center_unit;gat_hidden_dim=64;graph_curvature=0.25;graph_metric=poincare;jk_mode=cat;lr=0.001;num_layers=2;proj_dim=512;rho_quantile=0.38;scorer_hidden=128;weight_decay=0.0,64,poincare,cat,0.001,2,512,128,,0.0,53.68,145.85,0.3751,0.0,center_unit,0.25,0.38,
glue|roberta-base|cola_wide|A|t12|s6|confirm,glue,roberta-base,cola_wide,cola,A,confirm,12,6,mcc,feature_mode=center_unit;gat_hidden_dim=64;graph_curvature=0.25;graph_metric=poincare;jk_mode=cat;lr=0.001;num_layers=2;proj_dim=512;rho_quantile=0.38;scorer_hidden=128;weight_decay=0.0,64,poincare,cat,0.001,2,512,128,,0.0,53.53,146.81,0.37477,0.0,center_unit,0.25,0.38,
glue|roberta-base|cola_wide|A|t12|s7|confirm,glue,roberta-base,cola_wide,cola,A,confirm,12,7,mcc,feature_mode=center_unit;gat_hidden_dim=64;graph_curvature=0.25;graph_metric=poincare;jk_mode=cat;lr=0.001;num_layers=2;proj_dim=512;rho_quantile=0.38;scorer_hidden=128;weight_decay=0.0,64,poincare,cat,0.001,2,512,128,,0.0,54.85,147.28,0.3737,0.0,center_unit,0.25,0.38,
glue|roberta-base|cola_wide|A|t12|s8|confirm,glue,roberta-base,cola_wide,cola,A,confirm,12,8,mcc,feature_mode=center_unit;gat_hidden_dim=64;graph_curvature=0.25;graph_metric=poincare;jk_mode=cat;lr=0.001;num_layers=2;proj_dim=512;rho_quantile=0.38;scorer_hidden=128;weight_decay=0.0,64,poincare,cat,0.001,2,512,128,,0.0,54.74,147.42,0.37438,0.0,center_unit,0.25,0.38,
glue|roberta-base|cola_wide|A|t12|s9|confirm,glue,roberta-base,cola_wide,cola,A,confirm,12,9,mcc,feature_mode=center_unit;gat_hidden_dim=64;graph_curvature=0.25;graph_metric=poincare;jk_mode=cat;lr=0.001;num_layers=2;proj_dim=512;rho_quantile=0.38;scorer_hidden=128;weight_decay=0.0,64,poincare,cat,0.001,2,512,128,,0.0,53.49,147.48,0.37459,0.0,center_unit,0.25,0.38,
glue|roberta-base|cola_wide|A|t12|s10|confirm,glue,roberta-base,cola_wide,cola,A,confirm,12,10,mcc,feature_mode=center_unit;gat_hidden_dim=64;graph_curvature=0.25;graph_metric=poincare;jk_mode=cat;lr=0.001;num_layers=2;proj_dim=512;rho_quantile=0.38;scorer_hidden=128;weight_decay=0.0,64,poincare,cat,0.001,2,512,128,,0.0,54.81,146.28,0.37366,0.0,center_unit,0.25,0.38,
glue|roberta-base|cola_wide|A|t12|s11|confirm,glue,roberta-base,cola_wide,cola,A,confirm,12,11,mcc,feature_mode=center_unit;gat_hidden_dim=64;graph_curvature=0.25;graph_metric=poincare;jk_mode=cat;lr=0.001;num_layers=2;proj_dim=512;rho_quantile=0.38;scorer_hidden=128;weight_decay=0.0,64,poincare,cat,0.001,2,512,128,,0.0,52.58,145.83,0.37448,0.0,center_unit,0.25,0.38,
glue|roberta-base|cola_wide|A|t12|s12|confirm,glue,roberta-base,cola_wide,cola,A,confirm,12,12,mcc,feature_mode=center_unit;gat_hidden_dim=64;graph_curvature=0.25;graph_metric=poincare;jk_mode=cat;lr=0.001;num_layers=2;proj_dim=512;rho_quantile=0.38;scorer_hidden=128;weight_decay=0.0,64,poincare,cat,0.001,2,512,128,,0.0,55.55,146.7,0.37431,0.0,center_unit,0.25,0.38,
glue|roberta-base|cola_wide|A|t12|s13|confirm,glue,roberta-base,cola_wide,cola,A,confirm,12,13,mcc,feature_mode=center_unit;gat_hidden_dim=64;graph_curvature=0.25;graph_metric=poincare;jk_mode=cat;lr=0.001;num_layers=2;proj_dim=512;rho_quantile=0.38;scorer_hidden=128;weight_decay=0.0,64,poincare,cat,0.001,2,512,128,,0.0,55.11,144.97,0.37505,0.0,center_unit,0.25,0.38,
glue|roberta-base|cola_wide|A|t12|s14|confirm,glue,roberta-base,cola_wide,cola,A,confirm,12,14,mcc,feature_mode=center_unit;gat_hidden_dim=64;graph_curvature=0.25;graph_metric=poincare;jk_mode=cat;lr=0.001;num_layers=2;proj_dim=512;rho_quantile=0.38;scorer_hidden=128;weight_decay=0.0,64,poincare,cat,0.001,2,512,128,,0.0,54.74,145.75,0.37431,0.0,center_unit,0.25,0.38,
glue|roberta-base|cola_wide|A|t12|s15|confirm,glue,roberta-base,cola_wide,cola,A,confirm,12,15,mcc,feature_mode=center_unit;gat_hidden_dim=64;graph_curvature=0.25;graph_metric=poincare;jk_mode=cat;lr=0.001;num_layers=2;proj_dim=512;rho_quantile=0.38;scorer_hidden=128;weight_decay=0.0,64,poincare,cat,0.001,2,512,128,,0.0,54.52,147.51,0.37544,0.0,center_unit,0.25,0.38,
glue|roberta-base|cola_wide|baseline|t20|s1|confirm,glue,roberta-base,cola_wide,cola,baseline,confirm,20,1,mcc,gat_hidden_dim=64;graph_metric=cosine;jk_mode=cat;lr=0.001;num_layers=4;proj_dim=256;scorer_hidden=256;tau_quantile=0.38;weight_decay=1e-05,64,cosine,cat,0.001,4,256,256,0.38,1e-05,55.58,121.6,0.37621,0.0,,,,
glue|roberta-base|cola_wide|baseline|t20|s2|confirm,glue,roberta-base,cola_wide,cola,baseline,confirm,20,2,mcc,gat_hidden_dim=64;graph_metric=cosine;jk_mode=cat;lr=0.001;num_layers=4;proj_dim=256;scorer_hidden=256;tau_quantile=0.38;weight_decay=1e-05,64,cosine,cat,0.001,4,256,256,0.38,1e-05,54.11,121.97,0.37761,0.0,,,,
glue|roberta-base|cola_wide|baseline|t20|s3|confirm,glue,roberta-base,cola_wide,cola,baseline,confirm,20,3,mcc,gat_hidden_dim=64;graph_metric=cosine;jk_mode=cat;lr=0.001;num_layers=4;proj_dim=256;scorer_hidden=256;tau_quantile=0.38;weight_decay=1e-05,64,cosine,cat,0.001,4,256,256,0.38,1e-05,54.44,123.68,0.37691,0.0,,,,
glue|roberta-base|cola_wide|baseline|t20|s4|confirm,glue,roberta-base,cola_wide,cola,baseline,confirm,20,4,mcc,gat_hidden_dim=64;graph_metric=cosine;jk_mode=cat;lr=0.001;num_layers=4;proj_dim=256;scorer_hidden=256;tau_quantile=0.38;weight_decay=1e-05,64,cosine,cat,0.001,4,256,256,0.38,1e-05,56.2,121.66,0.3772,0.0,,,,
glue|roberta-base|cola_wide|baseline|t20|s5|confirm,glue,roberta-base,cola_wide,cola,baseline,confirm,20,5,mcc,gat_hidden_dim=64;graph_metric=cosine;jk_mode=cat;lr=0.001;num_layers=4;proj_dim=256;scorer_hidden=256;tau_quantile=0.38;weight_decay=1e-05,64,cosine,cat,0.001,4,256,256,0.38,1e-05,51.82,122.27,0.37736,0.0,,,,
glue|roberta-base|cola_wide|baseline|t20|s6|confirm,glue,roberta-base,cola_wide,cola,baseline,confirm,20,6,mcc,gat_hidden_dim=64;graph_metric=cosine;jk_mode=cat;lr=0.001;num_layers=4;proj_dim=256;scorer_hidden=256;tau_quantile=0.38;weight_decay=1e-05,64,cosine,cat,0.001,4,256,256,0.38,1e-05,56.18,120.85,0.37644,0.0,,,,
glue|roberta-base|cola_wide|baseline|t20|s7|confirm,glue,roberta-base,cola_wide,cola,baseline,confirm,20,7,mcc,gat_hidden_dim=64;graph_metric=cosine;jk_mode=cat;lr=0.001;num_layers=4;proj_dim=256;scorer_hidden=256;tau_quantile=0.38;weight_decay=1e-05,64,cosine,cat,0.001,4,256,256,0.38,1e-05,55.86,121.76,0.37638,0.0,,,,
glue|roberta-base|cola_wide|baseline|t20|s8|confirm,glue,roberta-base,cola_wide,cola,baseline,confirm,20,8,mcc,gat_hidden_dim=64;graph_metric=cosine;jk_mode=cat;lr=0.001;num_layers=4;proj_dim=256;scorer_hidden=256;tau_quantile=0.38;weight_decay=1e-05,64,cosine,cat,0.001,4,256,256,0.38,1e-05,53.35,120.51,0.37787,0.0,,,,
glue|roberta-base|cola_wide|baseline|t20|s9|confirm,glue,roberta-base,cola_wide,cola,baseline,confirm,20,9,mcc,gat_hidden_dim=64;graph_metric=cosine;jk_mode=cat;lr=0.001;num_layers=4;proj_dim=256;scorer_hidden=256;tau_quantile=0.38;weight_decay=1e-05,64,cosine,cat,0.001,4,256,256,0.38,1e-05,52.06,120.72,0.37633,0.0,,,,
glue|roberta-base|cola_wide|baseline|t20|s10|confirm,glue,roberta-base,cola_wide,cola,baseline,confirm,20,10,mcc,gat_hidden_dim=64;graph_metric=cosine;jk_mode=cat;lr=0.001;num_layers=4;proj_dim=256;scorer_hidden=256;tau_quantile=0.38;weight_decay=1e-05,64,cosine,cat,0.001,4,256,256,0.38,1e-05,55.14,123.03,0.3772,0.0,,,,
glue|roberta-base|cola_wide|baseline|t20|s11|confirm,glue,roberta-base,cola_wide,cola,baseline,confirm,20,11,mcc,gat_hidden_dim=64;graph_metric=cosine;jk_mode=cat;lr=0.001;num_layers=4;proj_dim=256;scorer_hidden=256;tau_quantile=0.38;weight_decay=1e-05,64,cosine,cat,0.001,4,256,256,0.38,1e-05,53.51,122.64,0.37683,0.0,,,,
glue|roberta-base|cola_wide|baseline|t20|s12|confirm,glue,roberta-base,cola_wide,cola,baseline,confirm,20,12,mcc,gat_hidden_dim=64;graph_metric=cosine;jk_mode=cat;lr=0.001;num_layers=4;proj_dim=256;scorer_hidden=256;tau_quantile=0.38;weight_decay=1e-05,64,cosine,cat,0.001,4,256,256,0.38,1e-05,53.49,122.29,0.37701,0.0,,,,
glue|roberta-base|cola_wide|baseline|t20|s13|confirm,glue,roberta-base,cola_wide,cola,baseline,confirm,20,13,mcc,gat_hidden_dim=64;graph_metric=cosine;jk_mode=cat;lr=0.001;num_layers=4;proj_dim=256;scorer_hidden=256;tau_quantile=0.38;weight_decay=1e-05,64,cosine,cat,0.001,4,256,256,0.38,1e-05,55.19,122.95,0.3766,0.0,,,,
glue|roberta-base|cola_wide|baseline|t20|s14|confirm,glue,roberta-base,cola_wide,cola,baseline,confirm,20,14,mcc,gat_hidden_dim=64;graph_metric=cosine;jk_mode=cat;lr=0.001;num_layers=4;proj_dim=256;scorer_hidden=256;tau_quantile=0.38;weight_decay=1e-05,64,cosine,cat,0.001,4,256,256,0.38,1e-05,55.2,122.03,0.37744,0.0,,,,
glue|roberta-base|cola_wide|baseline|t20|s15|confirm,glue,roberta-base,cola_wide,cola,baseline,confirm,20,15,mcc,gat_hidden_dim=64;graph_metric=cosine;jk_mode=cat;lr=0.001;num_layers=4;proj_dim=256;scorer_hidden=256;tau_quantile=0.38;weight_decay=1e-05,64,cosine,cat,0.001,4,256,256,0.38,1e-05,56.88,122.59,0.37652,0.0,,,,
glue|roberta-base|cola_wide|no_graph|t0|s42|tune,glue,roberta-base,cola_wide,cola,no_graph,tune,0,42,mcc,gat_hidden_dim=256;graph_metric=cosine;jk_mode=cat;lr=0.0002;num_layers=4;proj_dim=512;scorer_hidden=256;tau=0.999;weight_decay=5e-05,256,cosine,cat,0.0002,4,512,256,,5e-05,51.53,148.12,0.00443,0.78516,,,,0.999
glue|roberta-base|cola_wide|no_graph|t1|s42|tune,glue,roberta-base,cola_wide,cola,no_graph,tune,1,42,mcc,gat_hidden_dim=256;graph_metric=cosine;jk_mode=max;lr=0.001;num_layers=2;proj_dim=128;scorer_hidden=128;tau=0.999;weight_decay=0.0,256,cosine,max,0.001,2,128,128,,0.0,52.75,127.86,0.00462,0.78125,,,,0.999
glue|roberta-base|cola_wide|no_graph|t2|s42|tune,glue,roberta-base,cola_wide,cola,no_graph,tune,2,42,mcc,gat_hidden_dim=256;graph_metric=cosine;jk_mode=cat;lr=0.0002;num_layers=2;proj_dim=256;scorer_hidden=256;tau=0.999;weight_decay=5e-05,256,cosine,cat,0.0002,2,256,256,,5e-05,52.0,127.66,0.00573,0.75,,,,0.999
glue|roberta-base|cola_wide|no_graph|t3|s42|tune,glue,roberta-base,cola_wide,cola,no_graph,tune,3,42,mcc,gat_hidden_dim=64;graph_metric=cosine;jk_mode=cat;lr=0.001;num_layers=2;proj_dim=512;scorer_hidden=256;tau=0.999;weight_decay=0.0,64,cosine,cat,0.001,2,512,256,,0.0,54.75,125.61,0.00437,0.78906,,,,0.999
glue|roberta-base|cola_wide|no_graph|t4|s42|tune,glue,roberta-base,cola_wide,cola,no_graph,tune,4,42,mcc,gat_hidden_dim=128;graph_metric=cosine;jk_mode=cat;lr=0.0002;num_layers=4;proj_dim=128;scorer_hidden=256;tau=0.999;weight_decay=0.0,128,cosine,cat,0.0002,4,128,256,,0.0,54.18,131.79,0.00472,0.75391,,,,0.999
glue|roberta-base|cola_wide|no_graph|t5|s42|tune,glue,roberta-base,cola_wide,cola,no_graph,tune,5,42,mcc,gat_hidden_dim=64;graph_metric=cosine;jk_mode=max;lr=2e-05;num_layers=2;proj_dim=512;scorer_hidden=256;tau=0.999;weight_decay=1e-05,64,cosine,max,2e-05,2,512,256,,1e-05,0.0,129.32,0.00456,0.77344,,,,0.999
glue|roberta-base|cola_wide|no_graph|t6|s42|tune,glue,roberta-base,cola_wide,cola,no_graph,tune,6,42,mcc,gat_hidden_dim=256;graph_metric=cosine;jk_mode=cat;lr=2e-05;num_layers=2;proj_dim=512;scorer_hidden=256;tau=0.999;weight_decay=5e-05,256,cosine,cat,2e-05,2,512,256,,5e-05,23.09,129.87,0.00573,0.75,,,,0.999
glue|roberta-base|cola_wide|no_graph|t7|s42|tune,glue,roberta-base,cola_wide,cola,no_graph,tune,7,42,mcc,gat_hidden_dim=64;graph_metric=cosine;jk_mode=cat;lr=0.001;num_layers=2;proj_dim=128;scorer_hidden=256;tau=0.999;weight_decay=1e-05,64,cosine,cat,0.001,2,128,256,,1e-05,54.32,128.47,0.00437,0.78906,,,,0.999
glue|roberta-base|cola_wide|no_graph|t8|s42|tune,glue,roberta-base,cola_wide,cola,no_graph,tune,8,42,mcc,gat_hidden_dim=128;graph_metric=cosine;jk_mode=cat;lr=0.0002;num_layers=4;proj_dim=256;scorer_hidden=128;tau=0.999;weight_decay=0.0,128,cosine,cat,0.0002,4,256,128,,0.0,54.26,132.96,0.00472,0.75391,,,,0.999
glue|roberta-base|cola_wide|no_graph|t9|s42|tune,glue,roberta-base,cola_wide,cola,no_graph,tune,9,42,mcc,gat_hidden_dim=128;graph_metric=cosine;jk_mode=max;lr=2e-05;num_layers=4;proj_dim=512;scorer_hidden=128;tau=0.999;weight_decay=5e-05,128,cosine,max,2e-05,4,512,128,,5e-05,0.0,132.21,0.00432,0.75,,,,0.999
glue|roberta-base|cola_wide|no_graph|t10|s42|tune,glue,roberta-base,cola_wide,cola,no_graph,tune,10,42,mcc,gat_hidden_dim=256;graph_metric=cosine;jk_mode=cat;lr=0.001;num_layers=2;proj_dim=256;scorer_hidden=128;tau=0.999;weight_decay=5e-05,256,cosine,cat,0.001,2,256,128,,5e-05,55.09,129.78,0.00573,0.75,,,,0.999
glue|roberta-base|cola_wide|no_graph|t11|s42|tune,glue,roberta-base,cola_wide,cola,no_graph,tune,11,42,mcc,gat_hidden_dim=64;graph_metric=cosine;jk_mode=max;lr=2e-05;num_layers=4;proj_dim=128;scorer_hidden=256;tau=0.999;weight_decay=1e-05,64,cosine,max,2e-05,4,128,256,,1e-05,19.52,132.09,0.005,0.74609,,,,0.999
glue|roberta-base|cola_wide|no_graph|t12|s42|tune,glue,roberta-base,cola_wide,cola,no_graph,tune,12,42,mcc,gat_hidden_dim=128;graph_metric=cosine;jk_mode=cat;lr=0.001;num_layers=4;proj_dim=256;scorer_hidden=128;tau=0.999;weight_decay=5e-05,128,cosine,cat,0.001,4,256,128,,5e-05,55.7,133.83,0.00472,0.75391,,,,0.999
glue|roberta-base|cola_wide|no_graph|t13|s42|tune,glue,roberta-base,cola_wide,cola,no_graph,tune,13,42,mcc,gat_hidden_dim=128;graph_metric=cosine;jk_mode=cat;lr=2e-05;num_layers=4;proj_dim=512;scorer_hidden=256;tau=0.999;weight_decay=0.0,128,cosine,cat,2e-05,4,512,256,,0.0,13.42,132.73,0.00472,0.75391,,,,0.999
glue|roberta-base|cola_wide|no_graph|t14|s42|tune,glue,roberta-base,cola_wide,cola,no_graph,tune,14,42,mcc,gat_hidden_dim=128;graph_metric=cosine;jk_mode=cat;lr=2e-05;num_layers=2;proj_dim=512;scorer_hidden=256;tau=0.999;weight_decay=1e-05,128,cosine,cat,2e-05,2,512,256,,1e-05,0.0,128.32,0.00522,0.75781,,,,0.999
glue|roberta-base|cola_wide|no_graph|t15|s42|tune,glue,roberta-base,cola_wide,cola,no_graph,tune,15,42,mcc,gat_hidden_dim=64;graph_metric=cosine;jk_mode=cat;lr=2e-05;num_layers=2;proj_dim=256;scorer_hidden=128;tau=0.999;weight_decay=1e-05,64,cosine,cat,2e-05,2,256,128,,1e-05,0.0,127.92,0.00437,0.78906,,,,0.999
glue|roberta-base|cola_wide|no_graph|t16|s42|tune,glue,roberta-base,cola_wide,cola,no_graph,tune,16,42,mcc,gat_hidden_dim=128;graph_metric=cosine;jk_mode=max;lr=2e-05;num_layers=2;proj_dim=128;scorer_hidden=128;tau=0.999;weight_decay=5e-05,128,cosine,max,2e-05,2,128,128,,5e-05,0.0,129.1,0.00418,0.8125,,,,0.999
glue|roberta-base|cola_wide|no_graph|t17|s42|tune,glue,roberta-base,cola_wide,cola,no_graph,tune,17,42,mcc,gat_hidden_dim=128;graph_metric=cosine;jk_mode=max;lr=2e-05;num_layers=2;proj_dim=128;scorer_hidden=256;tau=0.999;weight_decay=5e-05,128,cosine,max,2e-05,2,128,256,,5e-05,0.0,131.84,0.00418,0.8125,,,,0.999
glue|roberta-base|cola_wide|no_graph|t18|s42|tune,glue,roberta-base,cola_wide,cola,no_graph,tune,18,42,mcc,gat_hidden_dim=128;graph_metric=cosine;jk_mode=max;lr=0.0002;num_layers=4;proj_dim=256;scorer_hidden=128;tau=0.999;weight_decay=5e-05,128,cosine,max,0.0002,4,256,128,,5e-05,50.62,131.18,0.00432,0.75,,,,0.999
glue|roberta-base|cola_wide|no_graph|t19|s42|tune,glue,roberta-base,cola_wide,cola,no_graph,tune,19,42,mcc,gat_hidden_dim=64;graph_metric=cosine;jk_mode=max;lr=0.001;num_layers=4;proj_dim=128;scorer_hidden=128;tau=0.999;weight_decay=1e-05,64,cosine,max,0.001,4,128,128,,1e-05,55.92,132.04,0.005,0.74609,,,,0.999
glue|roberta-base|cola_wide|no_graph|t20|s42|tune,glue,roberta-base,cola_wide,cola,no_graph,tune,20,42,mcc,gat_hidden_dim=256;graph_metric=cosine;jk_mode=cat;lr=0.001;num_layers=2;proj_dim=512;scorer_hidden=128;tau=0.999;weight_decay=5e-05,256,cosine,cat,0.001,2,512,128,,5e-05,54.87,130.17,0.00573,0.75,,,,0.999
glue|roberta-base|cola_wide|no_graph|t21|s42|tune,glue,roberta-base,cola_wide,cola,no_graph,tune,21,42,mcc,gat_hidden_dim=64;graph_metric=cosine;jk_mode=max;lr=2e-05;num_layers=4;proj_dim=512;scorer_hidden=256;tau=0.999;weight_decay=5e-05,64,cosine,max,2e-05,4,512,256,,5e-05,19.27,132.56,0.005,0.74609,,,,0.999
glue|roberta-base|cola_wide|no_graph|t22|s42|tune,glue,roberta-base,cola_wide,cola,no_graph,tune,22,42,mcc,gat_hidden_dim=128;graph_metric=cosine;jk_mode=max;lr=0.001;num_layers=2;proj_dim=512;scorer_hidden=128;tau=0.999;weight_decay=0.0,128,cosine,max,0.001,2,512,128,,0.0,54.34,128.15,0.00418,0.8125,,,,0.999
glue|roberta-base|cola_wide|no_graph|t23|s42|tune,glue,roberta-base,cola_wide,cola,no_graph,tune,23,42,mcc,gat_hidden_dim=64;graph_metric=cosine;jk_mode=max;lr=2e-05;num_layers=2;proj_dim=512;scorer_hidden=128;tau=0.999;weight_decay=1e-05,64,cosine,max,2e-05,2,512,128,,1e-05,0.0,129.89,0.00456,0.77344,,,,0.999
glue|roberta-base|cola_wide|no_graph|t24|s42|tune,glue,roberta-base,cola_wide,cola,no_graph,tune,24,42,mcc,gat_hidden_dim=256;graph_metric=cosine;jk_mode=cat;lr=2e-05;num_layers=4;proj_dim=512;scorer_hidden=256;tau=0.999;weight_decay=5e-05,256,cosine,cat,2e-05,4,512,256,,5e-05,42.1,132.5,0.00443,0.78516,,,,0.999
glue|roberta-base|cola_wide|no_graph|t25|s42|tune,glue,roberta-base,cola_wide,cola,no_graph,tune,25,42,mcc,gat_hidden_dim=64;graph_metric=cosine;jk_mode=max;lr=2e-05;num_layers=4;proj_dim=256;scorer_hidden=128;tau=0.999;weight_decay=0.0,64,cosine,max,2e-05,4,256,128,,0.0,19.52,130.66,0.005,0.74609,,,,0.999
glue|roberta-base|cola_wide|no_graph|t26|s42|tune,glue,roberta-base,cola_wide,cola,no_graph,tune,26,42,mcc,gat_hidden_dim=64;graph_metric=cosine;jk_mode=max;lr=0.0002;num_layers=4;proj_dim=256;scorer_hidden=128;tau=0.999;weight_decay=5e-05,64,cosine,max,0.0002,4,256,128,,5e-05,53.76,133.25,0.005,0.74609,,,,0.999
glue|roberta-base|cola_wide|no_graph|t27|s42|tune,glue,roberta-base,cola_wide,cola,no_graph,tune,27,42,mcc,gat_hidden_dim=128;graph_metric=cosine;jk_mode=cat;lr=0.001;num_layers=2;proj_dim=256;scorer_hidden=128;tau=0.999;weight_decay=1e-05,128,cosine,cat,0.001,2,256,128,,1e-05,52.46,130.32,0.00522,0.75781,,,,0.999
glue|roberta-base|cola_wide|no_graph|t28|s42|tune,glue,roberta-base,cola_wide,cola,no_graph,tune,28,42,mcc,gat_hidden_dim=64;graph_metric=cosine;jk_mode=cat;lr=0.001;num_layers=4;proj_dim=512;scorer_hidden=128;tau=0.999;weight_decay=5e-05,64,cosine,cat,0.001,4,512,128,,5e-05,53.7,133.88,0.00488,0.78906,,,,0.999
glue|roberta-base|cola_wide|no_graph|t29|s42|tune,glue,roberta-base,cola_wide,cola,no_graph,tune,29,42,mcc,gat_hidden_dim=128;graph_metric=cosine;jk_mode=max;lr=0.0002;num_layers=2;proj_dim=512;scorer_hidden=256;tau=0.999;weight_decay=0.0,128,cosine,max,0.0002,2,512,256,,0.0,53.3,127.85,0.00418,0.8125,,,,0.999
glue|roberta-base|cola_wide|no_graph|t30|s42|tune,glue,roberta-base,cola_wide,cola,no_graph,tune,30,42,mcc,gat_hidden_dim=128;graph_metric=cosine;jk_mode=max;lr=2e-05;num_layers=4;proj_dim=256;scorer_hidden=128;tau=0.999;weight_decay=0.0,128,cosine,max,2e-05,4,256,128,,0.0,0.0,132.66,0.00432,0.75,,,,0.999
glue|roberta-base|cola_wide|no_graph|t31|s42|tune,glue,roberta-base,cola_wide,cola,no_graph,tune,31,42,mcc,gat_hidden_dim=64;graph_metric=cosine;jk_mode=cat;lr=0.0002;num_layers=4;proj_dim=128;scorer_hidden=128;tau=0.999;weight_decay=0.0,64,cosine,cat,0.0002,4,128,128,,0.0,55.91,130.74,0.00488,0.78906,,,,0.999
glue|roberta-base|cola_wide|no_graph|t32|s42|tune,glue,roberta-base,cola_wide,cola,no_graph,tune,32,42,mcc,gat_hidden_dim=128;graph_metric=cosine;jk_mode=max;lr=0.001;num_layers=4;proj_dim=512;scorer_hidden=256;tau=0.999;weight_decay=0.0,128,cosine,max,0.001,4,512,256,,0.0,53.7,131.78,0.00432,0.75,,,,0.999
glue|roberta-base|cola_wide|no_graph|t33|s42|tune,glue,roberta-base,cola_wide,cola,no_graph,tune,33,42,mcc,gat_hidden_dim=128;graph_metric=cosine;jk_mode=cat;lr=0.0002;num_layers=4;proj_dim=512;scorer_hidden=256;tau=0.999;weight_decay=0.0,128,cosine,cat,0.0002,4,512,256,,0.0,54.26,131.84,0.00472,0.75391,,,,0.999
glue|roberta-base|cola_wide|no_graph|t34|s42|tune,glue,roberta-base,cola_wide,cola,no_graph,tune,34,42,mcc,gat_hidden_dim=256;graph_metric=cosine;jk_mode=cat;lr=0.001;num_layers=2;proj_dim=128;scorer_hidden=256;tau=0.999;weight_decay=0.0,256,cosine,cat,0.001,2,128,256,,0.0,54.48,131.34,0.00573,0.75,,,,0.999
glue|roberta-base|cola_wide|no_graph|t35|s42|tune,glue,roberta-base,cola_wide,cola,no_graph,tune,35,42,mcc,gat_hidden_dim=64;graph_metric=cosine;jk_mode=cat;lr=0.0002;num_layers=4;proj_dim=512;scorer_hidden=256;tau=0.999;weight_decay=1e-05,64,cosine,cat,0.0002,4,512,256,,1e-05,55.7,132.28,0.00488,0.78906,,,,0.999
glue|roberta-base|cola_wide|no_graph|t36|s42|tune,glue,roberta-base,cola_wide,cola,no_graph,tune,36,42,mcc,gat_hidden_dim=64;graph_metric=cosine;jk_mode=cat;lr=2e-05;num_layers=4;proj_dim=128;scorer_hidden=256;tau=0.999;weight_decay=1e-05,64,cosine,cat,2e-05,4,128,256,,1e-05,0.0,132.33,0.00488,0.78906,,,,0.999
glue|roberta-base|cola_wide|no_graph|t37|s42|tune,glue,roberta-base,cola_wide,cola,no_graph,tune,37,42,mcc,gat_hidden_dim=256;graph_metric=cosine;jk_mode=cat;lr=2e-05;num_layers=2;proj_dim=512;scorer_hidden=128;tau=0.999;weight_decay=1e-05,256,cosine,cat,2e-05,2,512,128,,1e-05,23.56,127.26,0.00573,0.75,,,,0.999
glue|roberta-base|cola_wide|no_graph|t38|s42|tune,glue,roberta-base,cola_wide,cola,no_graph,tune,38,42,mcc,gat_hidden_dim=256;graph_metric=cosine;jk_mode=max;lr=0.001;num_layers=2;proj_dim=256;scorer_hidden=256;tau=0.999;weight_decay=1e-05,256,cosine,max,0.001,2,256,256,,1e-05,52.44,131.42,0.00462,0.78125,,,,0.999
glue|roberta-base|cola_wide|no_graph|t39|s42|tune,glue,roberta-base,cola_wide,cola,no_graph,tune,39,42,mcc,gat_hidden_dim=128;graph_metric=cosine;jk_mode=cat;lr=2e-05;num_layers=2;proj_dim=128;scorer_hidden=256;tau=0.999;weight_decay=1e-05,128,cosine,cat,2e-05,2,128,256,,1e-05,0.0,128.78,0.00522,0.75781,,,,0.999
glue|roberta-base|cola_wide|no_graph|t19|s1|confirm,glue,roberta-base,cola_wide,cola,no_graph,confirm,19,1,mcc,gat_hidden_dim=64;graph_metric=cosine;jk_mode=max;lr=0.001;num_layers=4;proj_dim=128;scorer_hidden=128;tau=0.999;weight_decay=1e-05,64,cosine,max,0.001,4,128,128,,1e-05,53.34,133.0,0.00396,0.78516,,,,0.999
glue|roberta-base|cola_wide|no_graph|t19|s2|confirm,glue,roberta-base,cola_wide,cola,no_graph,confirm,19,2,mcc,gat_hidden_dim=64;graph_metric=cosine;jk_mode=max;lr=0.001;num_layers=4;proj_dim=128;scorer_hidden=128;tau=0.999;weight_decay=1e-05,64,cosine,max,0.001,4,128,128,,1e-05,53.31,133.82,0.00432,0.77734,,,,0.999
glue|roberta-base|cola_wide|no_graph|t19|s3|confirm,glue,roberta-base,cola_wide,cola,no_graph,confirm,19,3,mcc,gat_hidden_dim=64;graph_metric=cosine;jk_mode=max;lr=0.001;num_layers=4;proj_dim=128;scorer_hidden=128;tau=0.999;weight_decay=1e-05,64,cosine,max,0.001,4,128,128,,1e-05,56.87,131.94,0.0047,0.77734,,,,0.999
glue|roberta-base|cola_wide|no_graph|t19|s4|confirm,glue,roberta-base,cola_wide,cola,no_graph,confirm,19,4,mcc,gat_hidden_dim=64;graph_metric=cosine;jk_mode=max;lr=0.001;num_layers=4;proj_dim=128;scorer_hidden=128;tau=0.999;weight_decay=1e-05,64,cosine,max,0.001,4,128,128,,1e-05,55.6,133.45,0.00444,0.79688,,,,0.999
glue|roberta-base|cola_wide|no_graph|t19|s5|confirm,glue,roberta-base,cola_wide,cola,no_graph,confirm,19,5,mcc,gat_hidden_dim=64;graph_metric=cosine;jk_mode=max;lr=0.001;num_layers=4;proj_dim=128;scorer_hidden=128;tau=0.999;weight_decay=1e-05,64,cosine,max,0.001,4,128,128,,1e-05,55.73,131.78,0.00566,0.75391,,,,0.999
glue|roberta-base|cola_wide|no_graph|t19|s6|confirm,glue,roberta-base,cola_wide,cola,no_graph,confirm,19,6,mcc,gat_hidden_dim=64;graph_metric=cosine;jk_mode=max;lr=0.001;num_layers=4;proj_dim=128;scorer_hidden=128;tau=0.999;weight_decay=1e-05,64,cosine,max,0.001,4,128,128,,1e-05,50.52,131.56,0.00499,0.78516,,,,0.999
glue|roberta-base|cola_wide|no_graph|t19|s7|confirm,glue,roberta-base,cola_wide,cola,no_graph,confirm,19,7,mcc,gat_hidden_dim=64;graph_metric=cosine;jk_mode=max;lr=0.001;num_layers=4;proj_dim=128;scorer_hidden=128;tau=0.999;weight_decay=1e-05,64,cosine,max,0.001,4,128,128,,1e-05,55.37,131.69,0.00349,0.80859,,,,0.999
glue|roberta-base|cola_wide|no_graph|t19|s8|confirm,glue,roberta-base,cola_wide,cola,no_graph,confirm,19,8,mcc,gat_hidden_dim=64;graph_metric=cosine;jk_mode=max;lr=0.001;num_layers=4;proj_dim=128;scorer_hidden=128;tau=0.999;weight_decay=1e-05,64,cosine,max,0.001,4,128,128,,1e-05,56.97,134.34,0.00455,0.80859,,,,0.999
glue|roberta-base|cola_wide|no_graph|t19|s9|confirm,glue,roberta-base,cola_wide,cola,no_graph,confirm,19,9,mcc,gat_hidden_dim=64;graph_metric=cosine;jk_mode=max;lr=0.001;num_layers=4;proj_dim=128;scorer_hidden=128;tau=0.999;weight_decay=1e-05,64,cosine,max,0.001,4,128,128,,1e-05,52.27,131.92,0.00387,0.78516,,,,0.999
glue|roberta-base|cola_wide|no_graph|t19|s10|confirm,glue,roberta-base,cola_wide,cola,no_graph,confirm,19,10,mcc,gat_hidden_dim=64;graph_metric=cosine;jk_mode=max;lr=0.001;num_layers=4;proj_dim=128;scorer_hidden=128;tau=0.999;weight_decay=1e-05,64,cosine,max,0.001,4,128,128,,1e-05,53.21,134.16,0.00656,0.73438,,,,0.999
glue|roberta-base|cola_wide|no_graph|t19|s11|confirm,glue,roberta-base,cola_wide,cola,no_graph,confirm,19,11,mcc,gat_hidden_dim=64;graph_metric=cosine;jk_mode=max;lr=0.001;num_layers=4;proj_dim=128;scorer_hidden=128;tau=0.999;weight_decay=1e-05,64,cosine,max,0.001,4,128,128,,1e-05,53.34,131.41,0.00413,0.78516,,,,0.999
glue|roberta-base|cola_wide|no_graph|t19|s12|confirm,glue,roberta-base,cola_wide,cola,no_graph,confirm,19,12,mcc,gat_hidden_dim=64;graph_metric=cosine;jk_mode=max;lr=0.001;num_layers=4;proj_dim=128;scorer_hidden=128;tau=0.999;weight_decay=1e-05,64,cosine,max,0.001,4,128,128,,1e-05,53.16,135.37,0.00386,0.78516,,,,0.999
glue|roberta-base|cola_wide|no_graph|t19|s13|confirm,glue,roberta-base,cola_wide,cola,no_graph,confirm,19,13,mcc,gat_hidden_dim=64;graph_metric=cosine;jk_mode=max;lr=0.001;num_layers=4;proj_dim=128;scorer_hidden=128;tau=0.999;weight_decay=1e-05,64,cosine,max,0.001,4,128,128,,1e-05,52.46,133.04,0.00358,0.80469,,,,0.999
glue|roberta-base|cola_wide|no_graph|t19|s14|confirm,glue,roberta-base,cola_wide,cola,no_graph,confirm,19,14,mcc,gat_hidden_dim=64;graph_metric=cosine;jk_mode=max;lr=0.001;num_layers=4;proj_dim=128;scorer_hidden=128;tau=0.999;weight_decay=1e-05,64,cosine,max,0.001,4,128,128,,1e-05,57.96,133.97,0.00403,0.78906,,,,0.999
glue|roberta-base|cola_wide|no_graph|t19|s15|confirm,glue,roberta-base,cola_wide,cola,no_graph,confirm,19,15,mcc,gat_hidden_dim=64;graph_metric=cosine;jk_mode=max;lr=0.001;num_layers=4;proj_dim=128;scorer_hidden=128;tau=0.999;weight_decay=1e-05,64,cosine,max,0.001,4,128,128,,1e-05,54.62,132.72,0.00556,0.78906,,,,0.999
glue|roberta-base|cola_wide|paper_tau|t0|s42|tune,glue,roberta-base,cola_wide,cola,paper_tau,tune,0,42,mcc,gat_hidden_dim=256;graph_metric=cosine;jk_mode=cat;lr=0.0002;num_layers=4;proj_dim=256;scorer_hidden=256;tau=0.6;weight_decay=1e-05,256,cosine,cat,0.0002,4,256,256,,1e-05,50.83,134.82,0.99052,0.0,,,,0.6
glue|roberta-base|cola_wide|paper_tau|t1|s42|tune,glue,roberta-base,cola_wide,cola,paper_tau,tune,1,42,mcc,gat_hidden_dim=64;graph_metric=cosine;jk_mode=cat;lr=0.001;num_layers=2;proj_dim=512;scorer_hidden=128;tau=0.6;weight_decay=5e-05,64,cosine,cat,0.001,2,512,128,,5e-05,56.41,128.38,0.99033,0.0,,,,0.6
glue|roberta-base|cola_wide|paper_tau|t2|s42|tune,glue,roberta-base,cola_wide,cola,paper_tau,tune,2,42,mcc,gat_hidden_dim=128;graph_metric=cosine;jk_mode=cat;lr=0.001;num_layers=2;proj_dim=512;scorer_hidden=128;tau=0.6;weight_decay=5e-05,128,cosine,cat,0.001,2,512,128,,5e-05,54.32,126.41,0.99106,0.0,,,,0.6
glue|roberta-base|cola_wide|paper_tau|t3|s42|tune,glue,roberta-base,cola_wide,cola,paper_tau,tune,3,42,mcc,gat_hidden_dim=128;graph_metric=cosine;jk_mode=max;lr=0.0002;num_layers=2;proj_dim=128;scorer_hidden=128;tau=0.6;weight_decay=5e-05,128,cosine,max,0.0002,2,128,128,,5e-05,52.18,126.7,0.98857,0.0,,,,0.6
glue|roberta-base|cola_wide|paper_tau|t4|s42|tune,glue,roberta-base,cola_wide,cola,paper_tau,tune,4,42,mcc,gat_hidden_dim=64;graph_metric=cosine;jk_mode=cat;lr=0.0002;num_layers=2;proj_dim=256;scorer_hidden=128;tau=0.6;weight_decay=1e-05,64,cosine,cat,0.0002,2,256,128,,1e-05,52.64,127.78,0.99033,0.0,,,,0.6
glue|roberta-base|cola_wide|paper_tau|t5|s42|tune,glue,roberta-base,cola_wide,cola,paper_tau,tune,5,42,mcc,gat_hidden_dim=128;graph_metric=cosine;jk_mode=max;lr=0.0002;num_layers=2;proj_dim=256;scorer_hidden=256;tau=0.6;weight_decay=1e-05,128,cosine,max,0.0002,2,256,256,,1e-05,52.45,128.27,0.98857,0.0,,,,0.6
glue|roberta-base|cola_wide|paper_tau|t6|s42|tune,glue,roberta-base,cola_wide,cola,paper_tau,tune,6,42,mcc,gat_hidden_dim=64;graph_metric=cosine;jk_mode=cat;lr=0.001;num_layers=4;proj_dim=512;scorer_hidden=128;tau=0.6;weight_decay=5e-05,64,cosine,cat,0.001,4,512,128,,5e-05,54.16,133.42,0.99111,0.0,,,,0.6
glue|roberta-base|cola_wide|paper_tau|t7|s42|tune,glue,roberta-base,cola_wide,cola,paper_tau,tune,7,42,mcc,gat_hidden_dim=64;graph_metric=cosine;jk_mode=max;lr=0.0002;num_layers=4;proj_dim=128;scorer_hidden=128;tau=0.6;weight_decay=5e-05,64,cosine,max,0.0002,4,128,128,,5e-05,53.24,131.66,0.98982,0.0,,,,0.6
glue|roberta-base|cola_wide|paper_tau|t8|s42|tune,glue,roberta-base,cola_wide,cola,paper_tau,tune,8,42,mcc,gat_hidden_dim=256;graph_metric=cosine;jk_mode=cat;lr=2e-05;num_layers=2;proj_dim=512;scorer_hidden=256;tau=0.6;weight_decay=1e-05,256,cosine,cat,2e-05,2,512,256,,1e-05,11.38,132.45,0.98932,0.0,,,,0.6
glue|roberta-base|cola_wide|paper_tau|t9|s42|tune,glue,roberta-base,cola_wide,cola,paper_tau,tune,9,42,mcc,gat_hidden_dim=128;graph_metric=cosine;jk_mode=max;lr=0.0002;num_layers=2;proj_dim=512;scorer_hidden=128;tau=0.6;weight_decay=0.0,128,cosine,max,0.0002,2,512,128,,0.0,52.6,131.45,0.98857,0.0,,,,0.6
glue|roberta-base|cola_wide|paper_tau|t10|s42|tune,glue,roberta-base,cola_wide,cola,paper_tau,tune,10,42,mcc,gat_hidden_dim=256;graph_metric=cosine;jk_mode=max;lr=0.001;num_layers=2;proj_dim=256;scorer_hidden=256;tau=0.6;weight_decay=5e-05,256,cosine,max,0.001,2,256,256,,5e-05,53.87,131.3,0.98787,0.0,,,,0.6
glue|roberta-base|cola_wide|paper_tau|t11|s42|tune,glue,roberta-base,cola_wide,cola,paper_tau,tune,11,42,mcc,gat_hidden_dim=64;graph_metric=cosine;jk_mode=max;lr=0.001;num_layers=4;proj_dim=256;scorer_hidden=128;tau=0.6;weight_decay=0.0,64,cosine,max,0.001,4,256,128,,0.0,55.91,133.17,0.98982,0.0,,,,0.6
glue|roberta-base|cola_wide|paper_tau|t12|s42|tune,glue,roberta-base,cola_wide,cola,paper_tau,tune,12,42,mcc,gat_hidden_dim=64;graph_metric=cosine;jk_mode=max;lr=0.001;num_layers=2;proj_dim=512;scorer_hidden=256;tau=0.6;weight_decay=0.0,64,cosine,max,0.001,2,512,256,,0.0,54.47,129.22,0.99084,0.0,,,,0.6
glue|roberta-base|cola_wide|paper_tau|t13|s42|tune,glue,roberta-base,cola_wide,cola,paper_tau,tune,13,42,mcc,gat_hidden_dim=64;graph_metric=cosine;jk_mode=max;lr=0.0002;num_layers=2;proj_dim=128;scorer_hidden=256;tau=0.6;weight_decay=1e-05,64,cosine,max,0.0002,2,128,256,,1e-05,54.69,128.37,0.99084,0.0,,,,0.6
glue|roberta-base|cola_wide|paper_tau|t14|s42|tune,glue,roberta-base,cola_wide,cola,paper_tau,tune,14,42,mcc,gat_hidden_dim=64;graph_metric=cosine;jk_mode=cat;lr=0.0002;num_layers=2;proj_dim=128;scorer_hidden=256;tau=0.6;weight_decay=0.0,64,cosine,cat,0.0002,2,128,256,,0.0,53.56,130.13,0.99033,0.0,,,,0.6
glue|roberta-base|cola_wide|paper_tau|t15|s42|tune,glue,roberta-base,cola_wide,cola,paper_tau,tune,15,42,mcc,gat_hidden_dim=128;graph_metric=cosine;jk_mode=cat;lr=0.001;num_layers=4;proj_dim=512;scorer_hidden=128;tau=0.6;weight_decay=5e-05,128,cosine,cat,0.001,4,512,128,,5e-05,55.08,130.05,0.98918,0.0,,,,0.6
glue|roberta-base|cola_wide|paper_tau|t16|s42|tune,glue,roberta-base,cola_wide,cola,paper_tau,tune,16,42,mcc,gat_hidden_dim=64;graph_metric=cosine;jk_mode=cat;lr=2e-05;num_layers=4;proj_dim=128;scorer_hidden=256;tau=0.6;weight_decay=0.0,64,cosine,cat,2e-05,4,128,256,,0.0,0.0,131.64,0.99111,0.0,,,,0.6
glue|roberta-base|cola_wide|paper_tau|t17|s42|tune,glue,roberta-base,cola_wide,cola,paper_tau,tune,17,42,mcc,gat_hidden_dim=128;graph_metric=cosine;jk_mode=max;lr=2e-05;num_layers=2;proj_dim=128;scorer_hidden=128;tau=0.6;weight_decay=1e-05,128,cosine,max,2e-05,2,128,128,,1e-05,0.0,126.82,0.98857,0.0,,,,0.6
glue|roberta-base|cola_wide|paper_tau|t18|s42|tune,glue,roberta-base,cola_wide,cola,paper_tau,tune,18,42,mcc,gat_hidden_dim=128;graph_metric=cosine;jk_mode=max;lr=2e-05;num_layers=4;proj_dim=256;scorer_hidden=256;tau=0.6;weight_decay=5e-05,128,cosine,max,2e-05,4,256,256,,5e-05,0.0,132.51,0.98944,0.0,,,,0.6
glue|roberta-base|cola_wide|paper_tau|t19|s42|tune,glue,roberta-base,cola_wide,cola,paper_tau,tune,19,42,mcc,gat_hidden_dim=128;graph_metric=cosine;jk_mode=cat;lr=0.001;num_layers=2;proj_dim=128;scorer_hidden=128;tau=0.6;weight_decay=1e-05,128,cosine,cat,0.001,2,128,128,,1e-05,55.63,128.85,0.99106,0.0,,,,0.6
glue|roberta-base|cola_wide|paper_tau|t20|s42|tune,glue,roberta-base,cola_wide,cola,paper_tau,tune,20,42,mcc,gat_hidden_dim=256;graph_metric=cosine;jk_mode=cat;lr=0.001;num_layers=4;proj_dim=128;scorer_hidden=256;tau=0.6;weight_decay=1e-05,256,cosine,cat,0.001,4,128,256,,1e-05,52.22,132.15,0.99052,0.0,,,,0.6
glue|roberta-base|cola_wide|paper_tau|t21|s42|tune,glue,roberta-base,cola_wide,cola,paper_tau,tune,21,42,mcc,gat_hidden_dim=256;graph_metric=cosine;jk_mode=max;lr=0.001;num_layers=2;proj_dim=512;scorer_hidden=128;tau=0.6;weight_decay=5e-05,256,cosine,max,0.001,2,512,128,,5e-05,53.64,129.44,0.98787,0.0,,,,0.6
glue|roberta-base|cola_wide|paper_tau|t22|s42|tune,glue,roberta-base,cola_wide,cola,paper_tau,tune,22,42,mcc,gat_hidden_dim=64;graph_metric=cosine;jk_mode=max;lr=0.001;num_layers=2;proj_dim=256;scorer_hidden=256;tau=0.6;weight_decay=5e-05,64,cosine,max,0.001,2,256,256,,5e-05,53.82,127.06,0.99084,0.0,,,,0.6
glue|roberta-base|cola_wide|paper_tau|t23|s42|tune,glue,roberta-base,cola_wide,cola,paper_tau,tune,23,42,mcc,gat_hidden_dim=256;graph_metric=cosine;jk_mode=max;lr=2e-05;num_layers=2;proj_dim=512;scorer_hidden=128;tau=0.6;weight_decay=0.0,256,cosine,max,2e-05,2,512,128,,0.0,15.45,132.53,0.98787,0.0,,,,0.6
glue|roberta-base|cola_wide|paper_tau|t24|s42|tune,glue,roberta-base,cola_wide,cola,paper_tau,tune,24,42,mcc,gat_hidden_dim=64;graph_metric=cosine;jk_mode=cat;lr=0.0002;num_layers=4;proj_dim=512;scorer_hidden=256;tau=0.6;weight_decay=0.0,64,cosine,cat,0.0002,4,512,256,,0.0,53.6,134.15,0.99111,0.0,,,,0.6
glue|roberta-base|cola_wide|paper_tau|t25|s42|tune,glue,roberta-base,cola_wide,cola,paper_tau,tune,25,42,mcc,gat_hidden_dim=128;graph_metric=cosine;jk_mode=max;lr=0.001;num_layers=4;proj_dim=512;scorer_hidden=256;tau=0.6;weight_decay=5e-05,128,cosine,max,0.001,4,512,256,,5e-05,51.91,134.58,0.98944,0.0,,,,0.6
glue|roberta-base|cola_wide|paper_tau|t26|s42|tune,glue,roberta-base,cola_wide,cola,paper_tau,tune,26,42,mcc,gat_hidden_dim=128;graph_metric=cosine;jk_mode=max;lr=2e-05;num_layers=2;proj_dim=512;scorer_hidden=256;tau=0.6;weight_decay=1e-05,128,cosine,max,2e-05,2,512,256,,1e-05,0.0,128.74,0.98857,0.0,,,,0.6
glue|roberta-base|cola_wide|paper_tau|t27|s42|tune,glue,roberta-base,cola_wide,cola,paper_tau,tune,27,42,mcc,gat_hidden_dim=64;graph_metric=cosine;jk_mode=max;lr=0.001;num_layers=2;proj_dim=256;scorer_hidden=256;tau=0.6;weight_decay=0.0,64,cosine,max,0.001,2,256,256,,0.0,54.61,131.73,0.99084,0.0,,,,0.6
glue|roberta-base|cola_wide|paper_tau|t28|s42|tune,glue,roberta-base,cola_wide,cola,paper_tau,tune,28,42,mcc,gat_hidden_dim=64;graph_metric=cosine;jk_mode=max;lr=0.0002;num_layers=2;proj_dim=512;scorer_hidden=256;tau=0.6;weight_decay=5e-05,64,cosine,max,0.0002,2,512,256,,5e-05,54.69,128.78,0.99084,0.0,,,,0.6
glue|roberta-base|cola_wide|paper_tau|t29|s42|tune,glue,roberta-base,cola_wide,cola,paper_tau,tune,29,42,mcc,gat_hidden_dim=128;graph_metric=cosine;jk_mode=max;lr=0.001;num_layers=4;proj_dim=256;scorer_hidden=256;tau=0.6;weight_decay=0.0,128,cosine,max,0.001,4,256,256,,0.0,51.91,131.7,0.98944,0.0,,,,0.6
glue|roberta-base|cola_wide|paper_tau|t30|s42|tune,glue,roberta-base,cola_wide,cola,paper_tau,tune,30,42,mcc,gat_hidden_dim=64;graph_metric=cosine;jk_mode=cat;lr=0.0002;num_layers=2;proj_dim=512;scorer_hidden=256;tau=0.6;weight_decay=0.0,64,cosine,cat,0.0002,2,512,256,,0.0,53.56,132.13,0.99033,0.0,,,,0.6
glue|roberta-base|cola_wide|paper_tau|t31|s42|tune,glue,roberta-base,cola_wide,cola,paper_tau,tune,31,42,mcc,gat_hidden_dim=256;graph_metric=cosine;jk_mode=max;lr=0.0002;num_layers=4;proj_dim=256;scorer_hidden=256;tau=0.6;weight_decay=1e-05,256,cosine,max,0.0002,4,256,256,,1e-05,51.4,129.5,0.98835,0.0,,,,0.6
glue|roberta-base|cola_wide|paper_tau|t32|s42|tune,glue,roberta-base,cola_wide,cola,paper_tau,tune,32,42,mcc,gat_hidden_dim=256;graph_metric=cosine;jk_mode=cat;lr=2e-05;num_layers=4;proj_dim=128;scorer_hidden=128;tau=0.6;weight_decay=1e-05,256,cosine,cat,2e-05,4,128,128,,1e-05,27.09,134.4,0.99052,0.0,,,,0.6
glue|roberta-base|cola_wide|paper_tau|t33|s42|tune,glue,roberta-base,cola_wide,cola,paper_tau,tune,33,42,mcc,gat_hidden_dim=256;graph_metric=cosine;jk_mode=cat;lr=0.0002;num_layers=2;proj_dim=256;scorer_hidden=256;tau=0.6;weight_decay=5e-05,256,cosine,cat,0.0002,2,256,256,,5e-05,50.43,129.2,0.98932,0.0,,,,0.6
glue|roberta-base|cola_wide|paper_tau|t34|s42|tune,glue,roberta-base,cola_wide,cola,paper_tau,tune,34,42,mcc,gat_hidden_dim=64;graph_metric=cosine;jk_mode=max;lr=0.0002;num_layers=4;proj_dim=256;scorer_hidden=128;tau=0.6;weight_decay=5e-05,64,cosine,max,0.0002,4,256,128,,5e-05,53.24,133.12,0.98982,0.0,,,,0.6
glue|roberta-base|cola_wide|paper_tau|t35|s42|tune,glue,roberta-base,cola_wide,cola,paper_tau,tune,35,42,mcc,gat_hidden_dim=128;graph_metric=cosine;jk_mode=cat;lr=2e-05;num_layers=4;proj_dim=128;scorer_hidden=128;tau=0.6;weight_decay=0.0,128,cosine,cat,2e-05,4,128,128,,0.0,0.0,130.2,0.98918,0.0,,,,0.6
glue|roberta-base|cola_wide|paper_tau|t36|s42|tune,glue,roberta-base,cola_wide,cola,paper_tau,tune,36,42,mcc,gat_hidden_dim=256;graph_metric=cosine;jk_mode=cat;lr=2e-05;num_layers=4;proj_dim=128;scorer_hidden=128;tau=0.6;weight_decay=5e-05,256,cosine,cat,2e-05,4,128,128,,5e-05,27.09,132.98,0.99052,0.0,,,,0.6
glue|roberta-base|cola_wide|paper_tau|t37|s42|tune,glue,roberta-base,cola_wide,cola,paper_tau,tune,37,42,mcc,gat_hidden_dim=128;graph_metric=cosine;jk_mode=cat;lr=2e-05;num_layers=4;proj_dim=128;scorer_hidden=128;tau=0.6;weight_decay=1e-05,128,cosine,cat,2e-05,4,128,128,,1e-05,0.0,131.89,0.98918,0.0,,,,0.6
glue|roberta-base|cola_wide|paper_tau|t38|s42|tune,glue,roberta-base,cola_wide,cola,paper_tau,tune,38,42,mcc,gat_hidden_dim=256;graph_metric=cosine;jk_mode=cat;lr=0.001;num_layers=2;proj_dim=256;scorer_hidden=128;tau=0.6;weight_decay=1e-05,256,cosine,cat,0.001,2,256,128,,1e-05,53.64,130.71,0.98932,0.0,,,,0.6
glue|roberta-base|cola_wide|paper_tau|t39|s42|tune,glue,roberta-base,cola_wide,cola,paper_tau,tune,39,42,mcc,gat_hidden_dim=256;graph_metric=cosine;jk_mode=cat;lr=0.001;num_layers=2;proj_dim=128;scorer_hidden=256;tau=0.6;weight_decay=1e-05,256,cosine,cat,0.001,2,128,256,,1e-05,53.64,130.73,0.98932,0.0,,,,0.6
glue|roberta-base|cola_wide|paper_tau|t1|s1|confirm,glue,roberta-base,cola_wide,cola,paper_tau,confirm,1,1,mcc,gat_hidden_dim=64;graph_metric=cosine;jk_mode=cat;lr=0.001;num_layers=2;proj_dim=512;scorer_hidden=128;tau=0.6;weight_decay=5e-05,64,cosine,cat,0.001,2,512,128,,5e-05,54.59,128.24,0.99182,0.0,,,,0.6
glue|roberta-base|cola_wide|paper_tau|t1|s2|confirm,glue,roberta-base,cola_wide,cola,paper_tau,confirm,1,2,mcc,gat_hidden_dim=64;graph_metric=cosine;jk_mode=cat;lr=0.001;num_layers=2;proj_dim=512;scorer_hidden=128;tau=0.6;weight_decay=5e-05,64,cosine,cat,0.001,2,512,128,,5e-05,54.91,128.46,0.99004,0.0,,,,0.6
glue|roberta-base|cola_wide|paper_tau|t1|s3|confirm,glue,roberta-base,cola_wide,cola,paper_tau,confirm,1,3,mcc,gat_hidden_dim=64;graph_metric=cosine;jk_mode=cat;lr=0.001;num_layers=2;proj_dim=512;scorer_hidden=128;tau=0.6;weight_decay=5e-05,64,cosine,cat,0.001,2,512,128,,5e-05,53.96,129.34,0.99127,0.0,,,,0.6
glue|roberta-base|cola_wide|paper_tau|t1|s4|confirm,glue,roberta-base,cola_wide,cola,paper_tau,confirm,1,4,mcc,gat_hidden_dim=64;graph_metric=cosine;jk_mode=cat;lr=0.001;num_layers=2;proj_dim=512;scorer_hidden=128;tau=0.6;weight_decay=5e-05,64,cosine,cat,0.001,2,512,128,,5e-05,53.82,127.48,0.98986,0.0,,,,0.6
glue|roberta-base|cola_wide|paper_tau|t1|s5|confirm,glue,roberta-base,cola_wide,cola,paper_tau,confirm,1,5,mcc,gat_hidden_dim=64;graph_metric=cosine;jk_mode=cat;lr=0.001;num_layers=2;proj_dim=512;scorer_hidden=128;tau=0.6;weight_decay=5e-05,64,cosine,cat,0.001,2,512,128,,5e-05,55.4,129.28,0.99211,0.0,,,,0.6
glue|roberta-base|cola_wide|paper_tau|t1|s6|confirm,glue,roberta-base,cola_wide,cola,paper_tau,confirm,1,6,mcc,gat_hidden_dim=64;graph_metric=cosine;jk_mode=cat;lr=0.001;num_layers=2;proj_dim=512;scorer_hidden=128;tau=0.6;weight_decay=5e-05,64,cosine,cat,0.001,2,512,128,,5e-05,54.94,128.93,0.99107,0.0,,,,0.6
glue|roberta-base|cola_wide|paper_tau|t1|s7|confirm,glue,roberta-base,cola_wide,cola,paper_tau,confirm,1,7,mcc,gat_hidden_dim=64;graph_metric=cosine;jk_mode=cat;lr=0.001;num_layers=2;proj_dim=512;scorer_hidden=128;tau=0.6;weight_decay=5e-05,64,cosine,cat,0.001,2,512,128,,5e-05,55.89,128.6,0.99037,0.0,,,,0.6
glue|roberta-base|cola_wide|paper_tau|t1|s8|confirm,glue,roberta-base,cola_wide,cola,paper_tau,confirm,1,8,mcc,gat_hidden_dim=64;graph_metric=cosine;jk_mode=cat;lr=0.001;num_layers=2;proj_dim=512;scorer_hidden=128;tau=0.6;weight_decay=5e-05,64,cosine,cat,0.001,2,512,128,,5e-05,54.02,129.35,0.99161,0.0,,,,0.6
glue|roberta-base|cola_wide|paper_tau|t1|s9|confirm,glue,roberta-base,cola_wide,cola,paper_tau,confirm,1,9,mcc,gat_hidden_dim=64;graph_metric=cosine;jk_mode=cat;lr=0.001;num_layers=2;proj_dim=512;scorer_hidden=128;tau=0.6;weight_decay=5e-05,64,cosine,cat,0.001,2,512,128,,5e-05,53.43,129.66,0.99087,0.0,,,,0.6
glue|roberta-base|cola_wide|paper_tau|t1|s10|confirm,glue,roberta-base,cola_wide,cola,paper_tau,confirm,1,10,mcc,gat_hidden_dim=64;graph_metric=cosine;jk_mode=cat;lr=0.001;num_layers=2;proj_dim=512;scorer_hidden=128;tau=0.6;weight_decay=5e-05,64,cosine,cat,0.001,2,512,128,,5e-05,54.18,127.92,0.99081,0.0,,,,0.6
glue|roberta-base|cola_wide|paper_tau|t1|s11|confirm,glue,roberta-base,cola_wide,cola,paper_tau,confirm,1,11,mcc,gat_hidden_dim=64;graph_metric=cosine;jk_mode=cat;lr=0.001;num_layers=2;proj_dim=512;scorer_hidden=128;tau=0.6;weight_decay=5e-05,64,cosine,cat,0.001,2,512,128,,5e-05,52.24,129.2,0.99068,0.0,,,,0.6
glue|roberta-base|cola_wide|paper_tau|t1|s12|confirm,glue,roberta-base,cola_wide,cola,paper_tau,confirm,1,12,mcc,gat_hidden_dim=64;graph_metric=cosine;jk_mode=cat;lr=0.001;num_layers=2;proj_dim=512;scorer_hidden=128;tau=0.6;weight_decay=5e-05,64,cosine,cat,0.001,2,512,128,,5e-05,54.93,131.17,0.99129,0.0,,,,0.6
glue|roberta-base|cola_wide|paper_tau|t1|s13|confirm,glue,roberta-base,cola_wide,cola,paper_tau,confirm,1,13,mcc,gat_hidden_dim=64;graph_metric=cosine;jk_mode=cat;lr=0.001;num_layers=2;proj_dim=512;scorer_hidden=128;tau=0.6;weight_decay=5e-05,64,cosine,cat,0.001,2,512,128,,5e-05,55.6,130.59,0.98924,0.0,,,,0.6
glue|roberta-base|cola_wide|paper_tau|t1|s14|confirm,glue,roberta-base,cola_wide,cola,paper_tau,confirm,1,14,mcc,gat_hidden_dim=64;graph_metric=cosine;jk_mode=cat;lr=0.001;num_layers=2;proj_dim=512;scorer_hidden=128;tau=0.6;weight_decay=5e-05,64,cosine,cat,0.001,2,512,128,,5e-05,56.44,131.94,0.99202,0.0,,,,0.6
glue|roberta-base|cola_wide|paper_tau|t1|s15|confirm,glue,roberta-base,cola_wide,cola,paper_tau,confirm,1,15,mcc,gat_hidden_dim=64;graph_metric=cosine;jk_mode=cat;lr=0.001;num_layers=2;proj_dim=512;scorer_hidden=128;tau=0.6;weight_decay=5e-05,64,cosine,cat,0.001,2,512,128,,5e-05,52.51,127.57,0.99035,0.0,,,,0.6
glue|roberta-base|cola_wide|density_fix|t0|s42|tune,glue,roberta-base,cola_wide,cola,density_fix,tune,0,42,mcc,gat_hidden_dim=128;graph_metric=cosine;jk_mode=cat;lr=2e-05;num_layers=2;proj_dim=512;scorer_hidden=256;tau_quantile=0.15;weight_decay=5e-05,128,cosine,cat,2e-05,2,512,256,0.15,5e-05,0.0,134.22,0.1492,0.0,,,,
glue|roberta-base|cola_wide|density_fix|t1|s42|tune,glue,roberta-base,cola_wide,cola,density_fix,tune,1,42,mcc,gat_hidden_dim=128;graph_metric=cosine;jk_mode=cat;lr=0.0002;num_layers=4;proj_dim=512;scorer_hidden=128;tau_quantile=0.05;weight_decay=1e-05,128,cosine,cat,0.0002,4,512,128,0.05,1e-05,54.51,136.86,0.05173,0.00391,,,,
glue|roberta-base|cola_wide|density_fix|t2|s42|tune,glue,roberta-base,cola_wide,cola,density_fix,tune,2,42,mcc,gat_hidden_dim=256;graph_metric=cosine;jk_mode=cat;lr=2e-05;num_layers=4;proj_dim=256;scorer_hidden=128;tau_quantile=0.1;weight_decay=1e-05,256,cosine,cat,2e-05,4,256,128,0.1,1e-05,39.76,139.26,0.10091,0.0,,,,
glue|roberta-base|cola_wide|density_fix|t3|s42|tune,glue,roberta-base,cola_wide,cola,density_fix,tune,3,42,mcc,gat_hidden_dim=128;graph_metric=cosine;jk_mode=cat;lr=0.001;num_layers=4;proj_dim=256;scorer_hidden=128;tau_quantile=0.05;weight_decay=5e-05,128,cosine,cat,0.001,4,256,128,0.05,5e-05,54.48,138.14,0.05173,0.00391,,,,
glue|roberta-base|cola_wide|density_fix|t4|s42|tune,glue,roberta-base,cola_wide,cola,density_fix,tune,4,42,mcc,gat_hidden_dim=128;graph_metric=cosine;jk_mode=cat;lr=0.001;num_layers=4;proj_dim=512;scorer_hidden=256;tau_quantile=0.1;weight_decay=1e-05,128,cosine,cat,0.001,4,512,256,0.1,1e-05,55.33,138.57,0.10113,0.0,,,,
glue|roberta-base|cola_wide|density_fix|t5|s42|tune,glue,roberta-base,cola_wide,cola,density_fix,tune,5,42,mcc,gat_hidden_dim=64;graph_metric=cosine;jk_mode=cat;lr=0.001;num_layers=4;proj_dim=256;scorer_hidden=256;tau_quantile=0.05;weight_decay=0.0,64,cosine,cat,0.001,4,256,256,0.05,0.0,54.43,138.4,0.0514,0.00391,,,,
glue|roberta-base|cola_wide|density_fix|t6|s42|tune,glue,roberta-base,cola_wide,cola,density_fix,tune,6,42,mcc,gat_hidden_dim=256;graph_metric=cosine;jk_mode=cat;lr=0.001;num_layers=2;proj_dim=128;scorer_hidden=128;tau_quantile=0.15;weight_decay=0.0,256,cosine,cat,0.001,2,128,128,0.15,0.0,53.8,131.47,0.14906,0.0,,,,
glue|roberta-base|cola_wide|density_fix|t7|s42|tune,glue,roberta-base,cola_wide,cola,density_fix,tune,7,42,mcc,gat_hidden_dim=256;graph_metric=cosine;jk_mode=cat;lr=0.001;num_layers=2;proj_dim=128;scorer_hidden=256;tau_quantile=0.05;weight_decay=0.0,256,cosine,cat,0.001,2,128,256,0.05,0.0,54.37,132.31,0.05117,0.0,,,,
glue|roberta-base|cola_wide|density_fix|t8|s42|tune,glue,roberta-base,cola_wide,cola,density_fix,tune,8,42,mcc,gat_hidden_dim=256;graph_metric=cosine;jk_mode=max;lr=2e-05;num_layers=4;proj_dim=512;scorer_hidden=128;tau_quantile=0.1;weight_decay=5e-05,256,cosine,max,2e-05,4,512,128,0.1,5e-05,21.0,139.28,0.10108,0.0,,,,
glue|roberta-base|cola_wide|density_fix|t9|s42|tune,glue,roberta-base,cola_wide,cola,density_fix,tune,9,42,mcc,gat_hidden_dim=64;graph_metric=cosine;jk_mode=cat;lr=2e-05;num_layers=2;proj_dim=256;scorer_hidden=256;tau_quantile=0.1;weight_decay=0.0,64,cosine,cat,2e-05,2,256,256,0.1,0.0,0.0,136.16,0.1005,0.0,,,,
glue|roberta-base|cola_wide|density_fix|t10|s42|tune,glue,roberta-base,cola_wide,cola,density_fix,tune,10,42,mcc,gat_hidden_dim=128;graph_metric=cosine;jk_mode=cat;lr=0.001;num_layers=2;proj_dim=128;scorer_hidden=256;tau_quantile=0.1;weight_decay=5e-05,128,cosine,cat,0.001,2,128,256,0.1,5e-05,54.63,133.76,0.09995,0.0,,,,
glue|roberta-base|cola_wide|density_fix|t11|s42|tune,glue,roberta-base,cola_wide,cola,density_fix,tune,11,42,mcc,gat_hidden_dim=64;graph_metric=cosine;jk_mode=max;lr=2e-05;num_layers=4;proj_dim=128;scorer_hidden=128;tau_quantile=0.15;weight_decay=1e-05,64,cosine,max,2e-05,4,128,128,0.15,1e-05,20.4,139.28,0.14935,0.0,,,,
glue|roberta-base|cola_wide|density_fix|t12|s42|tune,glue,roberta-base,cola_wide,cola,density_fix,tune,12,42,mcc,gat_hidden_dim=128;graph_metric=cosine;jk_mode=max;lr=2e-05;num_layers=4;proj_dim=256;scorer_hidden=256;tau_quantile=0.15;weight_decay=1e-05,128,cosine,max,2e-05,4,256,256,0.15,1e-05,0.0,138.68,0.1495,0.0,,,,
glue|roberta-base|cola_wide|density_fix|t13|s42|tune,glue,roberta-base,cola_wide,cola,density_fix,tune,13,42,mcc,gat_hidden_dim=64;graph_metric=cosine;jk_mode=max;lr=0.0002;num_layers=4;proj_dim=128;scorer_hidden=256;tau_quantile=0.05;weight_decay=1e-05,64,cosine,max,0.0002,4,128,256,0.05,1e-05,53.62,138.04,0.05179,0.00391,,,,
glue|roberta-base|cola_wide|density_fix|t14|s42|tune,glue,roberta-base,cola_wide,cola,density_fix,tune,14,42,mcc,gat_hidden_dim=256;graph_metric=cosine;jk_mode=max;lr=0.0002;num_layers=2;proj_dim=128;scorer_hidden=256;tau_quantile=0.05;weight_decay=5e-05,256,cosine,max,0.0002,2,128,256,0.05,5e-05,50.46,134.98,0.05068,0.00391,,,,
glue|roberta-base|cola_wide|density_fix|t15|s42|tune,glue,roberta-base,cola_wide,cola,density_fix,tune,15,42,mcc,gat_hidden_dim=128;graph_metric=cosine;jk_mode=max;lr=0.0002;num_layers=2;proj_dim=512;scorer_hidden=128;tau_quantile=0.15;weight_decay=0.0,128,cosine,max,0.0002,2,512,128,0.15,0.0,53.8,136.19,0.14942,0.0,,,,
glue|roberta-base|cola_wide|density_fix|t16|s42|tune,glue,roberta-base,cola_wide,cola,density_fix,tune,16,42,mcc,gat_hidden_dim=128;graph_metric=cosine;jk_mode=cat;lr=0.0002;num_layers=2;proj_dim=512;scorer_hidden=256;tau_quantile=0.05;weight_decay=1e-05,128,cosine,cat,0.0002,2,512,256,0.05,1e-05,52.76,133.66,0.05129,0.0,,,,
glue|roberta-base|cola_wide|density_fix|t17|s42|tune,glue,roberta-base,cola_wide,cola,density_fix,tune,17,42,mcc,gat_hidden_dim=256;graph_metric=cosine;jk_mode=max;lr=0.001;num_layers=4;proj_dim=512;scorer_hidden=128;tau_quantile=0.1;weight_decay=5e-05,256,cosine,max,0.001,4,512,128,0.1,5e-05,52.59,137.29,0.10108,0.0,,,,
glue|roberta-base|cola_wide|density_fix|t18|s42|tune,glue,roberta-base,cola_wide,cola,density_fix,tune,18,42,mcc,gat_hidden_dim=64;graph_metric=cosine;jk_mode=cat;lr=0.0002;num_layers=2;proj_dim=128;scorer_hidden=256;tau_quantile=0.05;weight_decay=5e-05,64,cosine,cat,0.0002,2,128,256,0.05,5e-05,49.98,135.52,0.05096,0.00781,,,,
glue|roberta-base|cola_wide|density_fix|t19|s42|tune,glue,roberta-base,cola_wide,cola,density_fix,tune,19,42,mcc,gat_hidden_dim=256;graph_metric=cosine;jk_mode=cat;lr=2e-05;num_layers=4;proj_dim=128;scorer_hidden=128;tau_quantile=0.1;weight_decay=1e-05,256,cosine,cat,2e-05,4,128,128,0.1,1e-05,39.76,134.42,0.10091,0.0,,,,
glue|roberta-base|cola_wide|density_fix|t20|s42|tune,glue,roberta-base,cola_wide,cola,density_fix,tune,20,42,mcc,gat_hidden_dim=64;graph_metric=cosine;jk_mode=max;lr=0.001;num_layers=2;proj_dim=128;scorer_hidden=256;tau_quantile=0.05;weight_decay=0.0,64,cosine,max,0.001,2,128,256,0.05,0.0,55.66,133.17,0.05148,0.00391,,,,
glue|roberta-base|cola_wide|density_fix|t21|s42|tune,glue,roberta-base,cola_wide,cola,density_fix,tune,21,42,mcc,gat_hidden_dim=128;graph_metric=cosine;jk_mode=cat;lr=0.0002;num_layers=4;proj_dim=128;scorer_hidden=128;tau_quantile=0.15;weight_decay=1e-05,128,cosine,cat,0.0002,4,128,128,0.15,1e-05,56.77,140.39,0.14921,0.0,,,,
glue|roberta-base|cola_wide|density_fix|t22|s42|tune,glue,roberta-base,cola_wide,cola,density_fix,tune,22,42,mcc,gat_hidden_dim=64;graph_metric=cosine;jk_mode=cat;lr=0.0002;num_layers=4;proj_dim=128;scorer_hidden=128;tau_quantile=0.1;weight_decay=5e-05,64,cosine,cat,0.0002,4,128,128,0.1,5e-05,54.48,136.91,0.1005,0.0,,,,
glue|roberta-base|cola_wide|density_fix|t23|s42|tune,glue,roberta-base,cola_wide,cola,density_fix,tune,23,42,mcc,gat_hidden_dim=128;graph_metric=cosine;jk_mode=cat;lr=2e-05;num_layers=2;proj_dim=512;scorer_hidden=128;tau_quantile=0.15;weight_decay=0.0,128,cosine,cat,2e-05,2,512,128,0.15,0.0,0.0,134.4,0.1492,0.0,,,,
glue|roberta-base|cola_wide|density_fix|t24|s42|tune,glue,roberta-base,cola_wide,cola,density_fix,tune,24,42,mcc,gat_hidden_dim=128;graph_metric=cosine;jk_mode=cat;lr=0.001;num_layers=2;proj_dim=256;scorer_hidden=256;tau_quantile=0.15;weight_decay=0.0,128,cosine,cat,0.001,2,256,256,0.15,0.0,52.8,133.8,0.1492,0.0,,,,
glue|roberta-base|cola_wide|density_fix|t25|s42|tune,glue,roberta-base,cola_wide,cola,density_fix,tune,25,42,mcc,gat_hidden_dim=128;graph_metric=cosine;jk_mode=max;lr=0.0002;num_layers=2;proj_dim=256;scorer_hidden=256;tau_quantile=0.15;weight_decay=5e-05,128,cosine,max,0.0002,2,256,256,0.15,5e-05,53.8,135.56,0.14942,0.0,,,,
glue|roberta-base|cola_wide|density_fix|t26|s42|tune,glue,roberta-base,cola_wide,cola,density_fix,tune,26,42,mcc,gat_hidden_dim=128;graph_metric=cosine;jk_mode=cat;lr=0.0002;num_layers=2;proj_dim=128;scorer_hidden=128;tau_quantile=0.05;weight_decay=5e-05,128,cosine,cat,0.0002,2,128,128,0.05,5e-05,52.57,132.55,0.05129,0.0,,,,
glue|roberta-base|cola_wide|density_fix|t27|s42|tune,glue,roberta-base,cola_wide,cola,density_fix,tune,27,42,mcc,gat_hidden_dim=256;graph_metric=cosine;jk_mode=cat;lr=2e-05;num_layers=2;proj_dim=256;scorer_hidden=256;tau_quantile=0.15;weight_decay=0.0,256,cosine,cat,2e-05,2,256,256,0.15,0.0,18.6,134.34,0.14906,0.0,,,,
glue|roberta-base|cola_wide|density_fix|t28|s42|tune,glue,roberta-base,cola_wide,cola,density_fix,tune,28,42,mcc,gat_hidden_dim=256;graph_metric=cosine;jk_mode=max;lr=2e-05;num_layers=2;proj_dim=256;scorer_hidden=128;tau_quantile=0.05;weight_decay=5e-05,256,cosine,max,2e-05,2,256,128,0.05,5e-05,8.04,132.24,0.05068,0.00391,,,,
glue|roberta-base|cola_wide|density_fix|t29|s42|tune,glue,roberta-base,cola_wide,cola,density_fix,tune,29,42,mcc,gat_hidden_dim=64;graph_metric=cosine;jk_mode=cat;lr=2e-05;num_layers=2;proj_dim=512;scorer_hidden=256;tau_quantile=0.1;weight_decay=1e-05,64,cosine,cat,2e-05,2,512,256,0.1,1e-05,0.0,134.48,0.1005,0.0,,,,
glue|roberta-base|cola_wide|density_fix|t30|s42|tune,glue,roberta-base,cola_wide,cola,density_fix,tune,30,42,mcc,gat_hidden_dim=128;graph_metric=cosine;jk_mode=cat;lr=0.0002;num_layers=4;proj_dim=128;scorer_hidden=256;tau_quantile=0.05;weight_decay=5e-05,128,cosine,cat,0.0002,4,128,256,0.05,5e-05,54.7,139.82,0.05173,0.00391,,,,
glue|roberta-base|cola_wide|density_fix|t31|s42|tune,glue,roberta-base,cola_wide,cola,density_fix,tune,31,42,mcc,gat_hidden_dim=64;graph_metric=cosine;jk_mode=cat;lr=0.001;num_layers=2;proj_dim=256;scorer_hidden=256;tau_quantile=0.05;weight_decay=5e-05,64,cosine,cat,0.001,2,256,256,0.05,5e-05,54.75,133.43,0.05096,0.00781,,,,
glue|roberta-base|cola_wide|density_fix|t32|s42|tune,glue,roberta-base,cola_wide,cola,density_fix,tune,32,42,mcc,gat_hidden_dim=256;graph_metric=cosine;jk_mode=max;lr=0.0002;num_layers=4;proj_dim=512;scorer_hidden=256;tau_quantile=0.05;weight_decay=0.0,256,cosine,max,0.0002,4,512,256,0.05,0.0,48.58,138.45,0.05129,0.00391,,,,
glue|roberta-base|cola_wide|density_fix|t33|s42|tune,glue,roberta-base,cola_wide,cola,density_fix,tune,33,42,mcc,gat_hidden_dim=256;graph_metric=cosine;jk_mode=cat;lr=2e-05;num_layers=2;proj_dim=512;scorer_hidden=128;tau_quantile=0.05;weight_decay=5e-05,256,cosine,cat,2e-05,2,512,128,0.05,5e-05,21.12,135.17,0.05117,0.0,,,,
glue|roberta-base|cola_wide|density_fix|t34|s42|tune,glue,roberta-base,cola_wide,cola,density_fix,tune,34,42,mcc,gat_hidden_dim=256;graph_metric=cosine;jk_mode=cat;lr=2e-05;num_layers=2;proj_dim=128;scorer_hidden=128;tau_quantile=0.05;weight_decay=0.0,256,cosine,cat,2e-05,2,128,128,0.05,0.0,22.12,134.48,0.05117,0.0,,,,
glue|roberta-base|cola_wide|density_fix|t35|s42|tune,glue,roberta-base,cola_wide,cola,density_fix,tune,35,42,mcc,gat_hidden_dim=256;graph_metric=cosine;jk_mode=max;lr=0.0002;num_layers=4;proj_dim=512;scorer_hidden=128;tau_quantile=0.15;weight_decay=0.0,256,cosine,max,0.0002,4,512,128,0.15,0.0,47.51,138.92,0.14935,0.0,,,,
glue|roberta-base|cola_wide|density_fix|t36|s42|tune,glue,roberta-base,cola_wide,cola,density_fix,tune,36,42,mcc,gat_hidden_dim=256;graph_metric=cosine;jk_mode=max;lr=2e-05;num_layers=2;proj_dim=256;scorer_hidden=256;tau_quantile=0.05;weight_decay=5e-05,256,cosine,max,2e-05,2,256,256,0.05,5e-05,8.04,132.84,0.05068,0.00391,,,,
glue|roberta-base|cola_wide|density_fix|t37|s42|tune,glue,roberta-base,cola_wide,cola,density_fix,tune,37,42,mcc,gat_hidden_dim=128;graph_metric=cosine;jk_mode=max;lr=0.001;num_layers=2;proj_dim=256;scorer_hidden=128;tau_quantile=0.05;weight_decay=0.0,128,cosine,max,0.001,2,256,128,0.05,0.0,53.82,134.4,0.05161,0.0,,,,
glue|roberta-base|cola_wide|density_fix|t38|s42|tune,glue,roberta-base,cola_wide,cola,density_fix,tune,38,42,mcc,gat_hidden_dim=64;graph_metric=cosine;jk_mode=max;lr=0.0002;num_layers=2;proj_dim=128;scorer_hidden=256;tau_quantile=0.15;weight_decay=0.0,64,cosine,max,0.0002,2,128,256,0.15,0.0,54.96,134.9,0.149,0.0,,,,
glue|roberta-base|cola_wide|density_fix|t39|s42|tune,glue,roberta-base,cola_wide,cola,density_fix,tune,39,42,mcc,gat_hidden_dim=64;graph_metric=cosine;jk_mode=cat;lr=0.0002;num_layers=4;proj_dim=128;scorer_hidden=128;tau_quantile=0.15;weight_decay=1e-05,64,cosine,cat,0.0002,4,128,128,0.15,1e-05,55.87,137.51,0.14944,0.0,,,,
glue|roberta-base|cola_wide|density_fix|t21|s1|confirm,glue,roberta-base,cola_wide,cola,density_fix,confirm,21,1,mcc,gat_hidden_dim=128;graph_metric=cosine;jk_mode=cat;lr=0.0002;num_layers=4;proj_dim=128;scorer_hidden=128;tau_quantile=0.15;weight_decay=1e-05,128,cosine,cat,0.0002,4,128,128,0.15,1e-05,53.91,139.58,0.14894,0.0,,,,
glue|roberta-base|cola_wide|density_fix|t21|s2|confirm,glue,roberta-base,cola_wide,cola,density_fix,confirm,21,2,mcc,gat_hidden_dim=128;graph_metric=cosine;jk_mode=cat;lr=0.0002;num_layers=4;proj_dim=128;scorer_hidden=128;tau_quantile=0.15;weight_decay=1e-05,128,cosine,cat,0.0002,4,128,128,0.15,1e-05,53.07,143.56,0.14863,0.0,,,,
glue|roberta-base|cola_wide|density_fix|t21|s3|confirm,glue,roberta-base,cola_wide,cola,density_fix,confirm,21,3,mcc,gat_hidden_dim=128;graph_metric=cosine;jk_mode=cat;lr=0.0002;num_layers=4;proj_dim=128;scorer_hidden=128;tau_quantile=0.15;weight_decay=1e-05,128,cosine,cat,0.0002,4,128,128,0.15,1e-05,52.9,138.91,0.1497,0.0,,,,
glue|roberta-base|cola_wide|density_fix|t21|s4|confirm,glue,roberta-base,cola_wide,cola,density_fix,confirm,21,4,mcc,gat_hidden_dim=128;graph_metric=cosine;jk_mode=cat;lr=0.0002;num_layers=4;proj_dim=128;scorer_hidden=128;tau_quantile=0.15;weight_decay=1e-05,128,cosine,cat,0.0002,4,128,128,0.15,1e-05,53.27,137.86,0.14966,0.0,,,,
glue|roberta-base|cola_wide|density_fix|t21|s5|confirm,glue,roberta-base,cola_wide,cola,density_fix,confirm,21,5,mcc,gat_hidden_dim=128;graph_metric=cosine;jk_mode=cat;lr=0.0002;num_layers=4;proj_dim=128;scorer_hidden=128;tau_quantile=0.15;weight_decay=1e-05,128,cosine,cat,0.0002,4,128,128,0.15,1e-05,50.4,138.32,0.14891,0.0,,,,
glue|roberta-base|cola_wide|density_fix|t21|s6|confirm,glue,roberta-base,cola_wide,cola,density_fix,confirm,21,6,mcc,gat_hidden_dim=128;graph_metric=cosine;jk_mode=cat;lr=0.0002;num_layers=4;proj_dim=128;scorer_hidden=128;tau_quantile=0.15;weight_decay=1e-05,128,cosine,cat,0.0002,4,128,128,0.15,1e-05,53.88,139.45,0.14913,0.0,,,,
glue|roberta-base|cola_wide|density_fix|t21|s7|confirm,glue,roberta-base,cola_wide,cola,density_fix,confirm,21,7,mcc,gat_hidden_dim=128;graph_metric=cosine;jk_mode=cat;lr=0.0002;num_layers=4;proj_dim=128;scorer_hidden=128;tau_quantile=0.15;weight_decay=1e-05,128,cosine,cat,0.0002,4,128,128,0.15,1e-05,51.42,141.59,0.1498,0.0,,,,
glue|roberta-base|cola_wide|density_fix|t21|s8|confirm,glue,roberta-base,cola_wide,cola,density_fix,confirm,21,8,mcc,gat_hidden_dim=128;graph_metric=cosine;jk_mode=cat;lr=0.0002;num_layers=4;proj_dim=128;scorer_hidden=128;tau_quantile=0.15;weight_decay=1e-05,128,cosine,cat,0.0002,4,128,128,0.15,1e-05,55.15,139.68,0.14851,0.0,,,,
glue|roberta-base|cola_wide|density_fix|t21|s9|confirm,glue,roberta-base,cola_wide,cola,density_fix,confirm,21,9,mcc,gat_hidden_dim=128;graph_metric=cosine;jk_mode=cat;lr=0.0002;num_layers=4;proj_dim=128;scorer_hidden=128;tau_quantile=0.15;weight_decay=1e-05,128,cosine,cat,0.0002,4,128,128,0.15,1e-05,53.59,137.66,0.14947,0.0,,,,
glue|roberta-base|cola_wide|density_fix|t21|s10|confirm,glue,roberta-base,cola_wide,cola,density_fix,confirm,21,10,mcc,gat_hidden_dim=128;graph_metric=cosine;jk_mode=cat;lr=0.0002;num_layers=4;proj_dim=128;scorer_hidden=128;tau_quantile=0.15;weight_decay=1e-05,128,cosine,cat,0.0002,4,128,128,0.15,1e-05,53.31,130.16,0.14929,0.0,,,,
glue|roberta-base|cola_wide|density_fix|t21|s11|confirm,glue,roberta-base,cola_wide,cola,density_fix,confirm,21,11,mcc,gat_hidden_dim=128;graph_metric=cosine;jk_mode=cat;lr=0.0002;num_layers=4;proj_dim=128;scorer_hidden=128;tau_quantile=0.15;weight_decay=1e-05,128,cosine,cat,0.0002,4,128,128,0.15,1e-05,50.52,132.01,0.14929,0.0,,,,
glue|roberta-base|cola_wide|density_fix|t21|s12|confirm,glue,roberta-base,cola_wide,cola,density_fix,confirm,21,12,mcc,gat_hidden_dim=128;graph_metric=cosine;jk_mode=cat;lr=0.0002;num_layers=4;proj_dim=128;scorer_hidden=128;tau_quantile=0.15;weight_decay=1e-05,128,cosine,cat,0.0002,4,128,128,0.15,1e-05,51.95,130.87,0.14886,0.0,,,,
glue|roberta-base|cola_wide|density_fix|t21|s13|confirm,glue,roberta-base,cola_wide,cola,density_fix,confirm,21,13,mcc,gat_hidden_dim=128;graph_metric=cosine;jk_mode=cat;lr=0.0002;num_layers=4;proj_dim=128;scorer_hidden=128;tau_quantile=0.15;weight_decay=1e-05,128,cosine,cat,0.0002,4,128,128,0.15,1e-05,53.85,130.42,0.14897,0.0,,,,
glue|roberta-base|cola_wide|density_fix|t21|s14|confirm,glue,roberta-base,cola_wide,cola,density_fix,confirm,21,14,mcc,gat_hidden_dim=128;graph_metric=cosine;jk_mode=cat;lr=0.0002;num_layers=4;proj_dim=128;scorer_hidden=128;tau_quantile=0.15;weight_decay=1e-05,128,cosine,cat,0.0002,4,128,128,0.15,1e-05,54.67,130.84,0.14917,0.0,,,,
glue|roberta-base|cola_wide|density_fix|t21|s15|confirm,glue,roberta-base,cola_wide,cola,density_fix,confirm,21,15,mcc,gat_hidden_dim=128;graph_metric=cosine;jk_mode=cat;lr=0.0002;num_layers=4;proj_dim=128;scorer_hidden=128;tau_quantile=0.15;weight_decay=1e-05,128,cosine,cat,0.0002,4,128,128,0.15,1e-05,56.0,131.26,0.14962,0.0,,,,
