run_key,target,model,setting,task,arm,stage,trial,seed,metric,detail,gat_hidden_dim,graph_metric,jk_mode,lr,num_layers,proj_dim,scorer_hidden,tau_quantile,weight_decay,score,elapsed_sec,mean_density,empty_frac,curvature,gnn_input_clip,gnn_input_scale,hyp_gnn_type,hyperbolic_gnn
glue|bert-base-uncased|stsb_wide|baseline|t0|s42|tune,glue,bert-base-uncased,stsb_wide,stsb,baseline,tune,0,42,spearman,gat_hidden_dim=128;graph_metric=cosine;jk_mode=cat;lr=0.001;num_layers=4;proj_dim=256;scorer_hidden=256;tau_quantile=0.1;weight_decay=1e-05,128,cosine,cat,0.001,4,256,256,0.1,1e-05,80.19,199.36,0.20288,0.0,,,,,
glue|bert-base-uncased|stsb_wide|baseline|t1|s42|tune,glue,bert-base-uncased,stsb_wide,stsb,baseline,tune,1,42,spearman,gat_hidden_dim=256;graph_metric=cosine;jk_mode=cat;lr=2e-05;num_layers=4;proj_dim=128;scorer_hidden=256;tau_quantile=0.0125;weight_decay=1e-05,256,cosine,cat,2e-05,4,128,256,0.0125,1e-05,80.91,199.99,0.11239,0.0,,,,,
glue|bert-base-uncased|stsb_wide|baseline|t2|s42|tune,glue,bert-base-uncased,stsb_wide,stsb,baseline,tune,2,42,spearman,gat_hidden_dim=128;graph_metric=cosine;jk_mode=max;lr=0.0002;num_layers=4;proj_dim=256;scorer_hidden=256;tau_quantile=0.2;weight_decay=0.0,128,cosine,max,0.0002,4,256,256,0.2,0.0,74.09,199.9,0.29835,0.0,,,,,
glue|bert-base-uncased|stsb_wide|baseline|t3|s42|tune,glue,bert-base-uncased,stsb_wide,stsb,baseline,tune,3,42,spearman,gat_hidden_dim=128;graph_metric=cosine;jk_mode=cat;lr=2e-05;num_layers=4;proj_dim=128;scorer_hidden=128;tau_quantile=0.15;weight_decay=0.0,128,cosine,cat,2e-05,4,128,128,0.15,0.0,80.58,196.76,0.24985,0.0,,,,,
glue|bert-base-uncased|stsb_wide|baseline|t4|s42|tune,glue,bert-base-uncased,stsb_wide,stsb,baseline,tune,4,42,spearman,gat_hidden_dim=256;graph_metric=cosine;jk_mode=cat;lr=0.0002;num_layers=2;proj_dim=256;scorer_hidden=256;tau_quantile=0.1;weight_decay=1e-05,256,cosine,cat,0.0002,2,256,256,0.1,1e-05,82.59,194.98,0.2009,0.0,,,,,
glue|bert-base-uncased|stsb_wide|baseline|t5|s42|tune,glue,bert-base-uncased,stsb_wide,stsb,baseline,tune,5,42,spearman,gat_hidden_dim=64;graph_metric=cosine;jk_mode=max;lr=0.0002;num_layers=2;proj_dim=128;scorer_hidden=128;tau_quantile=0.2;weight_decay=0.0,64,cosine,max,0.0002,2,128,128,0.2,0.0,66.89,195.94,0.2966,0.0,,,,,
glue|bert-base-uncased|stsb_wide|baseline|t6|s42|tune,glue,bert-base-uncased,stsb_wide,stsb,baseline,tune,6,42,spearman,gat_hidden_dim=256;graph_metric=cosine;jk_mode=cat;lr=0.0002;num_layers=4;proj_dim=128;scorer_hidden=128;tau_quantile=0.15;weight_decay=0.0,256,cosine,cat,0.0002,4,128,128,0.15,0.0,81.68,197.75,0.24926,0.0,,,,,
glue|bert-base-uncased|stsb_wide|baseline|t7|s42|tune,glue,bert-base-uncased,stsb_wide,stsb,baseline,tune,7,42,spearman,gat_hidden_dim=256;graph_metric=cosine;jk_mode=max;lr=0.001;num_layers=2;proj_dim=128;scorer_hidden=128;tau_quantile=0.15;weight_decay=0.0,256,cosine,max,0.001,2,128,128,0.15,0.0,74.81,192.13,0.24674,0.0,,,,,
glue|bert-base-uncased|stsb_wide|baseline|t8|s42|tune,glue,bert-base-uncased,stsb_wide,stsb,baseline,tune,8,42,spearman,gat_hidden_dim=64;graph_metric=cosine;jk_mode=cat;lr=2e-05;num_layers=2;proj_dim=128;scorer_hidden=256;tau_quantile=0.15;weight_decay=5e-05,64,cosine,cat,2e-05,2,128,256,0.15,5e-05,79.8,194.91,0.24603,0.0,,,,,
glue|bert-base-uncased|stsb_wide|baseline|t9|s42|tune,glue,bert-base-uncased,stsb_wide,stsb,baseline,tune,9,42,spearman,gat_hidden_dim=128;graph_metric=cosine;jk_mode=cat;lr=2e-05;num_layers=2;proj_dim=512;scorer_hidden=256;tau_quantile=0.05;weight_decay=1e-05,128,cosine,cat,2e-05,2,512,256,0.05,1e-05,80.52,197.73,0.15031,0.0,,,,,
glue|bert-base-uncased|stsb_wide|baseline|t10|s42|tune,glue,bert-base-uncased,stsb_wide,stsb,baseline,tune,10,42,spearman,gat_hidden_dim=128;graph_metric=cosine;jk_mode=cat;lr=0.001;num_layers=2;proj_dim=256;scorer_hidden=256;tau_quantile=0.15;weight_decay=5e-05,128,cosine,cat,0.001,2,256,256,0.15,5e-05,79.06,195.29,0.24931,0.0,,,,,
glue|bert-base-uncased|stsb_wide|baseline|t11|s42|tune,glue,bert-base-uncased,stsb_wide,stsb,baseline,tune,11,42,spearman,gat_hidden_dim=64;graph_metric=cosine;jk_mode=max;lr=0.001;num_layers=2;proj_dim=128;scorer_hidden=128;tau_quantile=0.1;weight_decay=5e-05,64,cosine,max,0.001,2,128,128,0.1,5e-05,69.98,192.72,0.20363,0.0,,,,,
glue|bert-base-uncased|stsb_wide|baseline|t12|s42|tune,glue,bert-base-uncased,stsb_wide,stsb,baseline,tune,12,42,spearman,gat_hidden_dim=128;graph_metric=cosine;jk_mode=max;lr=0.0002;num_layers=2;proj_dim=512;scorer_hidden=256;tau_quantile=0.0125;weight_decay=0.0,128,cosine,max,0.0002,2,512,256,0.0125,0.0,75.55,192.76,0.11171,0.0,,,,,
glue|bert-base-uncased|stsb_wide|baseline|t13|s42|tune,glue,bert-base-uncased,stsb_wide,stsb,baseline,tune,13,42,spearman,gat_hidden_dim=256;graph_metric=cosine;jk_mode=max;lr=2e-05;num_layers=2;proj_dim=512;scorer_hidden=256;tau_quantile=0.05;weight_decay=5e-05,256,cosine,max,2e-05,2,512,256,0.05,5e-05,71.15,188.71,0.14716,0.0,,,,,
glue|bert-base-uncased|stsb_wide|baseline|t14|s42|tune,glue,bert-base-uncased,stsb_wide,stsb,baseline,tune,14,42,spearman,gat_hidden_dim=256;graph_metric=cosine;jk_mode=max;lr=0.001;num_layers=2;proj_dim=128;scorer_hidden=128;tau_quantile=0.28;weight_decay=5e-05,256,cosine,max,0.001,2,128,128,0.28,5e-05,73.77,197.74,0.37623,0.0,,,,,
glue|bert-base-uncased|stsb_wide|baseline|t15|s42|tune,glue,bert-base-uncased,stsb_wide,stsb,baseline,tune,15,42,spearman,gat_hidden_dim=256;graph_metric=cosine;jk_mode=max;lr=2e-05;num_layers=4;proj_dim=512;scorer_hidden=256;tau_quantile=0.2;weight_decay=0.0,256,cosine,max,2e-05,4,512,256,0.2,0.0,70.05,198.21,0.29336,0.0,,,,,
glue|bert-base-uncased|stsb_wide|baseline|t16|s42|tune,glue,bert-base-uncased,stsb_wide,stsb,baseline,tune,16,42,spearman,gat_hidden_dim=256;graph_metric=cosine;jk_mode=max;lr=2e-05;num_layers=4;proj_dim=128;scorer_hidden=128;tau_quantile=0.2;weight_decay=5e-05,256,cosine,max,2e-05,4,128,128,0.2,5e-05,70.05,198.55,0.29336,0.0,,,,,
glue|bert-base-uncased|stsb_wide|baseline|t17|s42|tune,glue,bert-base-uncased,stsb_wide,stsb,baseline,tune,17,42,spearman,gat_hidden_dim=64;graph_metric=cosine;jk_mode=cat;lr=0.0002;num_layers=4;proj_dim=256;scorer_hidden=128;tau_quantile=0.2;weight_decay=0.0,64,cosine,cat,0.0002,4,256,128,0.2,0.0,82.95,200.8,0.29504,0.0,,,,,
glue|bert-base-uncased|stsb_wide|baseline|t18|s42|tune,glue,bert-base-uncased,stsb_wide,stsb,baseline,tune,18,42,spearman,gat_hidden_dim=128;graph_metric=cosine;jk_mode=cat;lr=2e-05;num_layers=2;proj_dim=512;scorer_hidden=256;tau_quantile=0.025;weight_decay=1e-05,128,cosine,cat,2e-05,2,512,256,0.025,1e-05,80.54,199.53,0.12854,0.0,,,,,
glue|bert-base-uncased|stsb_wide|baseline|t19|s42|tune,glue,bert-base-uncased,stsb_wide,stsb,baseline,tune,19,42,spearman,gat_hidden_dim=128;graph_metric=cosine;jk_mode=max;lr=0.0002;num_layers=4;proj_dim=512;scorer_hidden=256;tau_quantile=0.1;weight_decay=0.0,128,cosine,max,0.0002,4,512,256,0.1,0.0,74.72,200.18,0.20362,0.0,,,,,
glue|bert-base-uncased|stsb_wide|baseline|t20|s42|tune,glue,bert-base-uncased,stsb_wide,stsb,baseline,tune,20,42,spearman,gat_hidden_dim=256;graph_metric=cosine;jk_mode=cat;lr=0.0002;num_layers=4;proj_dim=256;scorer_hidden=128;tau_quantile=0.2;weight_decay=5e-05,256,cosine,cat,0.0002,4,256,128,0.2,5e-05,81.92,200.43,0.29664,0.0,,,,,
glue|bert-base-uncased|stsb_wide|baseline|t21|s42|tune,glue,bert-base-uncased,stsb_wide,stsb,baseline,tune,21,42,spearman,gat_hidden_dim=128;graph_metric=cosine;jk_mode=max;lr=0.001;num_layers=2;proj_dim=256;scorer_hidden=128;tau_quantile=0.1;weight_decay=1e-05,128,cosine,max,0.001,2,256,128,0.1,1e-05,73.53,195.25,0.20042,0.0,,,,,
glue|bert-base-uncased|stsb_wide|baseline|t22|s42|tune,glue,bert-base-uncased,stsb_wide,stsb,baseline,tune,22,42,spearman,gat_hidden_dim=128;graph_metric=cosine;jk_mode=max;lr=0.0002;num_layers=4;proj_dim=512;scorer_hidden=128;tau_quantile=0.05;weight_decay=1e-05,128,cosine,max,0.0002,4,512,128,0.05,1e-05,75.36,203.67,0.15259,0.0,,,,,
glue|bert-base-uncased|stsb_wide|baseline|t23|s42|tune,glue,bert-base-uncased,stsb_wide,stsb,baseline,tune,23,42,spearman,gat_hidden_dim=256;graph_metric=cosine;jk_mode=cat;lr=0.0002;num_layers=2;proj_dim=128;scorer_hidden=128;tau_quantile=0.15;weight_decay=1e-05,256,cosine,cat,0.0002,2,128,128,0.15,1e-05,82.35,196.35,0.24943,0.0,,,,,
glue|bert-base-uncased|stsb_wide|baseline|t24|s42|tune,glue,bert-base-uncased,stsb_wide,stsb,baseline,tune,24,42,spearman,gat_hidden_dim=128;graph_metric=cosine;jk_mode=max;lr=0.001;num_layers=2;proj_dim=256;scorer_hidden=256;tau_quantile=0.38;weight_decay=1e-05,128,cosine,max,0.001,2,256,256,0.38,1e-05,73.04,193.53,0.47378,0.0,,,,,
glue|bert-base-uncased|stsb_wide|baseline|t25|s42|tune,glue,bert-base-uncased,stsb_wide,stsb,baseline,tune,25,42,spearman,gat_hidden_dim=128;graph_metric=cosine;jk_mode=cat;lr=2e-05;num_layers=2;proj_dim=256;scorer_hidden=128;tau_quantile=0.15;weight_decay=1e-05,128,cosine,cat,2e-05,2,256,128,0.15,1e-05,80.48,195.72,0.24931,0.0,,,,,
glue|bert-base-uncased|stsb_wide|baseline|t26|s42|tune,glue,bert-base-uncased,stsb_wide,stsb,baseline,tune,26,42,spearman,gat_hidden_dim=128;graph_metric=cosine;jk_mode=max;lr=2e-05;num_layers=4;proj_dim=512;scorer_hidden=256;tau_quantile=0.025;weight_decay=5e-05,128,cosine,max,2e-05,4,512,256,0.025,5e-05,65.75,199.02,0.13012,0.0,,,,,
glue|bert-base-uncased|stsb_wide|baseline|t27|s42|tune,glue,bert-base-uncased,stsb_wide,stsb,baseline,tune,27,42,spearman,gat_hidden_dim=128;graph_metric=cosine;jk_mode=cat;lr=2e-05;num_layers=2;proj_dim=512;scorer_hidden=256;tau_quantile=0.0125;weight_decay=1e-05,128,cosine,cat,2e-05,2,512,256,0.0125,1e-05,80.55,192.02,0.11191,0.0,,,,,
glue|bert-base-uncased|stsb_wide|baseline|t28|s42|tune,glue,bert-base-uncased,stsb_wide,stsb,baseline,tune,28,42,spearman,gat_hidden_dim=128;graph_metric=cosine;jk_mode=cat;lr=2e-05;num_layers=4;proj_dim=512;scorer_hidden=256;tau_quantile=0.0375;weight_decay=1e-05,128,cosine,cat,2e-05,4,512,256,0.0375,1e-05,80.58,200.69,0.13813,0.0,,,,,
glue|bert-base-uncased|stsb_wide|baseline|t29|s42|tune,glue,bert-base-uncased,stsb_wide,stsb,baseline,tune,29,42,spearman,gat_hidden_dim=256;graph_metric=cosine;jk_mode=cat;lr=2e-05;num_layers=2;proj_dim=256;scorer_hidden=128;tau_quantile=0.38;weight_decay=0.0,256,cosine,cat,2e-05,2,256,128,0.38,0.0,80.38,195.49,0.47632,0.0,,,,,
glue|bert-base-uncased|stsb_wide|baseline|t30|s42|tune,glue,bert-base-uncased,stsb_wide,stsb,baseline,tune,30,42,spearman,gat_hidden_dim=64;graph_metric=cosine;jk_mode=max;lr=0.0002;num_layers=2;proj_dim=256;scorer_hidden=128;tau_quantile=0.1;weight_decay=1e-05,64,cosine,max,0.0002,2,256,128,0.1,1e-05,67.71,193.08,0.20363,0.0,,,,,
glue|bert-base-uncased|stsb_wide|baseline|t31|s42|tune,glue,bert-base-uncased,stsb_wide,stsb,baseline,tune,31,42,spearman,gat_hidden_dim=64;graph_metric=cosine;jk_mode=max;lr=0.0002;num_layers=4;proj_dim=256;scorer_hidden=128;tau_quantile=0.38;weight_decay=1e-05,64,cosine,max,0.0002,4,256,128,0.38,1e-05,68.44,199.21,0.47325,0.0,,,,,
glue|bert-base-uncased|stsb_wide|baseline|t32|s42|tune,glue,bert-base-uncased,stsb_wide,stsb,baseline,tune,32,42,spearman,gat_hidden_dim=128;graph_metric=cosine;jk_mode=max;lr=0.0002;num_layers=2;proj_dim=256;scorer_hidden=256;tau_quantile=0.025;weight_decay=0.0,128,cosine,max,0.0002,2,256,256,0.025,0.0,75.37,194.4,0.12706,0.0,,,,,
glue|bert-base-uncased|stsb_wide|baseline|t33|s42|tune,glue,bert-base-uncased,stsb_wide,stsb,baseline,tune,33,42,spearman,gat_hidden_dim=256;graph_metric=cosine;jk_mode=max;lr=0.0002;num_layers=2;proj_dim=512;scorer_hidden=256;tau_quantile=0.15;weight_decay=1e-05,256,cosine,max,0.0002,2,512,256,0.15,1e-05,78.46,198.53,0.24674,0.0,,,,,
glue|bert-base-uncased|stsb_wide|baseline|t34|s42|tune,glue,bert-base-uncased,stsb_wide,stsb,baseline,tune,34,42,spearman,gat_hidden_dim=64;graph_metric=cosine;jk_mode=cat;lr=0.001;num_layers=2;proj_dim=128;scorer_hidden=256;tau_quantile=0.075;weight_decay=5e-05,64,cosine,cat,0.001,2,128,256,0.075,5e-05,79.73,193.25,0.17482,0.0,,,,,
glue|bert-base-uncased|stsb_wide|baseline|t35|s42|tune,glue,bert-base-uncased,stsb_wide,stsb,baseline,tune,35,42,spearman,gat_hidden_dim=64;graph_metric=cosine;jk_mode=max;lr=0.001;num_layers=4;proj_dim=128;scorer_hidden=128;tau_quantile=0.0375;weight_decay=0.0,64,cosine,max,0.001,4,128,128,0.0375,0.0,68.06,200.09,0.135,0.0,,,,,
glue|bert-base-uncased|stsb_wide|baseline|t36|s42|tune,glue,bert-base-uncased,stsb_wide,stsb,baseline,tune,36,42,spearman,gat_hidden_dim=128;graph_metric=cosine;jk_mode=max;lr=0.0002;num_layers=2;proj_dim=512;scorer_hidden=128;tau_quantile=0.0125;weight_decay=1e-05,128,cosine,max,0.0002,2,512,128,0.0125,1e-05,75.57,194.55,0.11171,0.0,,,,,
glue|bert-base-uncased|stsb_wide|baseline|t37|s42|tune,glue,bert-base-uncased,stsb_wide,stsb,baseline,tune,37,42,spearman,gat_hidden_dim=256;graph_metric=cosine;jk_mode=max;lr=0.001;num_layers=2;proj_dim=512;scorer_hidden=128;tau_quantile=0.0125;weight_decay=1e-05,256,cosine,max,0.001,2,512,128,0.0125,1e-05,75.85,191.29,0.10945,0.0,,,,,
glue|bert-base-uncased|stsb_wide|baseline|t38|s42|tune,glue,bert-base-uncased,stsb_wide,stsb,baseline,tune,38,42,spearman,gat_hidden_dim=128;graph_metric=cosine;jk_mode=max;lr=0.001;num_layers=4;proj_dim=256;scorer_hidden=128;tau_quantile=0.025;weight_decay=0.0,128,cosine,max,0.001,4,256,128,0.025,0.0,74.01,202.69,0.13012,0.0,,,,,
glue|bert-base-uncased|stsb_wide|baseline|t39|s42|tune,glue,bert-base-uncased,stsb_wide,stsb,baseline,tune,39,42,spearman,gat_hidden_dim=256;graph_metric=cosine;jk_mode=max;lr=0.001;num_layers=2;proj_dim=256;scorer_hidden=256;tau_quantile=0.38;weight_decay=0.0,256,cosine,max,0.001,2,256,256,0.38,0.0,74.47,192.12,0.47217,0.0,,,,,
glue|bert-base-uncased|stsb_wide|C|t0|s42|tune,glue,bert-base-uncased,stsb_wide,stsb,C,tune,0,42,spearman,curvature=0.25;gat_hidden_dim=64;gnn_input_clip=0.0;gnn_input_scale=1;graph_metric=cosine;hyp_gnn_type=gcn;hyperbolic_gnn=1;jk_mode=max;lr=2e-05;num_layers=4;proj_dim=512;scorer_hidden=256;tau_quantile=0.1;weight_decay=5e-05,64,cosine,max,2e-05,4,512,256,0.1,5e-05,48.92,238.0,0.20128,0.0,0.25,0.0,1,gcn,1
glue|bert-base-uncased|stsb_wide|C|t1|s42|tune,glue,bert-base-uncased,stsb_wide,stsb,C,tune,1,42,spearman,curvature=4.0;gat_hidden_dim=256;gnn_input_clip=0.0;gnn_input_scale=1;graph_metric=cosine;hyp_gnn_type=gat;hyperbolic_gnn=1;jk_mode=cat;lr=0.0002;num_layers=4;proj_dim=128;scorer_hidden=128;tau_quantile=0.05;weight_decay=0.0,256,cosine,cat,0.0002,4,128,128,0.05,0.0,82.94,236.6,0.14668,0.0,4.0,0.0,1,gat,1
glue|bert-base-uncased|stsb_wide|C|t2|s42|tune,glue,bert-base-uncased,stsb_wide,stsb,C,tune,2,42,spearman,curvature=4.0;gat_hidden_dim=256;gnn_input_clip=0.7;gnn_input_scale=1;graph_metric=cosine;hyp_gnn_type=gcn;hyperbolic_gnn=1;jk_mode=cat;lr=0.001;num_layers=4;proj_dim=256;scorer_hidden=256;tau_quantile=0.05;weight_decay=5e-05,256,cosine,cat,0.001,4,256,256,0.05,5e-05,78.68,244.3,0.14603,0.0,4.0,0.7,1,gcn,1
glue|bert-base-uncased|stsb_wide|C|t3|s42|tune,glue,bert-base-uncased,stsb_wide,stsb,C,tune,3,42,spearman,curvature=4.0;gat_hidden_dim=128;gnn_input_clip=1.0;gnn_input_scale=0;graph_metric=cosine;hyp_gnn_type=gcn;hyperbolic_gnn=1;jk_mode=max;lr=0.001;num_layers=4;proj_dim=128;scorer_hidden=256;tau_quantile=0.38;weight_decay=0.0,128,cosine,max,0.001,4,128,256,0.38,0.0,72.13,237.14,0.47746,0.0,4.0,1.0,0,gcn,1
glue|bert-base-uncased|stsb_wide|C|t4|s42|tune,glue,bert-base-uncased,stsb_wide,stsb,C,tune,4,42,spearman,curvature=0.25;gat_hidden_dim=64;gnn_input_clip=1.0;gnn_input_scale=1;graph_metric=cosine;hyp_gnn_type=gcn;hyperbolic_gnn=1;jk_mode=max;lr=0.001;num_layers=2;proj_dim=128;scorer_hidden=128;tau_quantile=0.38;weight_decay=5e-05,64,cosine,max,0.001,2,128,128,0.38,5e-05,68.66,221.1,0.47114,0.0,0.25,1.0,1,gcn,1
glue|bert-base-uncased|stsb_wide|C|t5|s42|tune,glue,bert-base-uncased,stsb_wide,stsb,C,tune,5,42,spearman,curvature=4.0;gat_hidden_dim=64;gnn_input_clip=0.7;gnn_input_scale=1;graph_metric=cosine;hyp_gnn_type=gat;hyperbolic_gnn=1;jk_mode=cat;lr=0.0002;num_layers=4;proj_dim=256;scorer_hidden=128;tau_quantile=0.05;weight_decay=0.0,64,cosine,cat,0.0002,4,256,128,0.05,0.0,82.38,237.19,0.14526,0.0,4.0,0.7,1,gat,1
glue|bert-base-uncased|stsb_wide|C|t6|s42|tune,glue,bert-base-uncased,stsb_wide,stsb,C,tune,6,42,spearman,curvature=0.25;gat_hidden_dim=128;gnn_input_clip=0.7;gnn_input_scale=1;graph_metric=cosine;hyp_gnn_type=gat;hyperbolic_gnn=1;jk_mode=max;lr=2e-05;num_layers=2;proj_dim=512;scorer_hidden=128;tau_quantile=0.38;weight_decay=0.0,128,cosine,max,2e-05,2,512,128,0.38,0.0,53.93,216.97,0.47569,0.0,0.25,0.7,1,gat,1
glue|bert-base-uncased|stsb_wide|C|t7|s42|tune,glue,bert-base-uncased,stsb_wide,stsb,C,tune,7,42,spearman,curvature=4.0;gat_hidden_dim=64;gnn_input_clip=0.0;gnn_input_scale=1;graph_metric=cosine;hyp_gnn_type=gat;hyperbolic_gnn=1;jk_mode=cat;lr=2e-05;num_layers=4;proj_dim=512;scorer_hidden=128;tau_quantile=0.05;weight_decay=0.0,64,cosine,cat,2e-05,4,512,128,0.05,0.0,80.08,238.45,0.14526,0.0,4.0,0.0,1,gat,1
glue|bert-base-uncased|stsb_wide|C|t8|s42|tune,glue,bert-base-uncased,stsb_wide,stsb,C,tune,8,42,spearman,curvature=0.25;gat_hidden_dim=64;gnn_input_clip=1.0;gnn_input_scale=1;graph_metric=cosine;hyp_gnn_type=gat;hyperbolic_gnn=1;jk_mode=max;lr=0.001;num_layers=2;proj_dim=256;scorer_hidden=128;tau_quantile=0.1;weight_decay=0.0,64,cosine,max,0.001,2,256,128,0.1,0.0,69.24,216.95,0.19792,0.0,0.25,1.0,1,gat,1
glue|bert-base-uncased|stsb_wide|C|t9|s42|tune,glue,bert-base-uncased,stsb_wide,stsb,C,tune,9,42,spearman,curvature=1.0;gat_hidden_dim=128;gnn_input_clip=0.3;gnn_input_scale=1;graph_metric=cosine;hyp_gnn_type=gat;hyperbolic_gnn=1;jk_mode=max;lr=0.0002;num_layers=4;proj_dim=256;scorer_hidden=256;tau_quantile=0.1;weight_decay=0.0,128,cosine,max,0.0002,4,256,256,0.1,0.0,65.96,237.26,0.20099,0.0,1.0,0.3,1,gat,1
glue|bert-base-uncased|stsb_wide|C|t10|s42|tune,glue,bert-base-uncased,stsb_wide,stsb,C,tune,10,42,spearman,curvature=4.0;gat_hidden_dim=256;gnn_input_clip=0.3;gnn_input_scale=1;graph_metric=cosine;hyp_gnn_type=gcn;hyperbolic_gnn=1;jk_mode=cat;lr=2e-05;num_layers=2;proj_dim=512;scorer_hidden=128;tau_quantile=0.025;weight_decay=1e-05,256,cosine,cat,2e-05,2,512,128,0.025,1e-05,80.26,224.33,0.12778,0.0,4.0,0.3,1,gcn,1
glue|bert-base-uncased|stsb_wide|C|t11|s42|tune,glue,bert-base-uncased,stsb_wide,stsb,C,tune,11,42,spearman,curvature=1.0;gat_hidden_dim=128;gnn_input_clip=0.3;gnn_input_scale=1;graph_metric=cosine;hyp_gnn_type=gcn;hyperbolic_gnn=1;jk_mode=max;lr=2e-05;num_layers=2;proj_dim=128;scorer_hidden=128;tau_quantile=0.1;weight_decay=1e-05,128,cosine,max,2e-05,2,128,128,0.1,1e-05,52.69,221.9,0.20009,0.0,1.0,0.3,1,gcn,1
glue|bert-base-uncased|stsb_wide|C|t12|s42|tune,glue,bert-base-uncased,stsb_wide,stsb,C,tune,12,42,spearman,curvature=4.0;gat_hidden_dim=64;gnn_input_clip=1.0;gnn_input_scale=1;graph_metric=cosine;hyp_gnn_type=gcn;hyperbolic_gnn=1;jk_mode=cat;lr=0.0002;num_layers=2;proj_dim=256;scorer_hidden=128;tau_quantile=0.05;weight_decay=0.0,64,cosine,cat,0.0002,2,256,128,0.05,0.0,82.78,224.16,0.14975,0.0,4.0,1.0,1,gcn,1
glue|bert-base-uncased|stsb_wide|C|t13|s42|tune,glue,bert-base-uncased,stsb_wide,stsb,C,tune,13,42,spearman,curvature=4.0;gat_hidden_dim=64;gnn_input_clip=1.0;gnn_input_scale=1;graph_metric=cosine;hyp_gnn_type=gcn;hyperbolic_gnn=1;jk_mode=max;lr=2e-05;num_layers=2;proj_dim=512;scorer_hidden=256;tau_quantile=0.025;weight_decay=1e-05,64,cosine,max,2e-05,2,512,256,0.025,1e-05,50.2,222.61,0.12369,0.0,4.0,1.0,1,gcn,1
glue|bert-base-uncased|stsb_wide|C|t14|s42|tune,glue,bert-base-uncased,stsb_wide,stsb,C,tune,14,42,spearman,curvature=0.25;gat_hidden_dim=256;gnn_input_clip=1.0;gnn_input_scale=0;graph_metric=cosine;hyp_gnn_type=gcn;hyperbolic_gnn=1;jk_mode=cat;lr=0.001;num_layers=2;proj_dim=128;scorer_hidden=256;tau_quantile=0.38;weight_decay=0.0,256,cosine,cat,0.001,2,128,256,0.38,0.0,78.8,222.16,0.47488,0.0,0.25,1.0,0,gcn,1
glue|bert-base-uncased|stsb_wide|C|t15|s42|tune,glue,bert-base-uncased,stsb_wide,stsb,C,tune,15,42,spearman,curvature=4.0;gat_hidden_dim=128;gnn_input_clip=0.0;gnn_input_scale=0;graph_metric=cosine;hyp_gnn_type=gat;hyperbolic_gnn=1;jk_mode=cat;lr=0.0002;num_layers=2;proj_dim=128;scorer_hidden=128;tau_quantile=0.2;weight_decay=1e-05,128,cosine,cat,0.0002,2,128,128,0.2,1e-05,83.27,219.05,0.29174,0.0,4.0,0.0,0,gat,1
glue|bert-base-uncased|stsb_wide|C|t16|s42|tune,glue,bert-base-uncased,stsb_wide,stsb,C,tune,16,42,spearman,curvature=1.0;gat_hidden_dim=256;gnn_input_clip=0.7;gnn_input_scale=1;graph_metric=cosine;hyp_gnn_type=gcn;hyperbolic_gnn=1;jk_mode=cat;lr=2e-05;num_layers=4;proj_dim=512;scorer_hidden=128;tau_quantile=0.05;weight_decay=1e-05,256,cosine,cat,2e-05,4,512,128,0.05,1e-05,80.89,252.75,0.14603,0.0,1.0,0.7,1,gcn,1
glue|bert-base-uncased|stsb_wide|C|t17|s42|tune,glue,bert-base-uncased,stsb_wide,stsb,C,tune,17,42,spearman,curvature=0.25;gat_hidden_dim=128;gnn_input_clip=0.3;gnn_input_scale=1;graph_metric=cosine;hyp_gnn_type=gat;hyperbolic_gnn=1;jk_mode=cat;lr=0.0002;num_layers=2;proj_dim=128;scorer_hidden=256;tau_quantile=0.1;weight_decay=1e-05,128,cosine,cat,0.0002,2,128,256,0.1,1e-05,83.25,216.48,0.19653,0.0,0.25,0.3,1,gat,1
glue|bert-base-uncased|stsb_wide|C|t18|s42|tune,glue,bert-base-uncased,stsb_wide,stsb,C,tune,18,42,spearman,curvature=1.0;gat_hidden_dim=256;gnn_input_clip=1.0;gnn_input_scale=0;graph_metric=cosine;hyp_gnn_type=gcn;hyperbolic_gnn=1;jk_mode=cat;lr=2e-05;num_layers=2;proj_dim=512;scorer_hidden=128;tau_quantile=0.38;weight_decay=5e-05,256,cosine,cat,2e-05,2,512,128,0.38,5e-05,80.31,222.82,0.47488,0.0,1.0,1.0,0,gcn,1
glue|bert-base-uncased|stsb_wide|C|t19|s42|tune,glue,bert-base-uncased,stsb_wide,stsb,C,tune,19,42,spearman,curvature=4.0;gat_hidden_dim=256;gnn_input_clip=0.0;gnn_input_scale=0;graph_metric=cosine;hyp_gnn_type=gcn;hyperbolic_gnn=1;jk_mode=max;lr=2e-05;num_layers=2;proj_dim=256;scorer_hidden=128;tau_quantile=0.38;weight_decay=5e-05,256,cosine,max,2e-05,2,256,128,0.38,5e-05,68.37,221.95,0.47407,0.0,4.0,0.0,0,gcn,1
glue|bert-base-uncased|stsb_wide|C|t20|s42|tune,glue,bert-base-uncased,stsb_wide,stsb,C,tune,20,42,spearman,curvature=1.0;gat_hidden_dim=256;gnn_input_clip=0.0;gnn_input_scale=0;graph_metric=cosine;hyp_gnn_type=gcn;hyperbolic_gnn=1;jk_mode=cat;lr=0.001;num_layers=4;proj_dim=256;scorer_hidden=256;tau_quantile=0.2;weight_decay=1e-05,256,cosine,cat,0.001,4,256,256,0.2,1e-05,79.5,239.22,0.29245,0.0,1.0,0.0,0,gcn,1
glue|bert-base-uncased|stsb_wide|C|t21|s42|tune,glue,bert-base-uncased,stsb_wide,stsb,C,tune,21,42,spearman,curvature=1.0;gat_hidden_dim=128;gnn_input_clip=0.7;gnn_input_scale=0;graph_metric=cosine;hyp_gnn_type=gcn;hyperbolic_gnn=1;jk_mode=max;lr=2e-05;num_layers=2;proj_dim=512;scorer_hidden=256;tau_quantile=0.1;weight_decay=0.0,128,cosine,max,2e-05,2,512,256,0.1,0.0,53.21,221.44,0.20009,0.0,1.0,0.7,0,gcn,1
glue|bert-base-uncased|stsb_wide|C|t22|s42|tune,glue,bert-base-uncased,stsb_wide,stsb,C,tune,22,42,spearman,curvature=0.25;gat_hidden_dim=256;gnn_input_clip=0.3;gnn_input_scale=0;graph_metric=cosine;hyp_gnn_type=gcn;hyperbolic_gnn=1;jk_mode=cat;lr=0.0002;num_layers=4;proj_dim=512;scorer_hidden=256;tau_quantile=0.1;weight_decay=0.0,256,cosine,cat,0.0002,4,512,256,0.1,0.0,82.69,246.57,0.19692,0.0,0.25,0.3,0,gcn,1
glue|bert-base-uncased|stsb_wide|C|t23|s42|tune,glue,bert-base-uncased,stsb_wide,stsb,C,tune,23,42,spearman,curvature=4.0;gat_hidden_dim=256;gnn_input_clip=0.0;gnn_input_scale=0;graph_metric=cosine;hyp_gnn_type=gcn;hyperbolic_gnn=1;jk_mode=cat;lr=0.001;num_layers=2;proj_dim=256;scorer_hidden=256;tau_quantile=0.2;weight_decay=1e-05,256,cosine,cat,0.001,2,256,256,0.2,1e-05,79.02,218.15,0.29599,0.0,4.0,0.0,0,gcn,1
glue|bert-base-uncased|stsb_wide|C|t24|s42|tune,glue,bert-base-uncased,stsb_wide,stsb,C,tune,24,42,spearman,curvature=4.0;gat_hidden_dim=64;gnn_input_clip=0.7;gnn_input_scale=1;graph_metric=cosine;hyp_gnn_type=gcn;hyperbolic_gnn=1;jk_mode=max;lr=2e-05;num_layers=2;proj_dim=512;scorer_hidden=256;tau_quantile=0.05;weight_decay=1e-05,64,cosine,max,2e-05,2,512,256,0.05,1e-05,50.16,222.18,0.14599,0.0,4.0,0.7,1,gcn,1
glue|bert-base-uncased|stsb_wide|C|t25|s42|tune,glue,bert-base-uncased,stsb_wide,stsb,C,tune,25,42,spearman,curvature=4.0;gat_hidden_dim=64;gnn_input_clip=0.7;gnn_input_scale=1;graph_metric=cosine;hyp_gnn_type=gcn;hyperbolic_gnn=1;jk_mode=max;lr=0.001;num_layers=2;proj_dim=256;scorer_hidden=256;tau_quantile=0.2;weight_decay=1e-05,64,cosine,max,0.001,2,256,256,0.2,1e-05,69.41,222.14,0.29195,0.0,4.0,0.7,1,gcn,1
glue|bert-base-uncased|stsb_wide|C|t26|s42|tune,glue,bert-base-uncased,stsb_wide,stsb,C,tune,26,42,spearman,curvature=1.0;gat_hidden_dim=64;gnn_input_clip=0.3;gnn_input_scale=1;graph_metric=cosine;hyp_gnn_type=gat;hyperbolic_gnn=1;jk_mode=cat;lr=0.001;num_layers=4;proj_dim=512;scorer_hidden=128;tau_quantile=0.025;weight_decay=1e-05,64,cosine,cat,0.001,4,512,128,0.025,1e-05,79.15,238.62,0.12228,0.0,1.0,0.3,1,gat,1
glue|bert-base-uncased|stsb_wide|C|t27|s42|tune,glue,bert-base-uncased,stsb_wide,stsb,C,tune,27,42,spearman,curvature=1.0;gat_hidden_dim=256;gnn_input_clip=0.7;gnn_input_scale=0;graph_metric=cosine;hyp_gnn_type=gat;hyperbolic_gnn=1;jk_mode=cat;lr=0.001;num_layers=2;proj_dim=256;scorer_hidden=128;tau_quantile=0.38;weight_decay=0.0,256,cosine,cat,0.001,2,256,128,0.38,0.0,79.81,220.7,0.48045,0.0,1.0,0.7,0,gat,1
glue|bert-base-uncased|stsb_wide|C|t28|s42|tune,glue,bert-base-uncased,stsb_wide,stsb,C,tune,28,42,spearman,curvature=4.0;gat_hidden_dim=128;gnn_input_clip=0.7;gnn_input_scale=0;graph_metric=cosine;hyp_gnn_type=gat;hyperbolic_gnn=1;jk_mode=max;lr=2e-05;num_layers=2;proj_dim=256;scorer_hidden=256;tau_quantile=0.1;weight_decay=0.0,128,cosine,max,2e-05,2,256,256,0.1,0.0,53.82,216.86,0.20162,0.0,4.0,0.7,0,gat,1
glue|bert-base-uncased|stsb_wide|C|t29|s42|tune,glue,bert-base-uncased,stsb_wide,stsb,C,tune,29,42,spearman,curvature=0.25;gat_hidden_dim=64;gnn_input_clip=0.3;gnn_input_scale=1;graph_metric=cosine;hyp_gnn_type=gat;hyperbolic_gnn=1;jk_mode=max;lr=0.001;num_layers=2;proj_dim=256;scorer_hidden=256;tau_quantile=0.025;weight_decay=1e-05,64,cosine,max,0.001,2,256,256,0.025,1e-05,62.54,220.7,0.12398,0.0,0.25,0.3,1,gat,1
glue|bert-base-uncased|stsb_wide|C|t30|s42|tune,glue,bert-base-uncased,stsb_wide,stsb,C,tune,30,42,spearman,curvature=0.25;gat_hidden_dim=128;gnn_input_clip=1.0;gnn_input_scale=1;graph_metric=cosine;hyp_gnn_type=gcn;hyperbolic_gnn=1;jk_mode=max;lr=0.0002;num_layers=4;proj_dim=128;scorer_hidden=256;tau_quantile=0.1;weight_decay=5e-05,128,cosine,max,0.0002,4,128,256,0.1,5e-05,73.03,246.98,0.20423,0.0,0.25,1.0,1,gcn,1
glue|bert-base-uncased|stsb_wide|C|t31|s42|tune,glue,bert-base-uncased,stsb_wide,stsb,C,tune,31,42,spearman,curvature=1.0;gat_hidden_dim=64;gnn_input_clip=0.3;gnn_input_scale=1;graph_metric=cosine;hyp_gnn_type=gat;hyperbolic_gnn=1;jk_mode=max;lr=0.0002;num_layers=2;proj_dim=512;scorer_hidden=256;tau_quantile=0.05;weight_decay=0.0,64,cosine,max,0.0002,2,512,256,0.05,0.0,55.33,219.12,0.14626,0.0,1.0,0.3,1,gat,1
glue|bert-base-uncased|stsb_wide|C|t32|s42|tune,glue,bert-base-uncased,stsb_wide,stsb,C,tune,32,42,spearman,curvature=0.25;gat_hidden_dim=128;gnn_input_clip=0.7;gnn_input_scale=1;graph_metric=cosine;hyp_gnn_type=gcn;hyperbolic_gnn=1;jk_mode=max;lr=2e-05;num_layers=2;proj_dim=256;scorer_hidden=256;tau_quantile=0.38;weight_decay=1e-05,128,cosine,max,2e-05,2,256,256,0.38,1e-05,53.73,222.8,0.47318,0.0,0.25,0.7,1,gcn,1
glue|bert-base-uncased|stsb_wide|C|t33|s42|tune,glue,bert-base-uncased,stsb_wide,stsb,C,tune,33,42,spearman,curvature=4.0;gat_hidden_dim=128;gnn_input_clip=0.0;gnn_input_scale=0;graph_metric=cosine;hyp_gnn_type=gat;hyperbolic_gnn=1;jk_mode=cat;lr=0.001;num_layers=2;proj_dim=128;scorer_hidden=256;tau_quantile=0.025;weight_decay=5e-05,128,cosine,cat,0.001,2,128,256,0.025,5e-05,79.81,217.12,0.12271,0.0,4.0,0.0,0,gat,1
glue|bert-base-uncased|stsb_wide|C|t34|s42|tune,glue,bert-base-uncased,stsb_wide,stsb,C,tune,34,42,spearman,curvature=4.0;gat_hidden_dim=128;gnn_input_clip=1.0;gnn_input_scale=1;graph_metric=cosine;hyp_gnn_type=gat;hyperbolic_gnn=1;jk_mode=max;lr=2e-05;num_layers=4;proj_dim=256;scorer_hidden=128;tau_quantile=0.38;weight_decay=0.0,128,cosine,max,2e-05,4,256,128,0.38,0.0,57.35,237.58,0.4753,0.0,4.0,1.0,1,gat,1
glue|bert-base-uncased|stsb_wide|C|t35|s42|tune,glue,bert-base-uncased,stsb_wide,stsb,C,tune,35,42,spearman,curvature=4.0;gat_hidden_dim=128;gnn_input_clip=0.3;gnn_input_scale=0;graph_metric=cosine;hyp_gnn_type=gcn;hyperbolic_gnn=1;jk_mode=cat;lr=0.0002;num_layers=2;proj_dim=512;scorer_hidden=128;tau_quantile=0.05;weight_decay=1e-05,128,cosine,cat,0.0002,2,512,128,0.05,1e-05,82.33,220.2,0.14818,0.0,4.0,0.3,0,gcn,1
glue|bert-base-uncased|stsb_wide|C|t36|s42|tune,glue,bert-base-uncased,stsb_wide,stsb,C,tune,36,42,spearman,curvature=4.0;gat_hidden_dim=128;gnn_input_clip=1.0;gnn_input_scale=1;graph_metric=cosine;hyp_gnn_type=gat;hyperbolic_gnn=1;jk_mode=max;lr=0.0002;num_layers=4;proj_dim=512;scorer_hidden=128;tau_quantile=0.38;weight_decay=5e-05,128,cosine,max,0.0002,4,512,128,0.38,5e-05,70.56,238.9,0.4753,0.0,4.0,1.0,1,gat,1
glue|bert-base-uncased|stsb_wide|C|t37|s42|tune,glue,bert-base-uncased,stsb_wide,stsb,C,tune,37,42,spearman,curvature=1.0;gat_hidden_dim=64;gnn_input_clip=0.7;gnn_input_scale=0;graph_metric=cosine;hyp_gnn_type=gcn;hyperbolic_gnn=1;jk_mode=cat;lr=0.001;num_layers=4;proj_dim=128;scorer_hidden=128;tau_quantile=0.1;weight_decay=0.0,64,cosine,cat,0.001,4,128,128,0.1,0.0,80.72,246.23,0.20009,0.0,1.0,0.7,0,gcn,1
glue|bert-base-uncased|stsb_wide|C|t38|s42|tune,glue,bert-base-uncased,stsb_wide,stsb,C,tune,38,42,spearman,curvature=4.0;gat_hidden_dim=128;gnn_input_clip=1.0;gnn_input_scale=1;graph_metric=cosine;hyp_gnn_type=gat;hyperbolic_gnn=1;jk_mode=max;lr=0.0002;num_layers=4;proj_dim=512;scorer_hidden=256;tau_quantile=0.025;weight_decay=0.0,128,cosine,max,0.0002,4,512,256,0.025,0.0,71.85,237.98,0.12797,0.0,4.0,1.0,1,gat,1
glue|bert-base-uncased|stsb_wide|C|t39|s42|tune,glue,bert-base-uncased,stsb_wide,stsb,C,tune,39,42,spearman,curvature=4.0;gat_hidden_dim=64;gnn_input_clip=0.0;gnn_input_scale=0;graph_metric=cosine;hyp_gnn_type=gat;hyperbolic_gnn=1;jk_mode=cat;lr=0.001;num_layers=2;proj_dim=512;scorer_hidden=256;tau_quantile=0.025;weight_decay=0.0,64,cosine,cat,0.001,2,512,256,0.025,0.0,80.74,218.54,0.12665,0.0,4.0,0.0,0,gat,1
glue|bert-base-uncased|stsb_wide|ABC|t0|s42|tune,glue,bert-base-uncased,stsb_wide,stsb,ABC,tune,0,42,spearman,curvature=4.0;feature_mode=unit;gat_hidden_dim=256;gnn_input_clip=0.7;gnn_input_scale=1;graph_curvature=4.0;graph_metric=poincare;hyp_gnn_type=gat;hyperbolic_gnn=1;hyperbolic_readout=1;jk_mode=cat;learnable_curvature=1;lr=2e-05;num_layers=2;proj_dim=512;readout_clip=0.0;readout_scale=0;rho_quantile=0.05;scorer_hidden=128;weight_decay=0.0,256,poincare,cat,2e-05,2,512,128,,0.0,55.88,273.75,0.15564,0.0,4.0,0.7,1,gat,1
glue|bert-base-uncased|stsb_wide|ABC|t1|s42|tune,glue,bert-base-uncased,stsb_wide,stsb,ABC,tune,1,42,spearman,curvature=0.25;feature_mode=center_unit;gat_hidden_dim=128;gnn_input_clip=0.3;gnn_input_scale=0;graph_curvature=9.0;graph_metric=poincare;hyp_gnn_type=gcn;hyperbolic_gnn=1;hyperbolic_readout=1;jk_mode=max;learnable_curvature=1;lr=0.0002;num_layers=4;proj_dim=512;readout_clip=1.0;readout_scale=0;rho_quantile=0.05;scorer_hidden=256;weight_decay=0.0,128,poincare,max,0.0002,4,512,256,,0.0,65.66,315.36,0.15231,0.0,0.25,0.3,0,gcn,1
glue|bert-base-uncased|stsb_wide|ABC|t2|s42|tune,glue,bert-base-uncased,stsb_wide,stsb,ABC,tune,2,42,spearman,curvature=0.25;feature_mode=center_unit;gat_hidden_dim=64;gnn_input_clip=0.3;gnn_input_scale=1;graph_curvature=1.0;graph_metric=poincare;hyp_gnn_type=gcn;hyperbolic_gnn=1;hyperbolic_readout=1;jk_mode=cat;learnable_curvature=0;lr=0.001;num_layers=2;proj_dim=128;readout_clip=0.7;readout_scale=0;rho_quantile=0.2;scorer_hidden=256;weight_decay=5e-05,64,poincare,cat,0.001,2,128,256,,5e-05,79.57,268.87,0.29563,0.0,0.25,0.3,1,gcn,1
glue|bert-base-uncased|stsb_wide|ABC|t3|s42|tune,glue,bert-base-uncased,stsb_wide,stsb,ABC,tune,3,42,spearman,curvature=4.0;feature_mode=unit;gat_hidden_dim=128;gnn_input_clip=1.0;gnn_input_scale=0;graph_curvature=9.0;graph_metric=poincare;hyp_gnn_type=gat;hyperbolic_gnn=1;hyperbolic_readout=1;jk_mode=max;learnable_curvature=0;lr=0.0002;num_layers=4;proj_dim=512;readout_clip=0.3;readout_scale=1;rho_quantile=0.05;scorer_hidden=256;weight_decay=5e-05,128,poincare,max,0.0002,4,512,256,,5e-05,45.52,282.64,0.14928,0.0,4.0,1.0,0,gat,1
glue|bert-base-uncased|stsb_wide|ABC|t4|s42|tune,glue,bert-base-uncased,stsb_wide,stsb,ABC,tune,4,42,spearman,curvature=1.0;feature_mode=center;gat_hidden_dim=64;gnn_input_clip=1.0;gnn_input_scale=0;graph_curvature=4.0;graph_metric=poincare;hyp_gnn_type=gcn;hyperbolic_gnn=1;hyperbolic_readout=1;jk_mode=cat;learnable_curvature=0;lr=2e-05;num_layers=4;proj_dim=512;readout_clip=0.0;readout_scale=1;rho_quantile=0.05;scorer_hidden=256;weight_decay=1e-05,64,poincare,cat,2e-05,4,512,256,,1e-05,70.87,288.37,0.14835,0.0,1.0,1.0,0,gcn,1
glue|bert-base-uncased|stsb_wide|ABC|t5|s42|tune,glue,bert-base-uncased,stsb_wide,stsb,ABC,tune,5,42,spearman,curvature=4.0;feature_mode=center;gat_hidden_dim=64;gnn_input_clip=0.3;gnn_input_scale=1;graph_curvature=2.25;graph_metric=poincare;hyp_gnn_type=gcn;hyperbolic_gnn=1;hyperbolic_readout=1;jk_mode=max;learnable_curvature=1;lr=0.0002;num_layers=2;proj_dim=512;readout_clip=0.7;readout_scale=0;rho_quantile=0.2;scorer_hidden=256;weight_decay=5e-05,64,poincare,max,0.0002,2,512,256,,5e-05,54.56,274.51,0.2897,0.0,4.0,0.3,1,gcn,1
glue|bert-base-uncased|stsb_wide|ABC|t6|s42|tune,glue,bert-base-uncased,stsb_wide,stsb,ABC,tune,6,42,spearman,curvature=4.0;feature_mode=center_unit;gat_hidden_dim=64;gnn_input_clip=0.3;gnn_input_scale=1;graph_curvature=4.0;graph_metric=poincare;hyp_gnn_type=gcn;hyperbolic_gnn=1;hyperbolic_readout=1;jk_mode=max;learnable_curvature=0;lr=0.0002;num_layers=4;proj_dim=256;readout_clip=0.3;readout_scale=1;rho_quantile=0.025;scorer_hidden=128;weight_decay=5e-05,64,poincare,max,0.0002,4,256,128,,5e-05,50.14,293.3,0.12695,0.0,4.0,0.3,1,gcn,1
glue|bert-base-uncased|stsb_wide|ABC|t7|s42|tune,glue,bert-base-uncased,stsb_wide,stsb,ABC,tune,7,42,spearman,curvature=4.0;feature_mode=center_unit;gat_hidden_dim=128;gnn_input_clip=0.0;gnn_input_scale=1;graph_curvature=9.0;graph_metric=poincare;hyp_gnn_type=gcn;hyperbolic_gnn=1;hyperbolic_readout=1;jk_mode=cat;learnable_curvature=0;lr=0.0002;num_layers=2;proj_dim=128;readout_clip=0.3;readout_scale=0;rho_quantile=0.1;scorer_hidden=256;weight_decay=0.0,128,poincare,cat,0.0002,2,128,256,,0.0,77.87,272.21,0.19885,0.0,4.0,0.0,1,gcn,1
glue|bert-base-uncased|stsb_wide|ABC|t8|s42|tune,glue,bert-base-uncased,stsb_wide,stsb,ABC,tune,8,42,spearman,curvature=1.0;feature_mode=center_unit;gat_hidden_dim=64;gnn_input_clip=0.7;gnn_input_scale=0;graph_curvature=0.25;graph_metric=poincare;hyp_gnn_type=gcn;hyperbolic_gnn=1;hyperbolic_readout=1;jk_mode=cat;learnable_curvature=0;lr=2e-05;num_layers=2;proj_dim=512;readout_clip=0.3;readout_scale=1;rho_quantile=0.38;scorer_hidden=128;weight_decay=0.0,64,poincare,cat,2e-05,2,512,128,,0.0,63.64,267.19,0.47413,0.0,1.0,0.7,0,gcn,1
glue|bert-base-uncased|stsb_wide|ABC|t9|s42|tune,glue,bert-base-uncased,stsb_wide,stsb,ABC,tune,9,42,spearman,curvature=1.0;feature_mode=center_unit;gat_hidden_dim=256;gnn_input_clip=0.7;gnn_input_scale=1;graph_curvature=4.0;graph_metric=poincare;hyp_gnn_type=gat;hyperbolic_gnn=1;hyperbolic_readout=1;jk_mode=cat;learnable_curvature=1;lr=2e-05;num_layers=4;proj_dim=512;readout_clip=0.3;readout_scale=0;rho_quantile=0.2;scorer_hidden=256;weight_decay=5e-05,256,poincare,cat,2e-05,4,512,256,,5e-05,67.56,298.02,0.29242,0.0,1.0,0.7,1,gat,1
glue|bert-base-uncased|stsb_wide|ABC|t10|s42|tune,glue,bert-base-uncased,stsb_wide,stsb,ABC,tune,10,42,spearman,curvature=4.0;feature_mode=center;gat_hidden_dim=256;gnn_input_clip=0.0;gnn_input_scale=1;graph_curvature=4.0;graph_metric=poincare;hyp_gnn_type=gat;hyperbolic_gnn=1;hyperbolic_readout=1;jk_mode=cat;learnable_curvature=1;lr=0.0002;num_layers=4;proj_dim=512;readout_clip=0.7;readout_scale=1;rho_quantile=0.38;scorer_hidden=256;weight_decay=0.0,256,poincare,cat,0.0002,4,512,256,,0.0,79.73,296.75,0.46858,0.0,4.0,0.0,1,gat,1
glue|bert-base-uncased|stsb_wide|ABC|t11|s42|tune,glue,bert-base-uncased,stsb_wide,stsb,ABC,tune,11,42,spearman,curvature=4.0;feature_mode=cls_root_unit;gat_hidden_dim=256;gnn_input_clip=0.7;gnn_input_scale=1;graph_curvature=9.0;graph_metric=poincare;hyp_gnn_type=gcn;hyperbolic_gnn=1;hyperbolic_readout=1;jk_mode=max;learnable_curvature=1;lr=0.0002;num_layers=2;proj_dim=512;readout_clip=0.0;readout_scale=1;rho_quantile=0.38;scorer_hidden=128;weight_decay=5e-05,256,poincare,max,0.0002,2,512,128,,5e-05,45.85,275.4,0.47285,0.0,4.0,0.7,1,gcn,1
glue|bert-base-uncased|stsb_wide|ABC|t12|s42|tune,glue,bert-base-uncased,stsb_wide,stsb,ABC,tune,12,42,spearman,curvature=0.25;feature_mode=center;gat_hidden_dim=64;gnn_input_clip=0.7;gnn_input_scale=0;graph_curvature=0.25;graph_metric=poincare;hyp_gnn_type=gat;hyperbolic_gnn=1;hyperbolic_readout=1;jk_mode=cat;learnable_curvature=1;lr=2e-05;num_layers=2;proj_dim=256;readout_clip=0.0;readout_scale=0;rho_quantile=0.025;scorer_hidden=128;weight_decay=0.0,64,poincare,cat,2e-05,2,256,128,,0.0,77.55,266.18,0.12626,0.0,0.25,0.7,0,gat,1
glue|bert-base-uncased|stsb_wide|ABC|t13|s42|tune,glue,bert-base-uncased,stsb_wide,stsb,ABC,tune,13,42,spearman,curvature=1.0;feature_mode=center;gat_hidden_dim=128;gnn_input_clip=1.0;gnn_input_scale=0;graph_curvature=1.0;graph_metric=poincare;hyp_gnn_type=gat;hyperbolic_gnn=1;hyperbolic_readout=1;jk_mode=max;learnable_curvature=0;lr=0.001;num_layers=2;proj_dim=128;readout_clip=0.7;readout_scale=0;rho_quantile=0.38;scorer_hidden=256;weight_decay=5e-05,128,poincare,max,0.001,2,128,256,,5e-05,73.43,259.97,0.47238,0.0,1.0,1.0,0,gat,1
glue|bert-base-uncased|stsb_wide|ABC|t14|s42|tune,glue,bert-base-uncased,stsb_wide,stsb,ABC,tune,14,42,spearman,curvature=1.0;feature_mode=center_unit;gat_hidden_dim=64;gnn_input_clip=1.0;gnn_input_scale=1;graph_curvature=0.25;graph_metric=poincare;hyp_gnn_type=gcn;hyperbolic_gnn=1;hyperbolic_readout=1;jk_mode=cat;learnable_curvature=0;lr=0.0002;num_layers=2;proj_dim=512;readout_clip=0.3;readout_scale=0;rho_quantile=0.2;scorer_hidden=128;weight_decay=1e-05,64,poincare,cat,0.0002,2,512,128,,1e-05,78.5,263.93,0.29563,0.0,1.0,1.0,1,gcn,1
glue|bert-base-uncased|stsb_wide|ABC|t15|s42|tune,glue,bert-base-uncased,stsb_wide,stsb,ABC,tune,15,42,spearman,curvature=1.0;feature_mode=unit;gat_hidden_dim=128;gnn_input_clip=0.0;gnn_input_scale=0;graph_curvature=0.25;graph_metric=poincare;hyp_gnn_type=gcn;hyperbolic_gnn=1;hyperbolic_readout=1;jk_mode=max;learnable_curvature=1;lr=2e-05;num_layers=2;proj_dim=256;readout_clip=0.7;readout_scale=0;rho_quantile=0.38;scorer_hidden=256;weight_decay=1e-05,128,poincare,max,2e-05,2,256,256,,1e-05,58.26,272.65,0.47219,0.0,1.0,0.0,0,gcn,1
glue|bert-base-uncased|stsb_wide|ABC|t16|s42|tune,glue,bert-base-uncased,stsb_wide,stsb,ABC,tune,16,42,spearman,curvature=0.25;feature_mode=center;gat_hidden_dim=256;gnn_input_clip=0.7;gnn_input_scale=1;graph_curvature=1.0;graph_metric=poincare;hyp_gnn_type=gcn;hyperbolic_gnn=1;hyperbolic_readout=1;jk_mode=max;learnable_curvature=1;lr=0.001;num_layers=4;proj_dim=128;readout_clip=0.7;readout_scale=0;rho_quantile=0.1;scorer_hidden=256;weight_decay=0.0,256,poincare,max,0.001,4,128,256,,0.0,76.1,303.39,0.2021,0.0,0.25,0.7,1,gcn,1
glue|bert-base-uncased|stsb_wide|ABC|t17|s42|tune,glue,bert-base-uncased,stsb_wide,stsb,ABC,tune,17,42,spearman,curvature=4.0;feature_mode=center;gat_hidden_dim=128;gnn_input_clip=0.7;gnn_input_scale=1;graph_curvature=9.0;graph_metric=poincare;hyp_gnn_type=gcn;hyperbolic_gnn=1;hyperbolic_readout=1;jk_mode=max;learnable_curvature=1;lr=0.001;num_layers=2;proj_dim=256;readout_clip=0.7;readout_scale=1;rho_quantile=0.2;scorer_hidden=128;weight_decay=0.0,128,poincare,max,0.001,2,256,128,,0.0,61.53,269.2,0.29301,0.0,4.0,0.7,1,gcn,1
glue|bert-base-uncased|stsb_wide|ABC|t18|s42|tune,glue,bert-base-uncased,stsb_wide,stsb,ABC,tune,18,42,spearman,curvature=4.0;feature_mode=cls_root_unit;gat_hidden_dim=256;gnn_input_clip=0.3;gnn_input_scale=0;graph_curvature=4.0;graph_metric=poincare;hyp_gnn_type=gcn;hyperbolic_gnn=1;hyperbolic_readout=1;jk_mode=max;learnable_curvature=0;lr=2e-05;num_layers=2;proj_dim=256;readout_clip=0.7;readout_scale=0;rho_quantile=0.025;scorer_hidden=128;weight_decay=0.0,256,poincare,max,2e-05,2,256,128,,0.0,51.19,262.78,0.12692,0.0,4.0,0.3,0,gcn,1
glue|bert-base-uncased|stsb_wide|ABC|t19|s42|tune,glue,bert-base-uncased,stsb_wide,stsb,ABC,tune,19,42,spearman,curvature=0.25;feature_mode=center_unit;gat_hidden_dim=256;gnn_input_clip=0.0;gnn_input_scale=0;graph_curvature=9.0;graph_metric=poincare;hyp_gnn_type=gcn;hyperbolic_gnn=1;hyperbolic_readout=1;jk_mode=max;learnable_curvature=0;lr=0.0002;num_layers=2;proj_dim=128;readout_clip=0.0;readout_scale=1;rho_quantile=0.2;scorer_hidden=256;weight_decay=5e-05,256,poincare,max,0.0002,2,128,256,,5e-05,75.97,262.69,0.29526,0.0,0.25,0.0,0,gcn,1
glue|bert-base-uncased|stsb_wide|ABC|t20|s42|tune,glue,bert-base-uncased,stsb_wide,stsb,ABC,tune,20,42,spearman,curvature=1.0;feature_mode=unit;gat_hidden_dim=128;gnn_input_clip=1.0;gnn_input_scale=0;graph_curvature=0.25;graph_metric=poincare;hyp_gnn_type=gat;hyperbolic_gnn=1;hyperbolic_readout=1;jk_mode=max;learnable_curvature=1;lr=0.001;num_layers=2;proj_dim=128;readout_clip=0.0;readout_scale=0;rho_quantile=0.05;scorer_hidden=128;weight_decay=5e-05,128,poincare,max,0.001,2,128,128,,5e-05,74.11,265.82,0.15012,0.0,1.0,1.0,0,gat,1
glue|bert-base-uncased|stsb_wide|ABC|t21|s42|tune,glue,bert-base-uncased,stsb_wide,stsb,ABC,tune,21,42,spearman,curvature=0.25;feature_mode=center;gat_hidden_dim=128;gnn_input_clip=0.0;gnn_input_scale=0;graph_curvature=9.0;graph_metric=poincare;hyp_gnn_type=gcn;hyperbolic_gnn=1;hyperbolic_readout=1;jk_mode=cat;learnable_curvature=1;lr=0.001;num_layers=4;proj_dim=256;readout_clip=0.3;readout_scale=1;rho_quantile=0.1;scorer_hidden=128;weight_decay=1e-05,128,poincare,cat,0.001,4,256,128,,1e-05,79.88,301.88,0.19799,0.0,0.25,0.0,0,gcn,1
glue|bert-base-uncased|stsb_wide|ABC|t22|s42|tune,glue,bert-base-uncased,stsb_wide,stsb,ABC,tune,22,42,spearman,curvature=4.0;feature_mode=cls_root_unit;gat_hidden_dim=256;gnn_input_clip=1.0;gnn_input_scale=1;graph_curvature=1.0;graph_metric=poincare;hyp_gnn_type=gat;hyperbolic_gnn=1;hyperbolic_readout=1;jk_mode=cat;learnable_curvature=1;lr=0.001;num_layers=2;proj_dim=512;readout_clip=1.0;readout_scale=0;rho_quantile=0.05;scorer_hidden=128;weight_decay=5e-05,256,poincare,cat,0.001,2,512,128,,5e-05,76.22,271.33,0.15564,0.0,4.0,1.0,1,gat,1
glue|bert-base-uncased|stsb_wide|ABC|t23|s42|tune,glue,bert-base-uncased,stsb_wide,stsb,ABC,tune,23,42,spearman,curvature=4.0;feature_mode=cls_root_unit;gat_hidden_dim=64;gnn_input_clip=0.7;gnn_input_scale=1;graph_curvature=1.0;graph_metric=poincare;hyp_gnn_type=gat;hyperbolic_gnn=1;hyperbolic_readout=1;jk_mode=cat;learnable_curvature=0;lr=2e-05;num_layers=2;proj_dim=512;readout_clip=0.7;readout_scale=1;rho_quantile=0.025;scorer_hidden=256;weight_decay=5e-05,64,poincare,cat,2e-05,2,512,256,,5e-05,49.0,258.72,0.12626,0.0,4.0,0.7,1,gat,1
glue|bert-base-uncased|stsb_wide|ABC|t24|s42|tune,glue,bert-base-uncased,stsb_wide,stsb,ABC,tune,24,42,spearman,curvature=0.25;feature_mode=cls_root_unit;gat_hidden_dim=128;gnn_input_clip=0.7;gnn_input_scale=0;graph_curvature=2.25;graph_metric=poincare;hyp_gnn_type=gat;hyperbolic_gnn=1;hyperbolic_readout=1;jk_mode=max;learnable_curvature=1;lr=0.0002;num_layers=2;proj_dim=512;readout_clip=1.0;readout_scale=1;rho_quantile=0.05;scorer_hidden=128;weight_decay=0.0,128,poincare,max,0.0002,2,512,128,,0.0,35.24,269.4,0.15012,0.0,0.25,0.7,0,gat,1
glue|bert-base-uncased|stsb_wide|ABC|t25|s42|tune,glue,bert-base-uncased,stsb_wide,stsb,ABC,tune,25,42,spearman,curvature=0.25;feature_mode=unit;gat_hidden_dim=256;gnn_input_clip=0.3;gnn_input_scale=0;graph_curvature=0.25;graph_metric=poincare;hyp_gnn_type=gat;hyperbolic_gnn=1;hyperbolic_readout=1;jk_mode=max;learnable_curvature=0;lr=0.001;num_layers=4;proj_dim=256;readout_clip=0.7;readout_scale=1;rho_quantile=0.2;scorer_hidden=128;weight_decay=5e-05,256,poincare,max,0.001,4,256,128,,5e-05,22.76,283.18,0.29532,0.0,0.25,0.3,0,gat,1
glue|bert-base-uncased|stsb_wide|ABC|t26|s42|tune,glue,bert-base-uncased,stsb_wide,stsb,ABC,tune,26,42,spearman,curvature=1.0;feature_mode=unit;gat_hidden_dim=64;gnn_input_clip=0.3;gnn_input_scale=0;graph_curvature=0.25;graph_metric=poincare;hyp_gnn_type=gcn;hyperbolic_gnn=1;hyperbolic_readout=1;jk_mode=max;learnable_curvature=0;lr=0.001;num_layers=2;proj_dim=256;readout_clip=0.3;readout_scale=0;rho_quantile=0.1;scorer_hidden=256;weight_decay=5e-05,64,poincare,max,0.001,2,256,256,,5e-05,62.54,261.76,0.19668,0.0,1.0,0.3,0,gcn,1
glue|bert-base-uncased|stsb_wide|ABC|t27|s42|tune,glue,bert-base-uncased,stsb_wide,stsb,ABC,tune,27,42,spearman,curvature=4.0;feature_mode=unit;gat_hidden_dim=128;gnn_input_clip=1.0;gnn_input_scale=0;graph_curvature=0.25;graph_metric=poincare;hyp_gnn_type=gat;hyperbolic_gnn=1;hyperbolic_readout=1;jk_mode=cat;learnable_curvature=0;lr=2e-05;num_layers=2;proj_dim=256;readout_clip=0.7;readout_scale=0;rho_quantile=0.025;scorer_hidden=256;weight_decay=5e-05,128,poincare,cat,2e-05,2,256,256,,5e-05,51.5,254.86,0.12225,0.0,4.0,1.0,0,gat,1
glue|bert-base-uncased|stsb_wide|ABC|t28|s42|tune,glue,bert-base-uncased,stsb_wide,stsb,ABC,tune,28,42,spearman,curvature=1.0;feature_mode=center_unit;gat_hidden_dim=128;gnn_input_clip=1.0;gnn_input_scale=1;graph_curvature=4.0;graph_metric=poincare;hyp_gnn_type=gcn;hyperbolic_gnn=1;hyperbolic_readout=1;jk_mode=max;learnable_curvature=0;lr=0.001;num_layers=2;proj_dim=256;readout_clip=0.7;readout_scale=1;rho_quantile=0.38;scorer_hidden=256;weight_decay=0.0,128,poincare,max,0.001,2,256,256,,0.0,59.52,263.28,0.47219,0.0,1.0,1.0,1,gcn,1
glue|bert-base-uncased|stsb_wide|ABC|t29|s42|tune,glue,bert-base-uncased,stsb_wide,stsb,ABC,tune,29,42,spearman,curvature=1.0;feature_mode=unit;gat_hidden_dim=64;gnn_input_clip=0.0;gnn_input_scale=1;graph_curvature=0.25;graph_metric=poincare;hyp_gnn_type=gcn;hyperbolic_gnn=1;hyperbolic_readout=1;jk_mode=max;learnable_curvature=1;lr=0.0002;num_layers=4;proj_dim=256;readout_clip=0.7;readout_scale=1;rho_quantile=0.025;scorer_hidden=256;weight_decay=1e-05,64,poincare,max,0.0002,4,256,256,,1e-05,35.55,302.48,0.12695,0.0,1.0,0.0,1,gcn,1
glue|bert-base-uncased|stsb_wide|ABC|t30|s42|tune,glue,bert-base-uncased,stsb_wide,stsb,ABC,tune,30,42,spearman,curvature=4.0;feature_mode=center;gat_hidden_dim=64;gnn_input_clip=0.0;gnn_input_scale=1;graph_curvature=1.0;graph_metric=poincare;hyp_gnn_type=gcn;hyperbolic_gnn=1;hyperbolic_readout=1;jk_mode=max;learnable_curvature=0;lr=0.0002;num_layers=4;proj_dim=256;readout_clip=0.3;readout_scale=1;rho_quantile=0.1;scorer_hidden=128;weight_decay=1e-05,64,poincare,max,0.0002,4,256,128,,1e-05,40.44,285.62,0.20038,0.0,4.0,0.0,1,gcn,1
glue|bert-base-uncased|stsb_wide|ABC|t31|s42|tune,glue,bert-base-uncased,stsb_wide,stsb,ABC,tune,31,42,spearman,curvature=1.0;feature_mode=center;gat_hidden_dim=128;gnn_input_clip=0.7;gnn_input_scale=0;graph_curvature=4.0;graph_metric=poincare;hyp_gnn_type=gcn;hyperbolic_gnn=1;hyperbolic_readout=1;jk_mode=cat;learnable_curvature=1;lr=0.001;num_layers=4;proj_dim=256;readout_clip=0.0;readout_scale=1;rho_quantile=0.025;scorer_hidden=256;weight_decay=1e-05,128,poincare,cat,0.001,4,256,256,,1e-05,79.73,302.33,0.12452,0.0,1.0,0.7,0,gcn,1
glue|bert-base-uncased|stsb_wide|ABC|t32|s42|tune,glue,bert-base-uncased,stsb_wide,stsb,ABC,tune,32,42,spearman,curvature=1.0;feature_mode=unit;gat_hidden_dim=256;gnn_input_clip=0.0;gnn_input_scale=0;graph_curvature=0.25;graph_metric=poincare;hyp_gnn_type=gat;hyperbolic_gnn=1;hyperbolic_readout=1;jk_mode=cat;learnable_curvature=1;lr=0.001;num_layers=2;proj_dim=256;readout_clip=1.0;readout_scale=1;rho_quantile=0.05;scorer_hidden=128;weight_decay=5e-05,256,poincare,cat,0.001,2,256,128,,5e-05,79.13,269.09,0.15564,0.0,1.0,0.0,0,gat,1
glue|bert-base-uncased|stsb_wide|ABC|t33|s42|tune,glue,bert-base-uncased,stsb_wide,stsb,ABC,tune,33,42,spearman,curvature=4.0;feature_mode=center_unit;gat_hidden_dim=64;gnn_input_clip=0.7;gnn_input_scale=1;graph_curvature=4.0;graph_metric=poincare;hyp_gnn_type=gat;hyperbolic_gnn=1;hyperbolic_readout=1;jk_mode=cat;learnable_curvature=0;lr=0.001;num_layers=2;proj_dim=512;readout_clip=0.3;readout_scale=0;rho_quantile=0.2;scorer_hidden=128;weight_decay=0.0,64,poincare,cat,0.001,2,512,128,,0.0,75.6,258.2,0.29484,0.0,4.0,0.7,1,gat,1
glue|bert-base-uncased|stsb_wide|ABC|t34|s42|tune,glue,bert-base-uncased,stsb_wide,stsb,ABC,tune,34,42,spearman,curvature=0.25;feature_mode=center;gat_hidden_dim=256;gnn_input_clip=0.3;gnn_input_scale=0;graph_curvature=1.0;graph_metric=poincare;hyp_gnn_type=gat;hyperbolic_gnn=1;hyperbolic_readout=1;jk_mode=cat;learnable_curvature=0;lr=0.0002;num_layers=2;proj_dim=128;readout_clip=1.0;readout_scale=0;rho_quantile=0.05;scorer_hidden=128;weight_decay=5e-05,256,poincare,cat,0.0002,2,128,128,,5e-05,82.03,260.42,0.15551,0.0,0.25,0.3,0,gat,1
glue|bert-base-uncased|stsb_wide|ABC|t35|s42|tune,glue,bert-base-uncased,stsb_wide,stsb,ABC,tune,35,42,spearman,curvature=4.0;feature_mode=center;gat_hidden_dim=256;gnn_input_clip=0.0;gnn_input_scale=0;graph_curvature=2.25;graph_metric=poincare;hyp_gnn_type=gat;hyperbolic_gnn=1;hyperbolic_readout=1;jk_mode=max;learnable_curvature=1;lr=2e-05;num_layers=2;proj_dim=256;readout_clip=0.0;readout_scale=0;rho_quantile=0.05;scorer_hidden=256;weight_decay=0.0,256,poincare,max,2e-05,2,256,256,,0.0,62.7,264.19,0.15121,0.0,4.0,0.0,0,gat,1
glue|bert-base-uncased|stsb_wide|ABC|t36|s42|tune,glue,bert-base-uncased,stsb_wide,stsb,ABC,tune,36,42,spearman,curvature=4.0;feature_mode=center;gat_hidden_dim=64;gnn_input_clip=0.7;gnn_input_scale=1;graph_curvature=2.25;graph_metric=poincare;hyp_gnn_type=gcn;hyperbolic_gnn=1;hyperbolic_readout=1;jk_mode=cat;learnable_curvature=1;lr=0.0002;num_layers=2;proj_dim=256;readout_clip=0.3;readout_scale=1;rho_quantile=0.1;scorer_hidden=128;weight_decay=5e-05,64,poincare,cat,0.0002,2,256,128,,5e-05,77.31,269.59,0.19884,0.0,4.0,0.7,1,gcn,1
glue|bert-base-uncased|stsb_wide|ABC|t37|s42|tune,glue,bert-base-uncased,stsb_wide,stsb,ABC,tune,37,42,spearman,curvature=4.0;feature_mode=cls_root_unit;gat_hidden_dim=128;gnn_input_clip=0.3;gnn_input_scale=1;graph_curvature=9.0;graph_metric=poincare;hyp_gnn_type=gat;hyperbolic_gnn=1;hyperbolic_readout=1;jk_mode=cat;learnable_curvature=1;lr=0.0002;num_layers=4;proj_dim=256;readout_clip=1.0;readout_scale=0;rho_quantile=0.38;scorer_hidden=256;weight_decay=1e-05,128,poincare,cat,0.0002,4,256,256,,1e-05,79.22,296.47,0.47222,0.0,4.0,0.3,1,gat,1
glue|bert-base-uncased|stsb_wide|ABC|t38|s42|tune,glue,bert-base-uncased,stsb_wide,stsb,ABC,tune,38,42,spearman,curvature=0.25;feature_mode=center_unit;gat_hidden_dim=128;gnn_input_clip=0.7;gnn_input_scale=1;graph_curvature=4.0;graph_metric=poincare;hyp_gnn_type=gat;hyperbolic_gnn=1;hyperbolic_readout=1;jk_mode=cat;learnable_curvature=0;lr=0.001;num_layers=2;proj_dim=128;readout_clip=0.0;readout_scale=0;rho_quantile=0.1;scorer_hidden=256;weight_decay=1e-05,128,poincare,cat,0.001,2,128,256,,1e-05,79.79,258.34,0.19571,0.0,0.25,0.7,1,gat,1
glue|bert-base-uncased|stsb_wide|ABC|t39|s42|tune,glue,bert-base-uncased,stsb_wide,stsb,ABC,tune,39,42,spearman,curvature=4.0;feature_mode=cls_root_unit;gat_hidden_dim=128;gnn_input_clip=0.3;gnn_input_scale=0;graph_curvature=1.0;graph_metric=poincare;hyp_gnn_type=gat;hyperbolic_gnn=1;hyperbolic_readout=1;jk_mode=max;learnable_curvature=1;lr=0.0002;num_layers=2;proj_dim=128;readout_clip=0.0;readout_scale=0;rho_quantile=0.05;scorer_hidden=128;weight_decay=0.0,128,poincare,max,0.0002,2,128,128,,0.0,67.32,268.46,0.15012,0.0,4.0,0.3,0,gat,1
glue|bert-base-uncased|stsb_wide|ABC|t34|s1|confirm,glue,bert-base-uncased,stsb_wide,stsb,ABC,confirm,34,1,spearman,curvature=0.25;feature_mode=center;gat_hidden_dim=256;gnn_input_clip=0.3;gnn_input_scale=0;graph_curvature=1.0;graph_metric=poincare;hyp_gnn_type=gat;hyperbolic_gnn=1;hyperbolic_readout=1;jk_mode=cat;learnable_curvature=0;lr=0.0002;num_layers=2;proj_dim=128;readout_clip=1.0;readout_scale=0;rho_quantile=0.05;scorer_hidden=128;weight_decay=5e-05,256,poincare,cat,0.0002,2,128,128,,5e-05,81.95,257.19,0.15103,0.0,0.25,0.3,0,gat,1
glue|bert-base-uncased|stsb_wide|ABC|t34|s2|confirm,glue,bert-base-uncased,stsb_wide,stsb,ABC,confirm,34,2,spearman,curvature=0.25;feature_mode=center;gat_hidden_dim=256;gnn_input_clip=0.3;gnn_input_scale=0;graph_curvature=1.0;graph_metric=poincare;hyp_gnn_type=gat;hyperbolic_gnn=1;hyperbolic_readout=1;jk_mode=cat;learnable_curvature=0;lr=0.0002;num_layers=2;proj_dim=128;readout_clip=1.0;readout_scale=0;rho_quantile=0.05;scorer_hidden=128;weight_decay=5e-05,256,poincare,cat,0.0002,2,128,128,,5e-05,82.1,255.36,0.14764,0.0,0.25,0.3,0,gat,1
glue|bert-base-uncased|stsb_wide|ABC|t34|s3|confirm,glue,bert-base-uncased,stsb_wide,stsb,ABC,confirm,34,3,spearman,curvature=0.25;feature_mode=center;gat_hidden_dim=256;gnn_input_clip=0.3;gnn_input_scale=0;graph_curvature=1.0;graph_metric=poincare;hyp_gnn_type=gat;hyperbolic_gnn=1;hyperbolic_readout=1;jk_mode=cat;learnable_curvature=0;lr=0.0002;num_layers=2;proj_dim=128;readout_clip=1.0;readout_scale=0;rho_quantile=0.05;scorer_hidden=128;weight_decay=5e-05,256,poincare,cat,0.0002,2,128,128,,5e-05,82.43,251.83,0.14693,0.0,0.25,0.3,0,gat,1
glue|bert-base-uncased|stsb_wide|ABC|t34|s4|confirm,glue,bert-base-uncased,stsb_wide,stsb,ABC,confirm,34,4,spearman,curvature=0.25;feature_mode=center;gat_hidden_dim=256;gnn_input_clip=0.3;gnn_input_scale=0;graph_curvature=1.0;graph_metric=poincare;hyp_gnn_type=gat;hyperbolic_gnn=1;hyperbolic_readout=1;jk_mode=cat;learnable_curvature=0;lr=0.0002;num_layers=2;proj_dim=128;readout_clip=1.0;readout_scale=0;rho_quantile=0.05;scorer_hidden=128;weight_decay=5e-05,256,poincare,cat,0.0002,2,128,128,,5e-05,81.63,256.52,0.14939,0.0,0.25,0.3,0,gat,1
glue|bert-base-uncased|stsb_wide|ABC|t34|s5|confirm,glue,bert-base-uncased,stsb_wide,stsb,ABC,confirm,34,5,spearman,curvature=0.25;feature_mode=center;gat_hidden_dim=256;gnn_input_clip=0.3;gnn_input_scale=0;graph_curvature=1.0;graph_metric=poincare;hyp_gnn_type=gat;hyperbolic_gnn=1;hyperbolic_readout=1;jk_mode=cat;learnable_curvature=0;lr=0.0002;num_layers=2;proj_dim=128;readout_clip=1.0;readout_scale=0;rho_quantile=0.05;scorer_hidden=128;weight_decay=5e-05,256,poincare,cat,0.0002,2,128,128,,5e-05,81.57,257.08,0.14672,0.0,0.25,0.3,0,gat,1
glue|bert-base-uncased|stsb_wide|ABC|t34|s6|confirm,glue,bert-base-uncased,stsb_wide,stsb,ABC,confirm,34,6,spearman,curvature=0.25;feature_mode=center;gat_hidden_dim=256;gnn_input_clip=0.3;gnn_input_scale=0;graph_curvature=1.0;graph_metric=poincare;hyp_gnn_type=gat;hyperbolic_gnn=1;hyperbolic_readout=1;jk_mode=cat;learnable_curvature=0;lr=0.0002;num_layers=2;proj_dim=128;readout_clip=1.0;readout_scale=0;rho_quantile=0.05;scorer_hidden=128;weight_decay=5e-05,256,poincare,cat,0.0002,2,128,128,,5e-05,81.8,256.09,0.1454,0.0,0.25,0.3,0,gat,1
glue|bert-base-uncased|stsb_wide|ABC|t34|s7|confirm,glue,bert-base-uncased,stsb_wide,stsb,ABC,confirm,34,7,spearman,curvature=0.25;feature_mode=center;gat_hidden_dim=256;gnn_input_clip=0.3;gnn_input_scale=0;graph_curvature=1.0;graph_metric=poincare;hyp_gnn_type=gat;hyperbolic_gnn=1;hyperbolic_readout=1;jk_mode=cat;learnable_curvature=0;lr=0.0002;num_layers=2;proj_dim=128;readout_clip=1.0;readout_scale=0;rho_quantile=0.05;scorer_hidden=128;weight_decay=5e-05,256,poincare,cat,0.0002,2,128,128,,5e-05,82.04,256.33,0.14984,0.0,0.25,0.3,0,gat,1
glue|bert-base-uncased|stsb_wide|ABC|t34|s8|confirm,glue,bert-base-uncased,stsb_wide,stsb,ABC,confirm,34,8,spearman,curvature=0.25;feature_mode=center;gat_hidden_dim=256;gnn_input_clip=0.3;gnn_input_scale=0;graph_curvature=1.0;graph_metric=poincare;hyp_gnn_type=gat;hyperbolic_gnn=1;hyperbolic_readout=1;jk_mode=cat;learnable_curvature=0;lr=0.0002;num_layers=2;proj_dim=128;readout_clip=1.0;readout_scale=0;rho_quantile=0.05;scorer_hidden=128;weight_decay=5e-05,256,poincare,cat,0.0002,2,128,128,,5e-05,81.73,258.16,0.14599,0.0,0.25,0.3,0,gat,1
glue|bert-base-uncased|stsb_wide|ABC|t34|s9|confirm,glue,bert-base-uncased,stsb_wide,stsb,ABC,confirm,34,9,spearman,curvature=0.25;feature_mode=center;gat_hidden_dim=256;gnn_input_clip=0.3;gnn_input_scale=0;graph_curvature=1.0;graph_metric=poincare;hyp_gnn_type=gat;hyperbolic_gnn=1;hyperbolic_readout=1;jk_mode=cat;learnable_curvature=0;lr=0.0002;num_layers=2;proj_dim=128;readout_clip=1.0;readout_scale=0;rho_quantile=0.05;scorer_hidden=128;weight_decay=5e-05,256,poincare,cat,0.0002,2,128,128,,5e-05,81.27,263.66,0.15062,0.0,0.25,0.3,0,gat,1
glue|bert-base-uncased|stsb_wide|ABC|t34|s10|confirm,glue,bert-base-uncased,stsb_wide,stsb,ABC,confirm,34,10,spearman,curvature=0.25;feature_mode=center;gat_hidden_dim=256;gnn_input_clip=0.3;gnn_input_scale=0;graph_curvature=1.0;graph_metric=poincare;hyp_gnn_type=gat;hyperbolic_gnn=1;hyperbolic_readout=1;jk_mode=cat;learnable_curvature=0;lr=0.0002;num_layers=2;proj_dim=128;readout_clip=1.0;readout_scale=0;rho_quantile=0.05;scorer_hidden=128;weight_decay=5e-05,256,poincare,cat,0.0002,2,128,128,,5e-05,81.72,257.41,0.14937,0.0,0.25,0.3,0,gat,1
glue|bert-base-uncased|stsb_wide|ABC|t34|s11|confirm,glue,bert-base-uncased,stsb_wide,stsb,ABC,confirm,34,11,spearman,curvature=0.25;feature_mode=center;gat_hidden_dim=256;gnn_input_clip=0.3;gnn_input_scale=0;graph_curvature=1.0;graph_metric=poincare;hyp_gnn_type=gat;hyperbolic_gnn=1;hyperbolic_readout=1;jk_mode=cat;learnable_curvature=0;lr=0.0002;num_layers=2;proj_dim=128;readout_clip=1.0;readout_scale=0;rho_quantile=0.05;scorer_hidden=128;weight_decay=5e-05,256,poincare,cat,0.0002,2,128,128,,5e-05,81.4,258.82,0.1506,0.0,0.25,0.3,0,gat,1
glue|bert-base-uncased|stsb_wide|ABC|t34|s12|confirm,glue,bert-base-uncased,stsb_wide,stsb,ABC,confirm,34,12,spearman,curvature=0.25;feature_mode=center;gat_hidden_dim=256;gnn_input_clip=0.3;gnn_input_scale=0;graph_curvature=1.0;graph_metric=poincare;hyp_gnn_type=gat;hyperbolic_gnn=1;hyperbolic_readout=1;jk_mode=cat;learnable_curvature=0;lr=0.0002;num_layers=2;proj_dim=128;readout_clip=1.0;readout_scale=0;rho_quantile=0.05;scorer_hidden=128;weight_decay=5e-05,256,poincare,cat,0.0002,2,128,128,,5e-05,81.11,256.67,0.14408,0.0,0.25,0.3,0,gat,1
glue|bert-base-uncased|stsb_wide|ABC|t34|s13|confirm,glue,bert-base-uncased,stsb_wide,stsb,ABC,confirm,34,13,spearman,curvature=0.25;feature_mode=center;gat_hidden_dim=256;gnn_input_clip=0.3;gnn_input_scale=0;graph_curvature=1.0;graph_metric=poincare;hyp_gnn_type=gat;hyperbolic_gnn=1;hyperbolic_readout=1;jk_mode=cat;learnable_curvature=0;lr=0.0002;num_layers=2;proj_dim=128;readout_clip=1.0;readout_scale=0;rho_quantile=0.05;scorer_hidden=128;weight_decay=5e-05,256,poincare,cat,0.0002,2,128,128,,5e-05,81.53,255.5,0.14734,0.0,0.25,0.3,0,gat,1
glue|bert-base-uncased|stsb_wide|ABC|t34|s14|confirm,glue,bert-base-uncased,stsb_wide,stsb,ABC,confirm,34,14,spearman,curvature=0.25;feature_mode=center;gat_hidden_dim=256;gnn_input_clip=0.3;gnn_input_scale=0;graph_curvature=1.0;graph_metric=poincare;hyp_gnn_type=gat;hyperbolic_gnn=1;hyperbolic_readout=1;jk_mode=cat;learnable_curvature=0;lr=0.0002;num_layers=2;proj_dim=128;readout_clip=1.0;readout_scale=0;rho_quantile=0.05;scorer_hidden=128;weight_decay=5e-05,256,poincare,cat,0.0002,2,128,128,,5e-05,81.39,259.73,0.14951,0.0,0.25,0.3,0,gat,1
glue|bert-base-uncased|stsb_wide|ABC|t34|s15|confirm,glue,bert-base-uncased,stsb_wide,stsb,ABC,confirm,34,15,spearman,curvature=0.25;feature_mode=center;gat_hidden_dim=256;gnn_input_clip=0.3;gnn_input_scale=0;graph_curvature=1.0;graph_metric=poincare;hyp_gnn_type=gat;hyperbolic_gnn=1;hyperbolic_readout=1;jk_mode=cat;learnable_curvature=0;lr=0.0002;num_layers=2;proj_dim=128;readout_clip=1.0;readout_scale=0;rho_quantile=0.05;scorer_hidden=128;weight_decay=5e-05,256,poincare,cat,0.0002,2,128,128,,5e-05,81.77,257.13,0.15101,0.0,0.25,0.3,0,gat,1
glue|bert-base-uncased|stsb_wide|C|t15|s1|confirm,glue,bert-base-uncased,stsb_wide,stsb,C,confirm,15,1,spearman,curvature=4.0;gat_hidden_dim=128;gnn_input_clip=0.0;gnn_input_scale=0;graph_metric=cosine;hyp_gnn_type=gat;hyperbolic_gnn=1;jk_mode=cat;lr=0.0002;num_layers=2;proj_dim=128;scorer_hidden=128;tau_quantile=0.2;weight_decay=1e-05,128,cosine,cat,0.0002,2,128,128,0.2,1e-05,82.62,212.24,0.29555,0.0,4.0,0.0,0,gat,1
glue|bert-base-uncased|stsb_wide|C|t15|s2|confirm,glue,bert-base-uncased,stsb_wide,stsb,C,confirm,15,2,spearman,curvature=4.0;gat_hidden_dim=128;gnn_input_clip=0.0;gnn_input_scale=0;graph_metric=cosine;hyp_gnn_type=gat;hyperbolic_gnn=1;jk_mode=cat;lr=0.0002;num_layers=2;proj_dim=128;scorer_hidden=128;tau_quantile=0.2;weight_decay=1e-05,128,cosine,cat,0.0002,2,128,128,0.2,1e-05,82.45,212.46,0.29396,0.0,4.0,0.0,0,gat,1
glue|bert-base-uncased|stsb_wide|C|t15|s3|confirm,glue,bert-base-uncased,stsb_wide,stsb,C,confirm,15,3,spearman,curvature=4.0;gat_hidden_dim=128;gnn_input_clip=0.0;gnn_input_scale=0;graph_metric=cosine;hyp_gnn_type=gat;hyperbolic_gnn=1;jk_mode=cat;lr=0.0002;num_layers=2;proj_dim=128;scorer_hidden=128;tau_quantile=0.2;weight_decay=1e-05,128,cosine,cat,0.0002,2,128,128,0.2,1e-05,83.35,212.53,0.29319,0.0,4.0,0.0,0,gat,1
glue|bert-base-uncased|stsb_wide|C|t15|s4|confirm,glue,bert-base-uncased,stsb_wide,stsb,C,confirm,15,4,spearman,curvature=4.0;gat_hidden_dim=128;gnn_input_clip=0.0;gnn_input_scale=0;graph_metric=cosine;hyp_gnn_type=gat;hyperbolic_gnn=1;jk_mode=cat;lr=0.0002;num_layers=2;proj_dim=128;scorer_hidden=128;tau_quantile=0.2;weight_decay=1e-05,128,cosine,cat,0.0002,2,128,128,0.2,1e-05,82.6,211.7,0.29383,0.0,4.0,0.0,0,gat,1
glue|bert-base-uncased|stsb_wide|C|t15|s5|confirm,glue,bert-base-uncased,stsb_wide,stsb,C,confirm,15,5,spearman,curvature=4.0;gat_hidden_dim=128;gnn_input_clip=0.0;gnn_input_scale=0;graph_metric=cosine;hyp_gnn_type=gat;hyperbolic_gnn=1;jk_mode=cat;lr=0.0002;num_layers=2;proj_dim=128;scorer_hidden=128;tau_quantile=0.2;weight_decay=1e-05,128,cosine,cat,0.0002,2,128,128,0.2,1e-05,82.17,211.31,0.29134,0.0,4.0,0.0,0,gat,1
glue|bert-base-uncased|stsb_wide|C|t15|s6|confirm,glue,bert-base-uncased,stsb_wide,stsb,C,confirm,15,6,spearman,curvature=4.0;gat_hidden_dim=128;gnn_input_clip=0.0;gnn_input_scale=0;graph_metric=cosine;hyp_gnn_type=gat;hyperbolic_gnn=1;jk_mode=cat;lr=0.0002;num_layers=2;proj_dim=128;scorer_hidden=128;tau_quantile=0.2;weight_decay=1e-05,128,cosine,cat,0.0002,2,128,128,0.2,1e-05,82.61,212.97,0.29555,0.0,4.0,0.0,0,gat,1
glue|bert-base-uncased|stsb_wide|C|t15|s7|confirm,glue,bert-base-uncased,stsb_wide,stsb,C,confirm,15,7,spearman,curvature=4.0;gat_hidden_dim=128;gnn_input_clip=0.0;gnn_input_scale=0;graph_metric=cosine;hyp_gnn_type=gat;hyperbolic_gnn=1;jk_mode=cat;lr=0.0002;num_layers=2;proj_dim=128;scorer_hidden=128;tau_quantile=0.2;weight_decay=1e-05,128,cosine,cat,0.0002,2,128,128,0.2,1e-05,82.61,212.07,0.29178,0.0,4.0,0.0,0,gat,1
glue|bert-base-uncased|stsb_wide|C|t15|s8|confirm,glue,bert-base-uncased,stsb_wide,stsb,C,confirm,15,8,spearman,curvature=4.0;gat_hidden_dim=128;gnn_input_clip=0.0;gnn_input_scale=0;graph_metric=cosine;hyp_gnn_type=gat;hyperbolic_gnn=1;jk_mode=cat;lr=0.0002;num_layers=2;proj_dim=128;scorer_hidden=128;tau_quantile=0.2;weight_decay=1e-05,128,cosine,cat,0.0002,2,128,128,0.2,1e-05,83.15,213.43,0.29376,0.0,4.0,0.0,0,gat,1
glue|bert-base-uncased|stsb_wide|C|t15|s9|confirm,glue,bert-base-uncased,stsb_wide,stsb,C,confirm,15,9,spearman,curvature=4.0;gat_hidden_dim=128;gnn_input_clip=0.0;gnn_input_scale=0;graph_metric=cosine;hyp_gnn_type=gat;hyperbolic_gnn=1;jk_mode=cat;lr=0.0002;num_layers=2;proj_dim=128;scorer_hidden=128;tau_quantile=0.2;weight_decay=1e-05,128,cosine,cat,0.0002,2,128,128,0.2,1e-05,82.52,212.53,0.29584,0.0,4.0,0.0,0,gat,1
glue|bert-base-uncased|stsb_wide|C|t15|s10|confirm,glue,bert-base-uncased,stsb_wide,stsb,C,confirm,15,10,spearman,curvature=4.0;gat_hidden_dim=128;gnn_input_clip=0.0;gnn_input_scale=0;graph_metric=cosine;hyp_gnn_type=gat;hyperbolic_gnn=1;jk_mode=cat;lr=0.0002;num_layers=2;proj_dim=128;scorer_hidden=128;tau_quantile=0.2;weight_decay=1e-05,128,cosine,cat,0.0002,2,128,128,0.2,1e-05,83.01,211.39,0.2978,0.0,4.0,0.0,0,gat,1
glue|bert-base-uncased|stsb_wide|C|t15|s11|confirm,glue,bert-base-uncased,stsb_wide,stsb,C,confirm,15,11,spearman,curvature=4.0;gat_hidden_dim=128;gnn_input_clip=0.0;gnn_input_scale=0;graph_metric=cosine;hyp_gnn_type=gat;hyperbolic_gnn=1;jk_mode=cat;lr=0.0002;num_layers=2;proj_dim=128;scorer_hidden=128;tau_quantile=0.2;weight_decay=1e-05,128,cosine,cat,0.0002,2,128,128,0.2,1e-05,82.72,213.31,0.29491,0.0,4.0,0.0,0,gat,1
glue|bert-base-uncased|stsb_wide|C|t15|s12|confirm,glue,bert-base-uncased,stsb_wide,stsb,C,confirm,15,12,spearman,curvature=4.0;gat_hidden_dim=128;gnn_input_clip=0.0;gnn_input_scale=0;graph_metric=cosine;hyp_gnn_type=gat;hyperbolic_gnn=1;jk_mode=cat;lr=0.0002;num_layers=2;proj_dim=128;scorer_hidden=128;tau_quantile=0.2;weight_decay=1e-05,128,cosine,cat,0.0002,2,128,128,0.2,1e-05,82.86,213.87,0.29239,0.0,4.0,0.0,0,gat,1
glue|bert-base-uncased|stsb_wide|C|t15|s13|confirm,glue,bert-base-uncased,stsb_wide,stsb,C,confirm,15,13,spearman,curvature=4.0;gat_hidden_dim=128;gnn_input_clip=0.0;gnn_input_scale=0;graph_metric=cosine;hyp_gnn_type=gat;hyperbolic_gnn=1;jk_mode=cat;lr=0.0002;num_layers=2;proj_dim=128;scorer_hidden=128;tau_quantile=0.2;weight_decay=1e-05,128,cosine,cat,0.0002,2,128,128,0.2,1e-05,82.64,211.78,0.29222,0.0,4.0,0.0,0,gat,1
glue|bert-base-uncased|stsb_wide|C|t15|s14|confirm,glue,bert-base-uncased,stsb_wide,stsb,C,confirm,15,14,spearman,curvature=4.0;gat_hidden_dim=128;gnn_input_clip=0.0;gnn_input_scale=0;graph_metric=cosine;hyp_gnn_type=gat;hyperbolic_gnn=1;jk_mode=cat;lr=0.0002;num_layers=2;proj_dim=128;scorer_hidden=128;tau_quantile=0.2;weight_decay=1e-05,128,cosine,cat,0.0002,2,128,128,0.2,1e-05,83.09,212.3,0.2956,0.0,4.0,0.0,0,gat,1
glue|bert-base-uncased|stsb_wide|C|t15|s15|confirm,glue,bert-base-uncased,stsb_wide,stsb,C,confirm,15,15,spearman,curvature=4.0;gat_hidden_dim=128;gnn_input_clip=0.0;gnn_input_scale=0;graph_metric=cosine;hyp_gnn_type=gat;hyperbolic_gnn=1;jk_mode=cat;lr=0.0002;num_layers=2;proj_dim=128;scorer_hidden=128;tau_quantile=0.2;weight_decay=1e-05,128,cosine,cat,0.0002,2,128,128,0.2,1e-05,82.52,216.27,0.29345,0.0,4.0,0.0,0,gat,1
glue|bert-base-uncased|stsb_wide|baseline|t17|s1|confirm,glue,bert-base-uncased,stsb_wide,stsb,baseline,confirm,17,1,spearman,gat_hidden_dim=64;graph_metric=cosine;jk_mode=cat;lr=0.0002;num_layers=4;proj_dim=256;scorer_hidden=128;tau_quantile=0.2;weight_decay=0.0,64,cosine,cat,0.0002,4,256,128,0.2,0.0,82.37,201.32,0.29106,0.0
glue|bert-base-uncased|stsb_wide|baseline|t17|s2|confirm,glue,bert-base-uncased,stsb_wide,stsb,baseline,confirm,17,2,spearman,gat_hidden_dim=64;graph_metric=cosine;jk_mode=cat;lr=0.0002;num_layers=4;proj_dim=256;scorer_hidden=128;tau_quantile=0.2;weight_decay=0.0,64,cosine,cat,0.0002,4,256,128,0.2,0.0,82.09,203.84,0.29531,0.0
glue|bert-base-uncased|stsb_wide|baseline|t17|s3|confirm,glue,bert-base-uncased,stsb_wide,stsb,baseline,confirm,17,3,spearman,gat_hidden_dim=64;graph_metric=cosine;jk_mode=cat;lr=0.0002;num_layers=4;proj_dim=256;scorer_hidden=128;tau_quantile=0.2;weight_decay=0.0,64,cosine,cat,0.0002,4,256,128,0.2,0.0,83.11,204.75,0.29638,0.0
glue|bert-base-uncased|stsb_wide|baseline|t17|s4|confirm,glue,bert-base-uncased,stsb_wide,stsb,baseline,confirm,17,4,spearman,gat_hidden_dim=64;graph_metric=cosine;jk_mode=cat;lr=0.0002;num_layers=4;proj_dim=256;scorer_hidden=128;tau_quantile=0.2;weight_decay=0.0,64,cosine,cat,0.0002,4,256,128,0.2,0.0,82.59,200.11,0.29295,0.0
glue|bert-base-uncased|stsb_wide|baseline|t17|s5|confirm,glue,bert-base-uncased,stsb_wide,stsb,baseline,confirm,17,5,spearman,gat_hidden_dim=64;graph_metric=cosine;jk_mode=cat;lr=0.0002;num_layers=4;proj_dim=256;scorer_hidden=128;tau_quantile=0.2;weight_decay=0.0,64,cosine,cat,0.0002,4,256,128,0.2,0.0,82.89,198.93,0.29238,0.0
glue|bert-base-uncased|stsb_wide|baseline|t17|s6|confirm,glue,bert-base-uncased,stsb_wide,stsb,baseline,confirm,17,6,spearman,gat_hidden_dim=64;graph_metric=cosine;jk_mode=cat;lr=0.0002;num_layers=4;proj_dim=256;scorer_hidden=128;tau_quantile=0.2;weight_decay=0.0,64,cosine,cat,0.0002,4,256,128,0.2,0.0,82.52,202.9,0.29737,0.0
glue|bert-base-uncased|stsb_wide|baseline|t17|s7|confirm,glue,bert-base-uncased,stsb_wide,stsb,baseline,confirm,17,7,spearman,gat_hidden_dim=64;graph_metric=cosine;jk_mode=cat;lr=0.0002;num_layers=4;proj_dim=256;scorer_hidden=128;tau_quantile=0.2;weight_decay=0.0,64,cosine,cat,0.0002,4,256,128,0.2,0.0,82.5,203.92,0.29504,0.0
glue|bert-base-uncased|stsb_wide|baseline|t17|s8|confirm,glue,bert-base-uncased,stsb_wide,stsb,baseline,confirm,17,8,spearman,gat_hidden_dim=64;graph_metric=cosine;jk_mode=cat;lr=0.0002;num_layers=4;proj_dim=256;scorer_hidden=128;tau_quantile=0.2;weight_decay=0.0,64,cosine,cat,0.0002,4,256,128,0.2,0.0,82.29,201.08,0.29659,0.0
glue|bert-base-uncased|stsb_wide|baseline|t17|s9|confirm,glue,bert-base-uncased,stsb_wide,stsb,baseline,confirm,17,9,spearman,gat_hidden_dim=64;graph_metric=cosine;jk_mode=cat;lr=0.0002;num_layers=4;proj_dim=256;scorer_hidden=128;tau_quantile=0.2;weight_decay=0.0,64,cosine,cat,0.0002,4,256,128,0.2,0.0,82.36,202.18,0.2969,0.0
glue|bert-base-uncased|stsb_wide|baseline|t17|s10|confirm,glue,bert-base-uncased,stsb_wide,stsb,baseline,confirm,17,10,spearman,gat_hidden_dim=64;graph_metric=cosine;jk_mode=cat;lr=0.0002;num_layers=4;proj_dim=256;scorer_hidden=128;tau_quantile=0.2;weight_decay=0.0,64,cosine,cat,0.0002,4,256,128,0.2,0.0,81.96,202.58,0.29612,0.0
glue|bert-base-uncased|stsb_wide|baseline|t17|s11|confirm,glue,bert-base-uncased,stsb_wide,stsb,baseline,confirm,17,11,spearman,gat_hidden_dim=64;graph_metric=cosine;jk_mode=cat;lr=0.0002;num_layers=4;proj_dim=256;scorer_hidden=128;tau_quantile=0.2;weight_decay=0.0,64,cosine,cat,0.0002,4,256,128,0.2,0.0,82.91,200.52,0.29459,0.0
glue|bert-base-uncased|stsb_wide|baseline|t17|s12|confirm,glue,bert-base-uncased,stsb_wide,stsb,baseline,confirm,17,12,spearman,gat_hidden_dim=64;graph_metric=cosine;jk_mode=cat;lr=0.0002;num_layers=4;proj_dim=256;scorer_hidden=128;tau_quantile=0.2;weight_decay=0.0,64,cosine,cat,0.0002,4,256,128,0.2,0.0,82.88,203.05,0.29607,0.0
glue|bert-base-uncased|stsb_wide|baseline|t17|s13|confirm,glue,bert-base-uncased,stsb_wide,stsb,baseline,confirm,17,13,spearman,gat_hidden_dim=64;graph_metric=cosine;jk_mode=cat;lr=0.0002;num_layers=4;proj_dim=256;scorer_hidden=128;tau_quantile=0.2;weight_decay=0.0,64,cosine,cat,0.0002,4,256,128,0.2,0.0,82.35,200.97,0.29391,0.0
glue|bert-base-uncased|stsb_wide|baseline|t17|s14|confirm,glue,bert-base-uncased,stsb_wide,stsb,baseline,confirm,17,14,spearman,gat_hidden_dim=64;graph_metric=cosine;jk_mode=cat;lr=0.0002;num_layers=4;proj_dim=256;scorer_hidden=128;tau_quantile=0.2;weight_decay=0.0,64,cosine,cat,0.0002,4,256,128,0.2,0.0,82.86,201.41,0.29764,0.0
glue|bert-base-uncased|stsb_wide|baseline|t17|s15|confirm,glue,bert-base-uncased,stsb_wide,stsb,baseline,confirm,17,15,spearman,gat_hidden_dim=64;graph_metric=cosine;jk_mode=cat;lr=0.0002;num_layers=4;proj_dim=256;scorer_hidden=128;tau_quantile=0.2;weight_decay=0.0,64,cosine,cat,0.0002,4,256,128,0.2,0.0,82.31,200.28,0.29414,0.0
