timestamp,run_tag,model,task,mteb_task,arm,pooling,graph_metric,graph_adj,hyperbolic_gnn,hyperbolic_readout,gnn_type,num_layers,jk_mode,tau,rho,curvature,knn_k,feature_norm,gat_hidden_dim,scorer_hidden,proj_dim,epochs,batch_size,lr,weight_decay,max_length,seed,elapsed_sec,acc,acc_final,mcc,mcc_final,f1,f1_final,acc_mm,f1_mm,spearman,spearman_final,pearson,pearson_final,best_val_avg,mteb_score,best_loss,mteb_per_task
2026-08-31 13:23:52,hyperglot,bert-base-uncased,embedding,,baseline,glot,cosine,threshold,0,0,gat,2,cat,0.6,1.0,1.0,8,0,128,128,256,2,32,0.0002,0.0,128,1,495.42,,,,,,,,,,,,,,,4.566827,
2026-08-31 13:24:57,hyperglot,bert-base-uncased,mteb,EmotionClassification,baseline,glot,cosine,threshold,0,0,gat,2,cat,0.6,1.0,1.0,8,0,128,128,256,2,32,0.0002,0.0,128,1,44.89,,,,,,,,,,,,,,0.34625,,"{""EmotionClassification"": 0.34625}"
2026-08-31 13:26:27,hyperglot,bert-base-uncased,mteb,SciFact,baseline,glot,cosine,threshold,0,0,gat,2,cat,0.6,1.0,1.0,8,0,128,128,256,2,32,0.0002,0.0,128,1,77.79,,,,,,,,,,,,,,0.18909,,"{""SciFact"": 0.18909}"
2026-08-31 13:36:20,hyperglot,bert-base-uncased,mteb,RedditClustering,baseline,glot,cosine,threshold,0,0,gat,2,cat,0.6,1.0,1.0,8,0,128,128,256,2,32,0.0002,0.0,128,1,580.79,,,,,,,,,,,,,,0.353375,,"{""RedditClustering"": 0.3533753530261381}"
2026-08-31 13:36:52,hyperglot,bert-base-uncased,mteb,AskUbuntuDupQuestions,baseline,glot,cosine,threshold,0,0,gat,2,cat,0.6,1.0,1.0,8,0,128,128,256,2,32,0.0002,0.0,128,1,19.69,,,,,,,,,,,,,,0.47674,,"{""AskUbuntuDupQuestions"": 0.47674}"
2026-08-31 13:37:17,hyperglot,bert-base-uncased,mteb,STS12,baseline,glot,cosine,threshold,0,0,gat,2,cat,0.6,1.0,1.0,8,0,128,128,256,2,32,0.0002,0.0,128,1,13.06,,,,,,,,,,,,,,0.393875,,"{""STS12"": 0.39387497747226385}"
2026-08-31 13:37:55,hyperglot,bert-base-uncased,mteb,TwitterSemEval2015,baseline,glot,cosine,threshold,0,0,gat,2,cat,0.6,1.0,1.0,8,0,128,128,256,2,32,0.0002,0.0,128,1,26.74,,,,,,,,,,,,,,0.528188,,"{""TwitterSemEval2015"": 0.5281882788266451}"
2026-08-31 13:38:17,hyperglot,bert-base-uncased,mteb,SummEval,baseline,glot,cosine,threshold,0,0,gat,2,cat,0.6,1.0,1.0,8,0,128,128,256,2,32,0.0002,0.0,128,1,10.0,,,,,,,,,,,,,,0.295908,,"{""SummEval"": 0.2959077119137342}"
2026-08-31 13:45:12,hyperglot,bert-base-uncased,embedding,,baseline,glot,cosine,threshold,0,0,gat,2,cat,0.6,1.0,1.0,8,0,128,128,256,2,32,0.0002,0.0,128,2,402.7,,,,,,,,,,,,,,,4.70288,
2026-08-31 13:46:09,hyperglot,bert-base-uncased,mteb,EmotionClassification,baseline,glot,cosine,threshold,0,0,gat,2,cat,0.6,1.0,1.0,8,0,128,128,256,2,32,0.0002,0.0,128,2,44.45,,,,,,,,,,,,,,0.34735,,"{""EmotionClassification"": 0.34735}"
2026-08-31 13:47:38,hyperglot,bert-base-uncased,mteb,SciFact,baseline,glot,cosine,threshold,0,0,gat,2,cat,0.6,1.0,1.0,8,0,128,128,256,2,32,0.0002,0.0,128,2,76.44,,,,,,,,,,,,,,0.20985,,"{""SciFact"": 0.20985}"
2026-08-31 13:57:29,hyperglot,bert-base-uncased,mteb,RedditClustering,baseline,glot,cosine,threshold,0,0,gat,2,cat,0.6,1.0,1.0,8,0,128,128,256,2,32,0.0002,0.0,128,2,579.21,,,,,,,,,,,,,,0.372151,,"{""RedditClustering"": 0.37215090583318655}"
2026-08-31 13:57:58,hyperglot,bert-base-uncased,mteb,AskUbuntuDupQuestions,baseline,glot,cosine,threshold,0,0,gat,2,cat,0.6,1.0,1.0,8,0,128,128,256,2,32,0.0002,0.0,128,2,17.12,,,,,,,,,,,,,,0.47886,,"{""AskUbuntuDupQuestions"": 0.47886}"
2026-08-31 13:58:23,hyperglot,bert-base-uncased,mteb,STS12,baseline,glot,cosine,threshold,0,0,gat,2,cat,0.6,1.0,1.0,8,0,128,128,256,2,32,0.0002,0.0,128,2,12.03,,,,,,,,,,,,,,0.415744,,"{""STS12"": 0.4157440315640752}"
2026-08-31 13:59:01,hyperglot,bert-base-uncased,mteb,TwitterSemEval2015,baseline,glot,cosine,threshold,0,0,gat,2,cat,0.6,1.0,1.0,8,0,128,128,256,2,32,0.0002,0.0,128,2,26.17,,,,,,,,,,,,,,0.530832,,"{""TwitterSemEval2015"": 0.5308321139502924}"
2026-08-31 13:59:21,hyperglot,bert-base-uncased,mteb,SummEval,baseline,glot,cosine,threshold,0,0,gat,2,cat,0.6,1.0,1.0,8,0,128,128,256,2,32,0.0002,0.0,128,2,8.75,,,,,,,,,,,,,,0.292284,,"{""SummEval"": 0.29228400552643824}"
2026-08-31 14:06:19,hyperglot,bert-base-uncased,embedding,,baseline,glot,cosine,threshold,0,0,gat,2,cat,0.6,1.0,1.0,8,0,128,128,256,2,32,0.0002,0.0,128,3,405.61,,,,,,,,,,,,,,,5.376743,
2026-08-31 14:07:15,hyperglot,bert-base-uncased,mteb,EmotionClassification,baseline,glot,cosine,threshold,0,0,gat,2,cat,0.6,1.0,1.0,8,0,128,128,256,2,32,0.0002,0.0,128,3,44.42,,,,,,,,,,,,,,0.3486,,"{""EmotionClassification"": 0.34859999999999997}"
2026-08-31 14:08:45,hyperglot,bert-base-uncased,mteb,SciFact,baseline,glot,cosine,threshold,0,0,gat,2,cat,0.6,1.0,1.0,8,0,128,128,256,2,32,0.0002,0.0,128,3,76.57,,,,,,,,,,,,,,0.1869,,"{""SciFact"": 0.1869}"
2026-08-31 14:18:34,hyperglot,bert-base-uncased,mteb,RedditClustering,baseline,glot,cosine,threshold,0,0,gat,2,cat,0.6,1.0,1.0,8,0,128,128,256,2,32,0.0002,0.0,128,3,576.95,,,,,,,,,,,,,,0.352237,,"{""RedditClustering"": 0.3522371399710723}"
2026-08-31 14:19:03,hyperglot,bert-base-uncased,mteb,AskUbuntuDupQuestions,baseline,glot,cosine,threshold,0,0,gat,2,cat,0.6,1.0,1.0,8,0,128,128,256,2,32,0.0002,0.0,128,3,16.97,,,,,,,,,,,,,,0.48278,,"{""AskUbuntuDupQuestions"": 0.48278}"
2026-08-31 14:19:26,hyperglot,bert-base-uncased,mteb,STS12,baseline,glot,cosine,threshold,0,0,gat,2,cat,0.6,1.0,1.0,8,0,128,128,256,2,32,0.0002,0.0,128,3,11.9,,,,,,,,,,,,,,0.405097,,"{""STS12"": 0.4050967949373618}"
2026-08-31 14:20:04,hyperglot,bert-base-uncased,mteb,TwitterSemEval2015,baseline,glot,cosine,threshold,0,0,gat,2,cat,0.6,1.0,1.0,8,0,128,128,256,2,32,0.0002,0.0,128,3,25.74,,,,,,,,,,,,,,0.527365,,"{""TwitterSemEval2015"": 0.5273650258479551}"
2026-08-31 14:20:25,hyperglot,bert-base-uncased,mteb,SummEval,baseline,glot,cosine,threshold,0,0,gat,2,cat,0.6,1.0,1.0,8,0,128,128,256,2,32,0.0002,0.0,128,3,8.85,,,,,,,,,,,,,,0.297902,,"{""SummEval"": 0.2979023444405936}"
2026-08-31 14:27:30,hyperglot,bert-base-uncased,embedding,,baseline,glot,cosine,threshold,0,0,gat,2,cat,0.6,1.0,1.0,8,0,128,128,256,2,32,0.0002,0.0,128,4,413.18,,,,,,,,,,,,,,,3.924339,
2026-08-31 14:28:26,hyperglot,bert-base-uncased,mteb,EmotionClassification,baseline,glot,cosine,threshold,0,0,gat,2,cat,0.6,1.0,1.0,8,0,128,128,256,2,32,0.0002,0.0,128,4,44.34,,,,,,,,,,,,,,0.35125,,"{""EmotionClassification"": 0.35125}"
2026-08-31 14:29:56,hyperglot,bert-base-uncased,mteb,SciFact,baseline,glot,cosine,threshold,0,0,gat,2,cat,0.6,1.0,1.0,8,0,128,128,256,2,32,0.0002,0.0,128,4,76.42,,,,,,,,,,,,,,0.21269,,"{""SciFact"": 0.21269}"
2026-08-31 14:39:54,hyperglot,bert-base-uncased,mteb,RedditClustering,baseline,glot,cosine,threshold,0,0,gat,2,cat,0.6,1.0,1.0,8,0,128,128,256,2,32,0.0002,0.0,128,4,586.14,,,,,,,,,,,,,,0.359835,,"{""RedditClustering"": 0.35983483540772987}"
2026-08-31 14:40:22,hyperglot,bert-base-uncased,mteb,AskUbuntuDupQuestions,baseline,glot,cosine,threshold,0,0,gat,2,cat,0.6,1.0,1.0,8,0,128,128,256,2,32,0.0002,0.0,128,4,16.73,,,,,,,,,,,,,,0.4871,,"{""AskUbuntuDupQuestions"": 0.4871}"
2026-08-31 14:40:46,hyperglot,bert-base-uncased,mteb,STS12,baseline,glot,cosine,threshold,0,0,gat,2,cat,0.6,1.0,1.0,8,0,128,128,256,2,32,0.0002,0.0,128,4,11.91,,,,,,,,,,,,,,0.418353,,"{""STS12"": 0.4183525123371005}"
2026-08-31 14:41:24,hyperglot,bert-base-uncased,mteb,TwitterSemEval2015,baseline,glot,cosine,threshold,0,0,gat,2,cat,0.6,1.0,1.0,8,0,128,128,256,2,32,0.0002,0.0,128,4,25.86,,,,,,,,,,,,,,0.533792,,"{""TwitterSemEval2015"": 0.5337918225727222}"
2026-08-31 14:41:45,hyperglot,bert-base-uncased,mteb,SummEval,baseline,glot,cosine,threshold,0,0,gat,2,cat,0.6,1.0,1.0,8,0,128,128,256,2,32,0.0002,0.0,128,4,8.63,,,,,,,,,,,,,,0.296248,,"{""SummEval"": 0.296247709274175}"
2026-08-31 14:48:46,hyperglot,bert-base-uncased,embedding,,baseline,glot,cosine,threshold,0,0,gat,2,cat,0.6,1.0,1.0,8,0,128,128,256,2,32,0.0002,0.0,128,5,409.46,,,,,,,,,,,,,,,5.063743,
2026-08-31 14:49:43,hyperglot,bert-base-uncased,mteb,EmotionClassification,baseline,glot,cosine,threshold,0,0,gat,2,cat,0.6,1.0,1.0,8,0,128,128,256,2,32,0.0002,0.0,128,5,44.59,,,,,,,,,,,,,,0.35005,,"{""EmotionClassification"": 0.35005000000000003}"
2026-08-31 14:51:12,hyperglot,bert-base-uncased,mteb,SciFact,baseline,glot,cosine,threshold,0,0,gat,2,cat,0.6,1.0,1.0,8,0,128,128,256,2,32,0.0002,0.0,128,5,76.44,,,,,,,,,,,,,,0.20399,,"{""SciFact"": 0.20399}"
2026-08-31 15:01:04,hyperglot,bert-base-uncased,mteb,RedditClustering,baseline,glot,cosine,threshold,0,0,gat,2,cat,0.6,1.0,1.0,8,0,128,128,256,2,32,0.0002,0.0,128,5,579.69,,,,,,,,,,,,,,0.362542,,"{""RedditClustering"": 0.36254227501547404}"
2026-08-31 15:01:33,hyperglot,bert-base-uncased,mteb,AskUbuntuDupQuestions,baseline,glot,cosine,threshold,0,0,gat,2,cat,0.6,1.0,1.0,8,0,128,128,256,2,32,0.0002,0.0,128,5,16.93,,,,,,,,,,,,,,0.48531,,"{""AskUbuntuDupQuestions"": 0.48531}"
2026-08-31 15:01:57,hyperglot,bert-base-uncased,mteb,STS12,baseline,glot,cosine,threshold,0,0,gat,2,cat,0.6,1.0,1.0,8,0,128,128,256,2,32,0.0002,0.0,128,5,11.88,,,,,,,,,,,,,,0.416287,,"{""STS12"": 0.4162871446846789}"
2026-08-31 15:02:35,hyperglot,bert-base-uncased,mteb,TwitterSemEval2015,baseline,glot,cosine,threshold,0,0,gat,2,cat,0.6,1.0,1.0,8,0,128,128,256,2,32,0.0002,0.0,128,5,26.87,,,,,,,,,,,,,,0.529172,,"{""TwitterSemEval2015"": 0.5291718030843173}"
2026-08-31 15:02:56,hyperglot,bert-base-uncased,mteb,SummEval,baseline,glot,cosine,threshold,0,0,gat,2,cat,0.6,1.0,1.0,8,0,128,128,256,2,32,0.0002,0.0,128,5,8.76,,,,,,,,,,,,,,0.29457,,"{""SummEval"": 0.29457009214379254}"
2026-08-31 15:09:56,hyperglot,bert-base-uncased,embedding,,baseline,glot,cosine,threshold,0,0,gat,2,cat,0.6,1.0,1.0,8,0,128,128,256,2,32,0.0002,0.0,128,6,407.62,,,,,,,,,,,,,,,4.328458,
2026-08-31 15:10:52,hyperglot,bert-base-uncased,mteb,EmotionClassification,baseline,glot,cosine,threshold,0,0,gat,2,cat,0.6,1.0,1.0,8,0,128,128,256,2,32,0.0002,0.0,128,6,44.31,,,,,,,,,,,,,,0.3518,,"{""EmotionClassification"": 0.3518}"
2026-08-31 15:12:21,hyperglot,bert-base-uncased,mteb,SciFact,baseline,glot,cosine,threshold,0,0,gat,2,cat,0.6,1.0,1.0,8,0,128,128,256,2,32,0.0002,0.0,128,6,76.49,,,,,,,,,,,,,,0.19271,,"{""SciFact"": 0.19271}"
2026-08-31 15:22:09,hyperglot,bert-base-uncased,mteb,RedditClustering,baseline,glot,cosine,threshold,0,0,gat,2,cat,0.6,1.0,1.0,8,0,128,128,256,2,32,0.0002,0.0,128,6,576.13,,,,,,,,,,,,,,0.366992,,"{""RedditClustering"": 0.36699159606912546}"
2026-08-31 15:22:39,hyperglot,bert-base-uncased,mteb,AskUbuntuDupQuestions,baseline,glot,cosine,threshold,0,0,gat,2,cat,0.6,1.0,1.0,8,0,128,128,256,2,32,0.0002,0.0,128,6,17.26,,,,,,,,,,,,,,0.48483,,"{""AskUbuntuDupQuestions"": 0.48483}"
2026-08-31 15:23:03,hyperglot,bert-base-uncased,mteb,STS12,baseline,glot,cosine,threshold,0,0,gat,2,cat,0.6,1.0,1.0,8,0,128,128,256,2,32,0.0002,0.0,128,6,11.89,,,,,,,,,,,,,,0.433104,,"{""STS12"": 0.4331035573174525}"
2026-08-31 15:23:41,hyperglot,bert-base-uncased,mteb,TwitterSemEval2015,baseline,glot,cosine,threshold,0,0,gat,2,cat,0.6,1.0,1.0,8,0,128,128,256,2,32,0.0002,0.0,128,6,26.24,,,,,,,,,,,,,,0.523043,,"{""TwitterSemEval2015"": 0.5230431359942687}"
2026-08-31 15:24:02,hyperglot,bert-base-uncased,mteb,SummEval,baseline,glot,cosine,threshold,0,0,gat,2,cat,0.6,1.0,1.0,8,0,128,128,256,2,32,0.0002,0.0,128,6,8.84,,,,,,,,,,,,,,0.298322,,"{""SummEval"": 0.29832181955063636}"
2026-08-31 15:31:01,hyperglot,bert-base-uncased,embedding,,baseline,glot,cosine,threshold,0,0,gat,2,cat,0.6,1.0,1.0,8,0,128,128,256,2,32,0.0002,0.0,128,7,406.97,,,,,,,,,,,,,,,3.642651,
2026-08-31 15:31:57,hyperglot,bert-base-uncased,mteb,EmotionClassification,baseline,glot,cosine,threshold,0,0,gat,2,cat,0.6,1.0,1.0,8,0,128,128,256,2,32,0.0002,0.0,128,7,44.49,,,,,,,,,,,,,,0.35355,,"{""EmotionClassification"": 0.35355}"
2026-08-31 15:33:28,hyperglot,bert-base-uncased,mteb,SciFact,baseline,glot,cosine,threshold,0,0,gat,2,cat,0.6,1.0,1.0,8,0,128,128,256,2,32,0.0002,0.0,128,7,76.8,,,,,,,,,,,,,,0.16221,,"{""SciFact"": 0.16221}"
2026-08-31 15:43:21,hyperglot,bert-base-uncased,mteb,RedditClustering,baseline,glot,cosine,threshold,0,0,gat,2,cat,0.6,1.0,1.0,8,0,128,128,256,2,32,0.0002,0.0,128,7,581.13,,,,,,,,,,,,,,0.340635,,"{""RedditClustering"": 0.3406349329440584}"
2026-08-31 15:43:49,hyperglot,bert-base-uncased,mteb,AskUbuntuDupQuestions,baseline,glot,cosine,threshold,0,0,gat,2,cat,0.6,1.0,1.0,8,0,128,128,256,2,32,0.0002,0.0,128,7,16.57,,,,,,,,,,,,,,0.47816,,"{""AskUbuntuDupQuestions"": 0.47816}"
2026-08-31 15:44:13,hyperglot,bert-base-uncased,mteb,STS12,baseline,glot,cosine,threshold,0,0,gat,2,cat,0.6,1.0,1.0,8,0,128,128,256,2,32,0.0002,0.0,128,7,11.84,,,,,,,,,,,,,,0.405151,,"{""STS12"": 0.40515089077311356}"
2026-08-31 15:44:51,hyperglot,bert-base-uncased,mteb,TwitterSemEval2015,baseline,glot,cosine,threshold,0,0,gat,2,cat,0.6,1.0,1.0,8,0,128,128,256,2,32,0.0002,0.0,128,7,25.79,,,,,,,,,,,,,,0.531471,,"{""TwitterSemEval2015"": 0.5314709219976529}"
2026-08-31 15:45:11,hyperglot,bert-base-uncased,mteb,SummEval,baseline,glot,cosine,threshold,0,0,gat,2,cat,0.6,1.0,1.0,8,0,128,128,256,2,32,0.0002,0.0,128,7,8.68,,,,,,,,,,,,,,0.29112,,"{""SummEval"": 0.29111963790161405}"
2026-08-31 15:52:13,hyperglot,bert-base-uncased,embedding,,baseline,glot,cosine,threshold,0,0,gat,2,cat,0.6,1.0,1.0,8,0,128,128,256,2,32,0.0002,0.0,128,8,410.34,,,,,,,,,,,,,,,5.09844,
2026-08-31 15:53:10,hyperglot,bert-base-uncased,mteb,EmotionClassification,baseline,glot,cosine,threshold,0,0,gat,2,cat,0.6,1.0,1.0,8,0,128,128,256,2,32,0.0002,0.0,128,8,44.74,,,,,,,,,,,,,,0.3486,,"{""EmotionClassification"": 0.3486000000000001}"
2026-08-31 15:54:40,hyperglot,bert-base-uncased,mteb,SciFact,baseline,glot,cosine,threshold,0,0,gat,2,cat,0.6,1.0,1.0,8,0,128,128,256,2,32,0.0002,0.0,128,8,76.55,,,,,,,,,,,,,,0.20447,,"{""SciFact"": 0.20447}"
2026-08-31 16:04:25,hyperglot,bert-base-uncased,mteb,RedditClustering,baseline,glot,cosine,threshold,0,0,gat,2,cat,0.6,1.0,1.0,8,0,128,128,256,2,32,0.0002,0.0,128,8,573.44,,,,,,,,,,,,,,0.35412,,"{""RedditClustering"": 0.3541200881993595}"
2026-08-31 16:04:54,hyperglot,bert-base-uncased,mteb,AskUbuntuDupQuestions,baseline,glot,cosine,threshold,0,0,gat,2,cat,0.6,1.0,1.0,8,0,128,128,256,2,32,0.0002,0.0,128,8,17.08,,,,,,,,,,,,,,0.47756,,"{""AskUbuntuDupQuestions"": 0.47756}"
2026-08-31 16:05:18,hyperglot,bert-base-uncased,mteb,STS12,baseline,glot,cosine,threshold,0,0,gat,2,cat,0.6,1.0,1.0,8,0,128,128,256,2,32,0.0002,0.0,128,8,11.87,,,,,,,,,,,,,,0.407716,,"{""STS12"": 0.40771597923125885}"
2026-08-31 16:05:56,hyperglot,bert-base-uncased,mteb,TwitterSemEval2015,baseline,glot,cosine,threshold,0,0,gat,2,cat,0.6,1.0,1.0,8,0,128,128,256,2,32,0.0002,0.0,128,8,26.33,,,,,,,,,,,,,,0.529241,,"{""TwitterSemEval2015"": 0.5292407843647281}"
2026-08-31 16:06:17,hyperglot,bert-base-uncased,mteb,SummEval,baseline,glot,cosine,threshold,0,0,gat,2,cat,0.6,1.0,1.0,8,0,128,128,256,2,32,0.0002,0.0,128,8,8.72,,,,,,,,,,,,,,0.292485,,"{""SummEval"": 0.2924846079652359}"
2026-08-31 16:13:10,hyperglot,bert-base-uncased,embedding,,baseline,glot,cosine,threshold,0,0,gat,2,cat,0.6,1.0,1.0,8,0,128,128,256,2,32,0.0002,0.0,128,9,400.94,,,,,,,,,,,,,,,5.46482,
2026-08-31 16:14:06,hyperglot,bert-base-uncased,mteb,EmotionClassification,baseline,glot,cosine,threshold,0,0,gat,2,cat,0.6,1.0,1.0,8,0,128,128,256,2,32,0.0002,0.0,128,9,44.16,,,,,,,,,,,,,,0.35515,,"{""EmotionClassification"": 0.35514999999999997}"
2026-08-31 16:15:35,hyperglot,bert-base-uncased,mteb,SciFact,baseline,glot,cosine,threshold,0,0,gat,2,cat,0.6,1.0,1.0,8,0,128,128,256,2,32,0.0002,0.0,128,9,76.43,,,,,,,,,,,,,,0.21238,,"{""SciFact"": 0.21238}"
2026-08-31 16:25:32,hyperglot,bert-base-uncased,mteb,RedditClustering,baseline,glot,cosine,threshold,0,0,gat,2,cat,0.6,1.0,1.0,8,0,128,128,256,2,32,0.0002,0.0,128,9,584.99,,,,,,,,,,,,,,0.360185,,"{""RedditClustering"": 0.36018526207701435}"
2026-08-31 16:26:01,hyperglot,bert-base-uncased,mteb,AskUbuntuDupQuestions,baseline,glot,cosine,threshold,0,0,gat,2,cat,0.6,1.0,1.0,8,0,128,128,256,2,32,0.0002,0.0,128,9,17.17,,,,,,,,,,,,,,0.48256,,"{""AskUbuntuDupQuestions"": 0.48256}"
2026-08-31 16:26:26,hyperglot,bert-base-uncased,mteb,STS12,baseline,glot,cosine,threshold,0,0,gat,2,cat,0.6,1.0,1.0,8,0,128,128,256,2,32,0.0002,0.0,128,9,12.11,,,,,,,,,,,,,,0.408581,,"{""STS12"": 0.40858097221010714}"
2026-08-31 16:27:05,hyperglot,bert-base-uncased,mteb,TwitterSemEval2015,baseline,glot,cosine,threshold,0,0,gat,2,cat,0.6,1.0,1.0,8,0,128,128,256,2,32,0.0002,0.0,128,9,27.19,,,,,,,,,,,,,,0.518413,,"{""TwitterSemEval2015"": 0.5184134449124866}"
2026-08-31 16:27:26,hyperglot,bert-base-uncased,mteb,SummEval,baseline,glot,cosine,threshold,0,0,gat,2,cat,0.6,1.0,1.0,8,0,128,128,256,2,32,0.0002,0.0,128,9,8.79,,,,,,,,,,,,,,0.296331,,"{""SummEval"": 0.29633105729137926}"
2026-08-31 16:34:27,hyperglot,bert-base-uncased,embedding,,baseline,glot,cosine,threshold,0,0,gat,2,cat,0.6,1.0,1.0,8,0,128,128,256,2,32,0.0002,0.0,128,10,408.72,,,,,,,,,,,,,,,5.213705,
2026-08-31 16:35:23,hyperglot,bert-base-uncased,mteb,EmotionClassification,baseline,glot,cosine,threshold,0,0,gat,2,cat,0.6,1.0,1.0,8,0,128,128,256,2,32,0.0002,0.0,128,10,44.19,,,,,,,,,,,,,,0.3482,,"{""EmotionClassification"": 0.34819999999999995}"
2026-08-31 16:36:52,hyperglot,bert-base-uncased,mteb,SciFact,baseline,glot,cosine,threshold,0,0,gat,2,cat,0.6,1.0,1.0,8,0,128,128,256,2,32,0.0002,0.0,128,10,76.59,,,,,,,,,,,,,,0.19431,,"{""SciFact"": 0.19431}"
2026-08-31 16:46:38,hyperglot,bert-base-uncased,mteb,RedditClustering,baseline,glot,cosine,threshold,0,0,gat,2,cat,0.6,1.0,1.0,8,0,128,128,256,2,32,0.0002,0.0,128,10,573.8,,,,,,,,,,,,,,0.370841,,"{""RedditClustering"": 0.37084129632786306}"
2026-08-31 16:47:07,hyperglot,bert-base-uncased,mteb,AskUbuntuDupQuestions,baseline,glot,cosine,threshold,0,0,gat,2,cat,0.6,1.0,1.0,8,0,128,128,256,2,32,0.0002,0.0,128,10,16.98,,,,,,,,,,,,,,0.48075,,"{""AskUbuntuDupQuestions"": 0.48075}"
2026-08-31 16:47:31,hyperglot,bert-base-uncased,mteb,STS12,baseline,glot,cosine,threshold,0,0,gat,2,cat,0.6,1.0,1.0,8,0,128,128,256,2,32,0.0002,0.0,128,10,11.98,,,,,,,,,,,,,,0.407367,,"{""STS12"": 0.40736726366827636}"
2026-08-31 16:48:09,hyperglot,bert-base-uncased,mteb,TwitterSemEval2015,baseline,glot,cosine,threshold,0,0,gat,2,cat,0.6,1.0,1.0,8,0,128,128,256,2,32,0.0002,0.0,128,10,26.19,,,,,,,,,,,,,,0.53005,,"{""TwitterSemEval2015"": 0.530050305159098}"
2026-08-31 16:48:30,hyperglot,bert-base-uncased,mteb,SummEval,baseline,glot,cosine,threshold,0,0,gat,2,cat,0.6,1.0,1.0,8,0,128,128,256,2,32,0.0002,0.0,128,10,8.61,,,,,,,,,,,,,,0.294194,,"{""SummEval"": 0.29419420534647656}"
2026-08-31 16:55:32,hyperglot,bert-base-uncased,embedding,,baseline,glot,cosine,threshold,0,0,gat,2,cat,0.6,1.0,1.0,8,0,128,128,256,2,32,0.0002,0.0,128,11,409.87,,,,,,,,,,,,,,,5.015401,
2026-08-31 16:56:29,hyperglot,bert-base-uncased,mteb,EmotionClassification,baseline,glot,cosine,threshold,0,0,gat,2,cat,0.6,1.0,1.0,8,0,128,128,256,2,32,0.0002,0.0,128,11,44.69,,,,,,,,,,,,,,0.35015,,"{""EmotionClassification"": 0.35015}"
2026-08-31 16:57:58,hyperglot,bert-base-uncased,mteb,SciFact,baseline,glot,cosine,threshold,0,0,gat,2,cat,0.6,1.0,1.0,8,0,128,128,256,2,32,0.0002,0.0,128,11,76.54,,,,,,,,,,,,,,0.19858,,"{""SciFact"": 0.19858}"
2026-08-31 17:07:54,hyperglot,bert-base-uncased,mteb,RedditClustering,baseline,glot,cosine,threshold,0,0,gat,2,cat,0.6,1.0,1.0,8,0,128,128,256,2,32,0.0002,0.0,128,11,583.46,,,,,,,,,,,,,,0.363081,,"{""RedditClustering"": 0.36308137746143965}"
2026-08-31 17:08:23,hyperglot,bert-base-uncased,mteb,AskUbuntuDupQuestions,baseline,glot,cosine,threshold,0,0,gat,2,cat,0.6,1.0,1.0,8,0,128,128,256,2,32,0.0002,0.0,128,11,17.23,,,,,,,,,,,,,,0.47976,,"{""AskUbuntuDupQuestions"": 0.47976}"
2026-08-31 17:08:47,hyperglot,bert-base-uncased,mteb,STS12,baseline,glot,cosine,threshold,0,0,gat,2,cat,0.6,1.0,1.0,8,0,128,128,256,2,32,0.0002,0.0,128,11,11.93,,,,,,,,,,,,,,0.402363,,"{""STS12"": 0.4023630961752115}"
2026-08-31 17:09:25,hyperglot,bert-base-uncased,mteb,TwitterSemEval2015,baseline,glot,cosine,threshold,0,0,gat,2,cat,0.6,1.0,1.0,8,0,128,128,256,2,32,0.0002,0.0,128,11,26.0,,,,,,,,,,,,,,0.52587,,"{""TwitterSemEval2015"": 0.5258699655093366}"
2026-08-31 17:09:45,hyperglot,bert-base-uncased,mteb,SummEval,baseline,glot,cosine,threshold,0,0,gat,2,cat,0.6,1.0,1.0,8,0,128,128,256,2,32,0.0002,0.0,128,11,8.73,,,,,,,,,,,,,,0.294231,,"{""SummEval"": 0.2942312775883717}"
2026-08-31 17:16:40,hyperglot,bert-base-uncased,embedding,,baseline,glot,cosine,threshold,0,0,gat,2,cat,0.6,1.0,1.0,8,0,128,128,256,2,32,0.0002,0.0,128,12,402.71,,,,,,,,,,,,,,,4.866782,
2026-08-31 17:17:37,hyperglot,bert-base-uncased,mteb,EmotionClassification,baseline,glot,cosine,threshold,0,0,gat,2,cat,0.6,1.0,1.0,8,0,128,128,256,2,32,0.0002,0.0,128,12,44.56,,,,,,,,,,,,,,0.3412,,"{""EmotionClassification"": 0.3412}"
2026-08-31 17:19:06,hyperglot,bert-base-uncased,mteb,SciFact,baseline,glot,cosine,threshold,0,0,gat,2,cat,0.6,1.0,1.0,8,0,128,128,256,2,32,0.0002,0.0,128,12,76.52,,,,,,,,,,,,,,0.22453,,"{""SciFact"": 0.22453}"
2026-08-31 17:28:52,hyperglot,bert-base-uncased,mteb,RedditClustering,baseline,glot,cosine,threshold,0,0,gat,2,cat,0.6,1.0,1.0,8,0,128,128,256,2,32,0.0002,0.0,128,12,573.85,,,,,,,,,,,,,,0.376154,,"{""RedditClustering"": 0.37615438596605744}"
2026-08-31 17:29:21,hyperglot,bert-base-uncased,mteb,AskUbuntuDupQuestions,baseline,glot,cosine,threshold,0,0,gat,2,cat,0.6,1.0,1.0,8,0,128,128,256,2,32,0.0002,0.0,128,12,16.84,,,,,,,,,,,,,,0.47818,,"{""AskUbuntuDupQuestions"": 0.47818}"
2026-08-31 17:29:45,hyperglot,bert-base-uncased,mteb,STS12,baseline,glot,cosine,threshold,0,0,gat,2,cat,0.6,1.0,1.0,8,0,128,128,256,2,32,0.0002,0.0,128,12,12.02,,,,,,,,,,,,,,0.435565,,"{""STS12"": 0.4355647821953351}"
2026-08-31 17:30:24,hyperglot,bert-base-uncased,mteb,TwitterSemEval2015,baseline,glot,cosine,threshold,0,0,gat,2,cat,0.6,1.0,1.0,8,0,128,128,256,2,32,0.0002,0.0,128,12,26.25,,,,,,,,,,,,,,0.529976,,"{""TwitterSemEval2015"": 0.529976152125169}"
2026-08-31 17:30:44,hyperglot,bert-base-uncased,mteb,SummEval,baseline,glot,cosine,threshold,0,0,gat,2,cat,0.6,1.0,1.0,8,0,128,128,256,2,32,0.0002,0.0,128,12,8.7,,,,,,,,,,,,,,0.28791,,"{""SummEval"": 0.2879096838145908}"
2026-08-31 17:37:45,hyperglot,bert-base-uncased,embedding,,baseline,glot,cosine,threshold,0,0,gat,2,cat,0.6,1.0,1.0,8,0,128,128,256,2,32,0.0002,0.0,128,13,408.58,,,,,,,,,,,,,,,4.584618,
2026-08-31 17:38:42,hyperglot,bert-base-uncased,mteb,EmotionClassification,baseline,glot,cosine,threshold,0,0,gat,2,cat,0.6,1.0,1.0,8,0,128,128,256,2,32,0.0002,0.0,128,13,44.75,,,,,,,,,,,,,,0.3449,,"{""EmotionClassification"": 0.34490000000000004}"
2026-08-31 17:40:12,hyperglot,bert-base-uncased,mteb,SciFact,baseline,glot,cosine,threshold,0,0,gat,2,cat,0.6,1.0,1.0,8,0,128,128,256,2,32,0.0002,0.0,128,13,76.78,,,,,,,,,,,,,,0.19461,,"{""SciFact"": 0.19461}"
2026-08-31 17:49:57,hyperglot,bert-base-uncased,mteb,RedditClustering,baseline,glot,cosine,threshold,0,0,gat,2,cat,0.6,1.0,1.0,8,0,128,128,256,2,32,0.0002,0.0,128,13,573.55,,,,,,,,,,,,,,0.362694,,"{""RedditClustering"": 0.3626936969446243}"
2026-08-31 17:50:26,hyperglot,bert-base-uncased,mteb,AskUbuntuDupQuestions,baseline,glot,cosine,threshold,0,0,gat,2,cat,0.6,1.0,1.0,8,0,128,128,256,2,32,0.0002,0.0,128,13,17.31,,,,,,,,,,,,,,0.4817,,"{""AskUbuntuDupQuestions"": 0.4817}"
2026-08-31 17:50:50,hyperglot,bert-base-uncased,mteb,STS12,baseline,glot,cosine,threshold,0,0,gat,2,cat,0.6,1.0,1.0,8,0,128,128,256,2,32,0.0002,0.0,128,13,11.95,,,,,,,,,,,,,,0.439254,,"{""STS12"": 0.43925413683942716}"
2026-08-31 17:51:29,hyperglot,bert-base-uncased,mteb,TwitterSemEval2015,baseline,glot,cosine,threshold,0,0,gat,2,cat,0.6,1.0,1.0,8,0,128,128,256,2,32,0.0002,0.0,128,13,26.57,,,,,,,,,,,,,,0.523049,,"{""TwitterSemEval2015"": 0.5230491341991826}"
2026-08-31 17:51:50,hyperglot,bert-base-uncased,mteb,SummEval,baseline,glot,cosine,threshold,0,0,gat,2,cat,0.6,1.0,1.0,8,0,128,128,256,2,32,0.0002,0.0,128,13,8.77,,,,,,,,,,,,,,0.295761,,"{""SummEval"": 0.2957610414481169}"
2026-08-31 17:58:42,hyperglot,bert-base-uncased,embedding,,baseline,glot,cosine,threshold,0,0,gat,2,cat,0.6,1.0,1.0,8,0,128,128,256,2,32,0.0002,0.0,128,14,399.75,,,,,,,,,,,,,,,4.269754,
2026-08-31 17:59:38,hyperglot,bert-base-uncased,mteb,EmotionClassification,baseline,glot,cosine,threshold,0,0,gat,2,cat,0.6,1.0,1.0,8,0,128,128,256,2,32,0.0002,0.0,128,14,44.49,,,,,,,,,,,,,,0.34895,,"{""EmotionClassification"": 0.34895}"
2026-08-31 18:01:08,hyperglot,bert-base-uncased,mteb,SciFact,baseline,glot,cosine,threshold,0,0,gat,2,cat,0.6,1.0,1.0,8,0,128,128,256,2,32,0.0002,0.0,128,14,76.73,,,,,,,,,,,,,,0.18665,,"{""SciFact"": 0.18665}"
2026-08-31 18:11:02,hyperglot,bert-base-uncased,mteb,RedditClustering,baseline,glot,cosine,threshold,0,0,gat,2,cat,0.6,1.0,1.0,8,0,128,128,256,2,32,0.0002,0.0,128,14,581.94,,,,,,,,,,,,,,0.347571,,"{""RedditClustering"": 0.34757096230424345}"
2026-08-31 18:11:31,hyperglot,bert-base-uncased,mteb,AskUbuntuDupQuestions,baseline,glot,cosine,threshold,0,0,gat,2,cat,0.6,1.0,1.0,8,0,128,128,256,2,32,0.0002,0.0,128,14,16.97,,,,,,,,,,,,,,0.47595,,"{""AskUbuntuDupQuestions"": 0.47595}"
2026-08-31 18:11:55,hyperglot,bert-base-uncased,mteb,STS12,baseline,glot,cosine,threshold,0,0,gat,2,cat,0.6,1.0,1.0,8,0,128,128,256,2,32,0.0002,0.0,128,14,12.04,,,,,,,,,,,,,,0.394167,,"{""STS12"": 0.3941669387616436}"
2026-08-31 18:12:34,hyperglot,bert-base-uncased,mteb,TwitterSemEval2015,baseline,glot,cosine,threshold,0,0,gat,2,cat,0.6,1.0,1.0,8,0,128,128,256,2,32,0.0002,0.0,128,14,26.54,,,,,,,,,,,,,,0.535557,,"{""TwitterSemEval2015"": 0.5355572642400824}"
2026-08-31 18:12:55,hyperglot,bert-base-uncased,mteb,SummEval,baseline,glot,cosine,threshold,0,0,gat,2,cat,0.6,1.0,1.0,8,0,128,128,256,2,32,0.0002,0.0,128,14,8.77,,,,,,,,,,,,,,0.292705,,"{""SummEval"": 0.29270476324212535}"
2026-08-31 18:19:56,hyperglot,bert-base-uncased,embedding,,baseline,glot,cosine,threshold,0,0,gat,2,cat,0.6,1.0,1.0,8,0,128,128,256,2,32,0.0002,0.0,128,15,408.85,,,,,,,,,,,,,,,4.635991,
2026-08-31 18:20:52,hyperglot,bert-base-uncased,mteb,EmotionClassification,baseline,glot,cosine,threshold,0,0,gat,2,cat,0.6,1.0,1.0,8,0,128,128,256,2,32,0.0002,0.0,128,15,44.29,,,,,,,,,,,,,,0.34845,,"{""EmotionClassification"": 0.34845000000000004}"
2026-08-31 18:22:22,hyperglot,bert-base-uncased,mteb,SciFact,baseline,glot,cosine,threshold,0,0,gat,2,cat,0.6,1.0,1.0,8,0,128,128,256,2,32,0.0002,0.0,128,15,76.9,,,,,,,,,,,,,,0.18533,,"{""SciFact"": 0.18533}"
2026-08-31 18:32:13,hyperglot,bert-base-uncased,mteb,RedditClustering,baseline,glot,cosine,threshold,0,0,gat,2,cat,0.6,1.0,1.0,8,0,128,128,256,2,32,0.0002,0.0,128,15,578.74,,,,,,,,,,,,,,0.345557,,"{""RedditClustering"": 0.34555714533919946}"
2026-08-31 18:32:42,hyperglot,bert-base-uncased,mteb,AskUbuntuDupQuestions,baseline,glot,cosine,threshold,0,0,gat,2,cat,0.6,1.0,1.0,8,0,128,128,256,2,32,0.0002,0.0,128,15,16.94,,,,,,,,,,,,,,0.47878,,"{""AskUbuntuDupQuestions"": 0.47878}"
2026-08-31 18:33:06,hyperglot,bert-base-uncased,mteb,STS12,baseline,glot,cosine,threshold,0,0,gat,2,cat,0.6,1.0,1.0,8,0,128,128,256,2,32,0.0002,0.0,128,15,11.85,,,,,,,,,,,,,,0.398786,,"{""STS12"": 0.39878609160056944}"
2026-08-31 18:33:44,hyperglot,bert-base-uncased,mteb,TwitterSemEval2015,baseline,glot,cosine,threshold,0,0,gat,2,cat,0.6,1.0,1.0,8,0,128,128,256,2,32,0.0002,0.0,128,15,26.14,,,,,,,,,,,,,,0.525256,,"{""TwitterSemEval2015"": 0.5252562309799009}"
2026-08-31 18:34:05,hyperglot,bert-base-uncased,mteb,SummEval,baseline,glot,cosine,threshold,0,0,gat,2,cat,0.6,1.0,1.0,8,0,128,128,256,2,32,0.0002,0.0,128,15,8.75,,,,,,,,,,,,,,0.296494,,"{""SummEval"": 0.2964937353299266}"
2026-08-31 18:42:28,hyperglot,bert-base-uncased,embedding,,A_threshold,glot,poincare,threshold,0,0,gat,2,cat,0.6,1.0,1.0,8,0,128,128,256,2,32,0.0002,0.0,128,1,491.72,,,,,,,,,,,,,,,4.49926,
2026-08-31 18:43:30,hyperglot,bert-base-uncased,mteb,EmotionClassification,A_threshold,glot,poincare,threshold,0,0,gat,2,cat,0.6,1.0,1.0,8,0,128,128,256,2,32,0.0002,0.0,128,1,49.58,,,,,,,,,,,,,,0.34765,,"{""EmotionClassification"": 0.34765}"
2026-08-31 18:44:56,hyperglot,bert-base-uncased,mteb,SciFact,A_threshold,glot,poincare,threshold,0,0,gat,2,cat,0.6,1.0,1.0,8,0,128,128,256,2,32,0.0002,0.0,128,1,66.42,,,,,,,,,,,,,,0.18044,,"{""SciFact"": 0.18044}"
2026-08-31 19:03:16,hyperglot,bert-base-uncased,mteb,RedditClustering,A_threshold,glot,poincare,threshold,0,0,gat,2,cat,0.6,1.0,1.0,8,0,128,128,256,2,32,0.0002,0.0,128,1,1087.77,,,,,,,,,,,,,,0.342669,,"{""RedditClustering"": 0.3426692997684301}"
2026-08-31 19:03:55,hyperglot,bert-base-uncased,mteb,AskUbuntuDupQuestions,A_threshold,glot,poincare,threshold,0,0,gat,2,cat,0.6,1.0,1.0,8,0,128,128,256,2,32,0.0002,0.0,128,1,27.33,,,,,,,,,,,,,,0.47801,,"{""AskUbuntuDupQuestions"": 0.47801}"
2026-08-31 19:04:28,hyperglot,bert-base-uncased,mteb,STS12,A_threshold,glot,poincare,threshold,0,0,gat,2,cat,0.6,1.0,1.0,8,0,128,128,256,2,32,0.0002,0.0,128,1,20.45,,,,,,,,,,,,,,0.397082,,"{""STS12"": 0.39708210962340607}"
2026-08-31 19:05:29,hyperglot,bert-base-uncased,mteb,TwitterSemEval2015,A_threshold,glot,poincare,threshold,0,0,gat,2,cat,0.6,1.0,1.0,8,0,128,128,256,2,32,0.0002,0.0,128,1,49.51,,,,,,,,,,,,,,0.529076,,"{""TwitterSemEval2015"": 0.5290759365952897}"
2026-08-31 19:05:54,hyperglot,bert-base-uncased,mteb,SummEval,A_threshold,glot,poincare,threshold,0,0,gat,2,cat,0.6,1.0,1.0,8,0,128,128,256,2,32,0.0002,0.0,128,1,13.07,,,,,,,,,,,,,,0.29603,,"{""SummEval"": 0.2960303896157786}"
2026-08-31 19:14:21,hyperglot,bert-base-uncased,embedding,,A_threshold,glot,poincare,threshold,0,0,gat,2,cat,0.6,1.0,1.0,8,0,128,128,256,2,32,0.0002,0.0,128,2,494.48,,,,,,,,,,,,,,,4.406836,
2026-08-31 19:15:22,hyperglot,bert-base-uncased,mteb,EmotionClassification,A_threshold,glot,poincare,threshold,0,0,gat,2,cat,0.6,1.0,1.0,8,0,128,128,256,2,32,0.0002,0.0,128,2,49.27,,,,,,,,,,,,,,0.34185,,"{""EmotionClassification"": 0.34185}"
2026-08-31 19:16:41,hyperglot,bert-base-uncased,mteb,SciFact,A_threshold,glot,poincare,threshold,0,0,gat,2,cat,0.6,1.0,1.0,8,0,128,128,256,2,32,0.0002,0.0,128,2,66.29,,,,,,,,,,,,,,0.19553,,"{""SciFact"": 0.19553}"
2026-08-31 19:35:02,hyperglot,bert-base-uncased,mteb,RedditClustering,A_threshold,glot,poincare,threshold,0,0,gat,2,cat,0.6,1.0,1.0,8,0,128,128,256,2,32,0.0002,0.0,128,2,1089.17,,,,,,,,,,,,,,0.356912,,"{""RedditClustering"": 0.3569118085931604}"
2026-08-31 19:35:46,hyperglot,bert-base-uncased,mteb,AskUbuntuDupQuestions,A_threshold,glot,poincare,threshold,0,0,gat,2,cat,0.6,1.0,1.0,8,0,128,128,256,2,32,0.0002,0.0,128,2,31.09,,,,,,,,,,,,,,0.47721,,"{""AskUbuntuDupQuestions"": 0.47721}"
2026-08-31 19:36:19,hyperglot,bert-base-uncased,mteb,STS12,A_threshold,glot,poincare,threshold,0,0,gat,2,cat,0.6,1.0,1.0,8,0,128,128,256,2,32,0.0002,0.0,128,2,20.19,,,,,,,,,,,,,,0.407295,,"{""STS12"": 0.40729469741592694}"
2026-08-31 19:37:19,hyperglot,bert-base-uncased,mteb,TwitterSemEval2015,A_threshold,glot,poincare,threshold,0,0,gat,2,cat,0.6,1.0,1.0,8,0,128,128,256,2,32,0.0002,0.0,128,2,48.43,,,,,,,,,,,,,,0.528474,,"{""TwitterSemEval2015"": 0.5284738701873725}"
2026-08-31 19:37:44,hyperglot,bert-base-uncased,mteb,SummEval,A_threshold,glot,poincare,threshold,0,0,gat,2,cat,0.6,1.0,1.0,8,0,128,128,256,2,32,0.0002,0.0,128,2,12.77,,,,,,,,,,,,,,0.295507,,"{""SummEval"": 0.2955065061448094}"
2026-08-31 19:46:21,hyperglot,bert-base-uncased,embedding,,A_threshold,glot,poincare,threshold,0,0,gat,2,cat,0.6,1.0,1.0,8,0,128,128,256,2,32,0.0002,0.0,128,3,505.51,,,,,,,,,,,,,,,3.686224,
2026-08-31 19:47:23,hyperglot,bert-base-uncased,mteb,EmotionClassification,A_threshold,glot,poincare,threshold,0,0,gat,2,cat,0.6,1.0,1.0,8,0,128,128,256,2,32,0.0002,0.0,128,3,49.52,,,,,,,,,,,,,,0.35205,,"{""EmotionClassification"": 0.3520499999999999}"
2026-08-31 19:48:42,hyperglot,bert-base-uncased,mteb,SciFact,A_threshold,glot,poincare,threshold,0,0,gat,2,cat,0.6,1.0,1.0,8,0,128,128,256,2,32,0.0002,0.0,128,3,66.33,,,,,,,,,,,,,,0.18328,,"{""SciFact"": 0.18328}"
2026-08-31 20:07:00,hyperglot,bert-base-uncased,mteb,RedditClustering,A_threshold,glot,poincare,threshold,0,0,gat,2,cat,0.6,1.0,1.0,8,0,128,128,256,2,32,0.0002,0.0,128,3,1085.73,,,,,,,,,,,,,,0.341809,,"{""RedditClustering"": 0.3418092467342238}"
2026-08-31 20:07:39,hyperglot,bert-base-uncased,mteb,AskUbuntuDupQuestions,A_threshold,glot,poincare,threshold,0,0,gat,2,cat,0.6,1.0,1.0,8,0,128,128,256,2,32,0.0002,0.0,128,3,27.35,,,,,,,,,,,,,,0.48057,,"{""AskUbuntuDupQuestions"": 0.48057}"
2026-08-31 20:08:11,hyperglot,bert-base-uncased,mteb,STS12,A_threshold,glot,poincare,threshold,0,0,gat,2,cat,0.6,1.0,1.0,8,0,128,128,256,2,32,0.0002,0.0,128,3,20.41,,,,,,,,,,,,,,0.4001,,"{""STS12"": 0.40009995170399804}"
2026-08-31 20:09:12,hyperglot,bert-base-uncased,mteb,TwitterSemEval2015,A_threshold,glot,poincare,threshold,0,0,gat,2,cat,0.6,1.0,1.0,8,0,128,128,256,2,32,0.0002,0.0,128,3,48.4,,,,,,,,,,,,,,0.537093,,"{""TwitterSemEval2015"": 0.5370932419709815}"
2026-08-31 20:09:37,hyperglot,bert-base-uncased,mteb,SummEval,A_threshold,glot,poincare,threshold,0,0,gat,2,cat,0.6,1.0,1.0,8,0,128,128,256,2,32,0.0002,0.0,128,3,12.67,,,,,,,,,,,,,,0.294168,,"{""SummEval"": 0.2941680922850798}"
2026-08-31 20:17:59,hyperglot,bert-base-uncased,embedding,,A_threshold,glot,poincare,threshold,0,0,gat,2,cat,0.6,1.0,1.0,8,0,128,128,256,2,32,0.0002,0.0,128,4,490.76,,,,,,,,,,,,,,,4.5425,
2026-08-31 20:19:01,hyperglot,bert-base-uncased,mteb,EmotionClassification,A_threshold,glot,poincare,threshold,0,0,gat,2,cat,0.6,1.0,1.0,8,0,128,128,256,2,32,0.0002,0.0,128,4,49.47,,,,,,,,,,,,,,0.3532,,"{""EmotionClassification"": 0.3532}"
2026-08-31 20:20:20,hyperglot,bert-base-uncased,mteb,SciFact,A_threshold,glot,poincare,threshold,0,0,gat,2,cat,0.6,1.0,1.0,8,0,128,128,256,2,32,0.0002,0.0,128,4,66.73,,,,,,,,,,,,,,0.21187,,"{""SciFact"": 0.21187}"
2026-08-31 20:38:53,hyperglot,bert-base-uncased,mteb,RedditClustering,A_threshold,glot,poincare,threshold,0,0,gat,2,cat,0.6,1.0,1.0,8,0,128,128,256,2,32,0.0002,0.0,128,4,1100.78,,,,,,,,,,,,,,0.358877,,"{""RedditClustering"": 0.35887686849913886}"
2026-08-31 20:39:33,hyperglot,bert-base-uncased,mteb,AskUbuntuDupQuestions,A_threshold,glot,poincare,threshold,0,0,gat,2,cat,0.6,1.0,1.0,8,0,128,128,256,2,32,0.0002,0.0,128,4,27.54,,,,,,,,,,,,,,0.48668,,"{""AskUbuntuDupQuestions"": 0.48668}"
2026-08-31 20:40:05,hyperglot,bert-base-uncased,mteb,STS12,A_threshold,glot,poincare,threshold,0,0,gat,2,cat,0.6,1.0,1.0,8,0,128,128,256,2,32,0.0002,0.0,128,4,20.55,,,,,,,,,,,,,,0.423082,,"{""STS12"": 0.42308193195753085}"
2026-08-31 20:41:05,hyperglot,bert-base-uncased,mteb,TwitterSemEval2015,A_threshold,glot,poincare,threshold,0,0,gat,2,cat,0.6,1.0,1.0,8,0,128,128,256,2,32,0.0002,0.0,128,4,47.5,,,,,,,,,,,,,,0.538816,,"{""TwitterSemEval2015"": 0.5388160502291927}"
2026-08-31 20:41:29,hyperglot,bert-base-uncased,mteb,SummEval,A_threshold,glot,poincare,threshold,0,0,gat,2,cat,0.6,1.0,1.0,8,0,128,128,256,2,32,0.0002,0.0,128,4,12.57,,,,,,,,,,,,,,0.296722,,"{""SummEval"": 0.2967223480235264}"
2026-08-31 20:49:54,hyperglot,bert-base-uncased,embedding,,A_threshold,glot,poincare,threshold,0,0,gat,2,cat,0.6,1.0,1.0,8,0,128,128,256,2,32,0.0002,0.0,128,5,492.73,,,,,,,,,,,,,,,4.994743,
2026-08-31 20:50:56,hyperglot,bert-base-uncased,mteb,EmotionClassification,A_threshold,glot,poincare,threshold,0,0,gat,2,cat,0.6,1.0,1.0,8,0,128,128,256,2,32,0.0002,0.0,128,5,50.14,,,,,,,,,,,,,,0.35535,,"{""EmotionClassification"": 0.35535}"
2026-08-31 20:52:16,hyperglot,bert-base-uncased,mteb,SciFact,A_threshold,glot,poincare,threshold,0,0,gat,2,cat,0.6,1.0,1.0,8,0,128,128,256,2,32,0.0002,0.0,128,5,66.62,,,,,,,,,,,,,,0.20811,,"{""SciFact"": 0.20811}"
2026-08-31 21:10:38,hyperglot,bert-base-uncased,mteb,RedditClustering,A_threshold,glot,poincare,threshold,0,0,gat,2,cat,0.6,1.0,1.0,8,0,128,128,256,2,32,0.0002,0.0,128,5,1090.01,,,,,,,,,,,,,,0.372657,,"{""RedditClustering"": 0.37265692372178}"
2026-08-31 21:11:18,hyperglot,bert-base-uncased,mteb,AskUbuntuDupQuestions,A_threshold,glot,poincare,threshold,0,0,gat,2,cat,0.6,1.0,1.0,8,0,128,128,256,2,32,0.0002,0.0,128,5,27.32,,,,,,,,,,,,,,0.48831,,"{""AskUbuntuDupQuestions"": 0.48831}"
2026-08-31 21:11:51,hyperglot,bert-base-uncased,mteb,STS12,A_threshold,glot,poincare,threshold,0,0,gat,2,cat,0.6,1.0,1.0,8,0,128,128,256,2,32,0.0002,0.0,128,5,20.66,,,,,,,,,,,,,,0.429974,,"{""STS12"": 0.4299737936283297}"
2026-08-31 21:12:51,hyperglot,bert-base-uncased,mteb,TwitterSemEval2015,A_threshold,glot,poincare,threshold,0,0,gat,2,cat,0.6,1.0,1.0,8,0,128,128,256,2,32,0.0002,0.0,128,5,48.58,,,,,,,,,,,,,,0.525463,,"{""TwitterSemEval2015"": 0.5254634195888852}"
2026-08-31 21:13:16,hyperglot,bert-base-uncased,mteb,SummEval,A_threshold,glot,poincare,threshold,0,0,gat,2,cat,0.6,1.0,1.0,8,0,128,128,256,2,32,0.0002,0.0,128,5,12.66,,,,,,,,,,,,,,0.296456,,"{""SummEval"": 0.2964562331383055}"
2026-08-31 21:22:08,hyperglot,bert-base-uncased,embedding,,A_threshold,glot,poincare,threshold,0,0,gat,2,cat,0.6,1.0,1.0,8,0,128,128,256,2,32,0.0002,0.0,128,6,519.74,,,,,,,,,,,,,,,4.166283,
2026-08-31 21:23:09,hyperglot,bert-base-uncased,mteb,EmotionClassification,A_threshold,glot,poincare,threshold,0,0,gat,2,cat,0.6,1.0,1.0,8,0,128,128,256,2,32,0.0002,0.0,128,6,49.66,,,,,,,,,,,,,,0.36375,,"{""EmotionClassification"": 0.36375}"
2026-08-31 21:24:29,hyperglot,bert-base-uncased,mteb,SciFact,A_threshold,glot,poincare,threshold,0,0,gat,2,cat,0.6,1.0,1.0,8,0,128,128,256,2,32,0.0002,0.0,128,6,66.15,,,,,,,,,,,,,,0.18608,,"{""SciFact"": 0.18608}"
2026-08-31 21:42:56,hyperglot,bert-base-uncased,mteb,RedditClustering,A_threshold,glot,poincare,threshold,0,0,gat,2,cat,0.6,1.0,1.0,8,0,128,128,256,2,32,0.0002,0.0,128,6,1095.84,,,,,,,,,,,,,,0.364045,,"{""RedditClustering"": 0.36404521833960923}"
2026-08-31 21:43:36,hyperglot,bert-base-uncased,mteb,AskUbuntuDupQuestions,A_threshold,glot,poincare,threshold,0,0,gat,2,cat,0.6,1.0,1.0,8,0,128,128,256,2,32,0.0002,0.0,128,6,27.23,,,,,,,,,,,,,,0.48099,,"{""AskUbuntuDupQuestions"": 0.48099}"
2026-08-31 21:44:08,hyperglot,bert-base-uncased,mteb,STS12,A_threshold,glot,poincare,threshold,0,0,gat,2,cat,0.6,1.0,1.0,8,0,128,128,256,2,32,0.0002,0.0,128,6,20.5,,,,,,,,,,,,,,0.435366,,"{""STS12"": 0.4353660057580456}"
2026-08-31 21:45:10,hyperglot,bert-base-uncased,mteb,TwitterSemEval2015,A_threshold,glot,poincare,threshold,0,0,gat,2,cat,0.6,1.0,1.0,8,0,128,128,256,2,32,0.0002,0.0,128,6,49.1,,,,,,,,,,,,,,0.523513,,"{""TwitterSemEval2015"": 0.5235125255325337}"
2026-08-31 21:45:34,hyperglot,bert-base-uncased,mteb,SummEval,A_threshold,glot,poincare,threshold,0,0,gat,2,cat,0.6,1.0,1.0,8,0,128,128,256,2,32,0.0002,0.0,128,6,12.7,,,,,,,,,,,,,,0.296764,,"{""SummEval"": 0.29676393136915097}"
2026-08-31 21:54:42,hyperglot,bert-base-uncased,embedding,,A_threshold,glot,poincare,threshold,0,0,gat,2,cat,0.6,1.0,1.0,8,0,128,128,256,2,32,0.0002,0.0,128,7,535.52,,,,,,,,,,,,,,,3.942576,
2026-08-31 21:55:43,hyperglot,bert-base-uncased,mteb,EmotionClassification,A_threshold,glot,poincare,threshold,0,0,gat,2,cat,0.6,1.0,1.0,8,0,128,128,256,2,32,0.0002,0.0,128,7,49.54,,,,,,,,,,,,,,0.3533,,"{""EmotionClassification"": 0.35330000000000006}"
2026-08-31 21:57:03,hyperglot,bert-base-uncased,mteb,SciFact,A_threshold,glot,poincare,threshold,0,0,gat,2,cat,0.6,1.0,1.0,8,0,128,128,256,2,32,0.0002,0.0,128,7,66.27,,,,,,,,,,,,,,0.17777,,"{""SciFact"": 0.17777}"
2026-08-31 22:15:24,hyperglot,bert-base-uncased,mteb,RedditClustering,A_threshold,glot,poincare,threshold,0,0,gat,2,cat,0.6,1.0,1.0,8,0,128,128,256,2,32,0.0002,0.0,128,7,1089.48,,,,,,,,,,,,,,0.372633,,"{""RedditClustering"": 0.3726325069409503}"
2026-08-31 22:16:04,hyperglot,bert-base-uncased,mteb,AskUbuntuDupQuestions,A_threshold,glot,poincare,threshold,0,0,gat,2,cat,0.6,1.0,1.0,8,0,128,128,256,2,32,0.0002,0.0,128,7,27.46,,,,,,,,,,,,,,0.47565,,"{""AskUbuntuDupQuestions"": 0.47565}"
2026-08-31 22:16:38,hyperglot,bert-base-uncased,mteb,STS12,A_threshold,glot,poincare,threshold,0,0,gat,2,cat,0.6,1.0,1.0,8,0,128,128,256,2,32,0.0002,0.0,128,7,21.23,,,,,,,,,,,,,,0.408374,,"{""STS12"": 0.40837447229978974}"
2026-08-31 22:17:38,hyperglot,bert-base-uncased,mteb,TwitterSemEval2015,A_threshold,glot,poincare,threshold,0,0,gat,2,cat,0.6,1.0,1.0,8,0,128,128,256,2,32,0.0002,0.0,128,7,48.53,,,,,,,,,,,,,,0.53715,,"{""TwitterSemEval2015"": 0.5371496889358455}"
2026-08-31 22:18:03,hyperglot,bert-base-uncased,mteb,SummEval,A_threshold,glot,poincare,threshold,0,0,gat,2,cat,0.6,1.0,1.0,8,0,128,128,256,2,32,0.0002,0.0,128,7,12.43,,,,,,,,,,,,,,0.297609,,"{""SummEval"": 0.29760889032016913}"
2026-08-31 22:26:23,hyperglot,bert-base-uncased,embedding,,A_threshold,glot,poincare,threshold,0,0,gat,2,cat,0.6,1.0,1.0,8,0,128,128,256,2,32,0.0002,0.0,128,8,488.83,,,,,,,,,,,,,,,4.745857,
2026-08-31 22:27:25,hyperglot,bert-base-uncased,mteb,EmotionClassification,A_threshold,glot,poincare,threshold,0,0,gat,2,cat,0.6,1.0,1.0,8,0,128,128,256,2,32,0.0002,0.0,128,8,49.38,,,,,,,,,,,,,,0.34915,,"{""EmotionClassification"": 0.34914999999999996}"
2026-08-31 22:28:44,hyperglot,bert-base-uncased,mteb,SciFact,A_threshold,glot,poincare,threshold,0,0,gat,2,cat,0.6,1.0,1.0,8,0,128,128,256,2,32,0.0002,0.0,128,8,66.3,,,,,,,,,,,,,,0.19154,,"{""SciFact"": 0.19154}"
2026-08-31 22:47:10,hyperglot,bert-base-uncased,mteb,RedditClustering,A_threshold,glot,poincare,threshold,0,0,gat,2,cat,0.6,1.0,1.0,8,0,128,128,256,2,32,0.0002,0.0,128,8,1093.81,,,,,,,,,,,,,,0.352937,,"{""RedditClustering"": 0.35293720332722595}"
2026-08-31 22:47:48,hyperglot,bert-base-uncased,mteb,AskUbuntuDupQuestions,A_threshold,glot,poincare,threshold,0,0,gat,2,cat,0.6,1.0,1.0,8,0,128,128,256,2,32,0.0002,0.0,128,8,26.97,,,,,,,,,,,,,,0.47868,,"{""AskUbuntuDupQuestions"": 0.47868}"
2026-08-31 22:48:21,hyperglot,bert-base-uncased,mteb,STS12,A_threshold,glot,poincare,threshold,0,0,gat,2,cat,0.6,1.0,1.0,8,0,128,128,256,2,32,0.0002,0.0,128,8,20.33,,,,,,,,,,,,,,0.39706,,"{""STS12"": 0.3970597062945279}"
2026-08-31 22:49:20,hyperglot,bert-base-uncased,mteb,TwitterSemEval2015,A_threshold,glot,poincare,threshold,0,0,gat,2,cat,0.6,1.0,1.0,8,0,128,128,256,2,32,0.0002,0.0,128,8,47.55,,,,,,,,,,,,,,0.529578,,"{""TwitterSemEval2015"": 0.529577581384642}"
2026-08-31 22:49:44,hyperglot,bert-base-uncased,mteb,SummEval,A_threshold,glot,poincare,threshold,0,0,gat,2,cat,0.6,1.0,1.0,8,0,128,128,256,2,32,0.0002,0.0,128,8,12.35,,,,,,,,,,,,,,0.290568,,"{""SummEval"": 0.2905679710365234}"
2026-08-31 22:58:08,hyperglot,bert-base-uncased,embedding,,A_threshold,glot,poincare,threshold,0,0,gat,2,cat,0.6,1.0,1.0,8,0,128,128,256,2,32,0.0002,0.0,128,9,492.3,,,,,,,,,,,,,,,5.413693,
2026-08-31 22:59:10,hyperglot,bert-base-uncased,mteb,EmotionClassification,A_threshold,glot,poincare,threshold,0,0,gat,2,cat,0.6,1.0,1.0,8,0,128,128,256,2,32,0.0002,0.0,128,9,49.64,,,,,,,,,,,,,,0.3516,,"{""EmotionClassification"": 0.35159999999999997}"
2026-08-31 23:00:29,hyperglot,bert-base-uncased,mteb,SciFact,A_threshold,glot,poincare,threshold,0,0,gat,2,cat,0.6,1.0,1.0,8,0,128,128,256,2,32,0.0002,0.0,128,9,66.3,,,,,,,,,,,,,,0.2076,,"{""SciFact"": 0.2076}"
2026-08-31 23:18:52,hyperglot,bert-base-uncased,mteb,RedditClustering,A_threshold,glot,poincare,threshold,0,0,gat,2,cat,0.6,1.0,1.0,8,0,128,128,256,2,32,0.0002,0.0,128,9,1091.08,,,,,,,,,,,,,,0.358515,,"{""RedditClustering"": 0.3585154089514991}"
2026-08-31 23:19:32,hyperglot,bert-base-uncased,mteb,AskUbuntuDupQuestions,A_threshold,glot,poincare,threshold,0,0,gat,2,cat,0.6,1.0,1.0,8,0,128,128,256,2,32,0.0002,0.0,128,9,27.3,,,,,,,,,,,,,,0.48428,,"{""AskUbuntuDupQuestions"": 0.48428}"
2026-08-31 23:20:04,hyperglot,bert-base-uncased,mteb,STS12,A_threshold,glot,poincare,threshold,0,0,gat,2,cat,0.6,1.0,1.0,8,0,128,128,256,2,32,0.0002,0.0,128,9,20.43,,,,,,,,,,,,,,0.410254,,"{""STS12"": 0.4102541680291798}"
2026-08-31 23:21:04,hyperglot,bert-base-uncased,mteb,TwitterSemEval2015,A_threshold,glot,poincare,threshold,0,0,gat,2,cat,0.6,1.0,1.0,8,0,128,128,256,2,32,0.0002,0.0,128,9,47.92,,,,,,,,,,,,,,0.519255,,"{""TwitterSemEval2015"": 0.5192553039356534}"
2026-08-31 23:21:29,hyperglot,bert-base-uncased,mteb,SummEval,A_threshold,glot,poincare,threshold,0,0,gat,2,cat,0.6,1.0,1.0,8,0,128,128,256,2,32,0.0002,0.0,128,9,12.54,,,,,,,,,,,,,,0.29722,,"{""SummEval"": 0.29721964927822747}"
2026-08-31 23:30:23,hyperglot,bert-base-uncased,embedding,,A_threshold,glot,poincare,threshold,0,0,gat,2,cat,0.6,1.0,1.0,8,0,128,128,256,2,32,0.0002,0.0,128,10,522.38,,,,,,,,,,,,,,,4.408508,
2026-08-31 23:31:24,hyperglot,bert-base-uncased,mteb,EmotionClassification,A_threshold,glot,poincare,threshold,0,0,gat,2,cat,0.6,1.0,1.0,8,0,128,128,256,2,32,0.0002,0.0,128,10,49.62,,,,,,,,,,,,,,0.35815,,"{""EmotionClassification"": 0.35814999999999997}"
2026-08-31 23:32:44,hyperglot,bert-base-uncased,mteb,SciFact,A_threshold,glot,poincare,threshold,0,0,gat,2,cat,0.6,1.0,1.0,8,0,128,128,256,2,32,0.0002,0.0,128,10,66.43,,,,,,,,,,,,,,0.21092,,"{""SciFact"": 0.21092}"
2026-08-31 23:51:08,hyperglot,bert-base-uncased,mteb,RedditClustering,A_threshold,glot,poincare,threshold,0,0,gat,2,cat,0.6,1.0,1.0,8,0,128,128,256,2,32,0.0002,0.0,128,10,1092.2,,,,,,,,,,,,,,0.370582,,"{""RedditClustering"": 0.3705820474022471}"
2026-08-31 23:51:47,hyperglot,bert-base-uncased,mteb,AskUbuntuDupQuestions,A_threshold,glot,poincare,threshold,0,0,gat,2,cat,0.6,1.0,1.0,8,0,128,128,256,2,32,0.0002,0.0,128,10,27.31,,,,,,,,,,,,,,0.48151,,"{""AskUbuntuDupQuestions"": 0.48151}"
2026-08-31 23:52:19,hyperglot,bert-base-uncased,mteb,STS12,A_threshold,glot,poincare,threshold,0,0,gat,2,cat,0.6,1.0,1.0,8,0,128,128,256,2,32,0.0002,0.0,128,10,20.34,,,,,,,,,,,,,,0.421211,,"{""STS12"": 0.42121112983485354}"
2026-08-31 23:53:20,hyperglot,bert-base-uncased,mteb,TwitterSemEval2015,A_threshold,glot,poincare,threshold,0,0,gat,2,cat,0.6,1.0,1.0,8,0,128,128,256,2,32,0.0002,0.0,128,10,48.55,,,,,,,,,,,,,,0.52912,,"{""TwitterSemEval2015"": 0.5291199155980438}"
2026-08-31 23:53:45,hyperglot,bert-base-uncased,mteb,SummEval,A_threshold,glot,poincare,threshold,0,0,gat,2,cat,0.6,1.0,1.0,8,0,128,128,256,2,32,0.0002,0.0,128,10,12.66,,,,,,,,,,,,,,0.290076,,"{""SummEval"": 0.2900762023736531}"
2026-09-01 00:02:27,hyperglot,bert-base-uncased,embedding,,A_threshold,glot,poincare,threshold,0,0,gat,2,cat,0.6,1.0,1.0,8,0,128,128,256,2,32,0.0002,0.0,128,11,510.69,,,,,,,,,,,,,,,4.893515,
2026-09-01 00:03:29,hyperglot,bert-base-uncased,mteb,EmotionClassification,A_threshold,glot,poincare,threshold,0,0,gat,2,cat,0.6,1.0,1.0,8,0,128,128,256,2,32,0.0002,0.0,128,11,49.87,,,,,,,,,,,,,,0.35115,,"{""EmotionClassification"": 0.35114999999999996}"
2026-09-01 00:04:49,hyperglot,bert-base-uncased,mteb,SciFact,A_threshold,glot,poincare,threshold,0,0,gat,2,cat,0.6,1.0,1.0,8,0,128,128,256,2,32,0.0002,0.0,128,11,66.69,,,,,,,,,,,,,,0.21339,,"{""SciFact"": 0.21339}"
2026-09-01 00:23:21,hyperglot,bert-base-uncased,mteb,RedditClustering,A_threshold,glot,poincare,threshold,0,0,gat,2,cat,0.6,1.0,1.0,8,0,128,128,256,2,32,0.0002,0.0,128,11,1099.2,,,,,,,,,,,,,,0.370136,,"{""RedditClustering"": 0.3701361441108484}"
2026-09-01 00:23:59,hyperglot,bert-base-uncased,mteb,AskUbuntuDupQuestions,A_threshold,glot,poincare,threshold,0,0,gat,2,cat,0.6,1.0,1.0,8,0,128,128,256,2,32,0.0002,0.0,128,11,26.75,,,,,,,,,,,,,,0.48861,,"{""AskUbuntuDupQuestions"": 0.48861}"
2026-09-01 00:24:32,hyperglot,bert-base-uncased,mteb,STS12,A_threshold,glot,poincare,threshold,0,0,gat,2,cat,0.6,1.0,1.0,8,0,128,128,256,2,32,0.0002,0.0,128,11,20.64,,,,,,,,,,,,,,0.427059,,"{""STS12"": 0.42705873506065045}"
2026-09-01 00:25:32,hyperglot,bert-base-uncased,mteb,TwitterSemEval2015,A_threshold,glot,poincare,threshold,0,0,gat,2,cat,0.6,1.0,1.0,8,0,128,128,256,2,32,0.0002,0.0,128,11,48.1,,,,,,,,,,,,,,0.529911,,"{""TwitterSemEval2015"": 0.5299107356045019}"
2026-09-01 00:25:57,hyperglot,bert-base-uncased,mteb,SummEval,A_threshold,glot,poincare,threshold,0,0,gat,2,cat,0.6,1.0,1.0,8,0,128,128,256,2,32,0.0002,0.0,128,11,12.48,,,,,,,,,,,,,,0.292389,,"{""SummEval"": 0.2923889190061358}"
2026-09-01 00:34:44,hyperglot,bert-base-uncased,embedding,,A_threshold,glot,poincare,threshold,0,0,gat,2,cat,0.6,1.0,1.0,8,0,128,128,256,2,32,0.0002,0.0,128,12,515.38,,,,,,,,,,,,,,,4.7768,
2026-09-01 00:35:46,hyperglot,bert-base-uncased,mteb,EmotionClassification,A_threshold,glot,poincare,threshold,0,0,gat,2,cat,0.6,1.0,1.0,8,0,128,128,256,2,32,0.0002,0.0,128,12,49.69,,,,,,,,,,,,,,0.3447,,"{""EmotionClassification"": 0.3447}"
2026-09-01 00:37:05,hyperglot,bert-base-uncased,mteb,SciFact,A_threshold,glot,poincare,threshold,0,0,gat,2,cat,0.6,1.0,1.0,8,0,128,128,256,2,32,0.0002,0.0,128,12,66.26,,,,,,,,,,,,,,0.21436,,"{""SciFact"": 0.21436}"
2026-09-01 00:55:26,hyperglot,bert-base-uncased,mteb,RedditClustering,A_threshold,glot,poincare,threshold,0,0,gat,2,cat,0.6,1.0,1.0,8,0,128,128,256,2,32,0.0002,0.0,128,12,1088.67,,,,,,,,,,,,,,0.373565,,"{""RedditClustering"": 0.3735646569521565}"
2026-09-01 00:56:05,hyperglot,bert-base-uncased,mteb,AskUbuntuDupQuestions,A_threshold,glot,poincare,threshold,0,0,gat,2,cat,0.6,1.0,1.0,8,0,128,128,256,2,32,0.0002,0.0,128,12,27.49,,,,,,,,,,,,,,0.47923,,"{""AskUbuntuDupQuestions"": 0.47923}"
2026-09-01 00:56:38,hyperglot,bert-base-uncased,mteb,STS12,A_threshold,glot,poincare,threshold,0,0,gat,2,cat,0.6,1.0,1.0,8,0,128,128,256,2,32,0.0002,0.0,128,12,20.63,,,,,,,,,,,,,,0.442712,,"{""STS12"": 0.44271165960953424}"
2026-09-01 00:57:40,hyperglot,bert-base-uncased,mteb,TwitterSemEval2015,A_threshold,glot,poincare,threshold,0,0,gat,2,cat,0.6,1.0,1.0,8,0,128,128,256,2,32,0.0002,0.0,128,12,49.65,,,,,,,,,,,,,,0.527378,,"{""TwitterSemEval2015"": 0.5273784987461423}"
2026-09-01 00:58:05,hyperglot,bert-base-uncased,mteb,SummEval,A_threshold,glot,poincare,threshold,0,0,gat,2,cat,0.6,1.0,1.0,8,0,128,128,256,2,32,0.0002,0.0,128,12,12.78,,,,,,,,,,,,,,0.289177,,"{""SummEval"": 0.2891773139595344}"
2026-09-01 01:06:52,hyperglot,bert-base-uncased,embedding,,A_threshold,glot,poincare,threshold,0,0,gat,2,cat,0.6,1.0,1.0,8,0,128,128,256,2,32,0.0002,0.0,128,13,515.26,,,,,,,,,,,,,,,5.013701,
2026-09-01 01:07:54,hyperglot,bert-base-uncased,mteb,EmotionClassification,A_threshold,glot,poincare,threshold,0,0,gat,2,cat,0.6,1.0,1.0,8,0,128,128,256,2,32,0.0002,0.0,128,13,49.5,,,,,,,,,,,,,,0.3465,,"{""EmotionClassification"": 0.3465}"
2026-09-01 01:09:13,hyperglot,bert-base-uncased,mteb,SciFact,A_threshold,glot,poincare,threshold,0,0,gat,2,cat,0.6,1.0,1.0,8,0,128,128,256,2,32,0.0002,0.0,128,13,66.52,,,,,,,,,,,,,,0.19809,,"{""SciFact"": 0.19809}"
2026-09-01 01:27:36,hyperglot,bert-base-uncased,mteb,RedditClustering,A_threshold,glot,poincare,threshold,0,0,gat,2,cat,0.6,1.0,1.0,8,0,128,128,256,2,32,0.0002,0.0,128,13,1091.05,,,,,,,,,,,,,,0.362832,,"{""RedditClustering"": 0.3628315537979593}"
2026-09-01 01:28:15,hyperglot,bert-base-uncased,mteb,AskUbuntuDupQuestions,A_threshold,glot,poincare,threshold,0,0,gat,2,cat,0.6,1.0,1.0,8,0,128,128,256,2,32,0.0002,0.0,128,13,27.26,,,,,,,,,,,,,,0.48604,,"{""AskUbuntuDupQuestions"": 0.48604}"
2026-09-01 01:28:48,hyperglot,bert-base-uncased,mteb,STS12,A_threshold,glot,poincare,threshold,0,0,gat,2,cat,0.6,1.0,1.0,8,0,128,128,256,2,32,0.0002,0.0,128,13,20.5,,,,,,,,,,,,,,0.43485,,"{""STS12"": 0.43485019089661275}"
2026-09-01 01:29:48,hyperglot,bert-base-uncased,mteb,TwitterSemEval2015,A_threshold,glot,poincare,threshold,0,0,gat,2,cat,0.6,1.0,1.0,8,0,128,128,256,2,32,0.0002,0.0,128,13,48.27,,,,,,,,,,,,,,0.522565,,"{""TwitterSemEval2015"": 0.5225651774856571}"
2026-09-01 01:30:13,hyperglot,bert-base-uncased,mteb,SummEval,A_threshold,glot,poincare,threshold,0,0,gat,2,cat,0.6,1.0,1.0,8,0,128,128,256,2,32,0.0002,0.0,128,13,12.73,,,,,,,,,,,,,,0.294341,,"{""SummEval"": 0.2943412383342381}"
2026-09-01 01:38:47,hyperglot,bert-base-uncased,embedding,,A_threshold,glot,poincare,threshold,0,0,gat,2,cat,0.6,1.0,1.0,8,0,128,128,256,2,32,0.0002,0.0,128,14,502.14,,,,,,,,,,,,,,,4.09156,
2026-09-01 01:39:49,hyperglot,bert-base-uncased,mteb,EmotionClassification,A_threshold,glot,poincare,threshold,0,0,gat,2,cat,0.6,1.0,1.0,8,0,128,128,256,2,32,0.0002,0.0,128,14,49.84,,,,,,,,,,,,,,0.3525,,"{""EmotionClassification"": 0.3525}"
2026-09-01 01:41:08,hyperglot,bert-base-uncased,mteb,SciFact,A_threshold,glot,poincare,threshold,0,0,gat,2,cat,0.6,1.0,1.0,8,0,128,128,256,2,32,0.0002,0.0,128,14,66.45,,,,,,,,,,,,,,0.18753,,"{""SciFact"": 0.18753}"
2026-09-01 01:59:46,hyperglot,bert-base-uncased,mteb,RedditClustering,A_threshold,glot,poincare,threshold,0,0,gat,2,cat,0.6,1.0,1.0,8,0,128,128,256,2,32,0.0002,0.0,128,14,1105.54,,,,,,,,,,,,,,0.361626,,"{""RedditClustering"": 0.3616257695991548}"
2026-09-01 02:00:25,hyperglot,bert-base-uncased,mteb,AskUbuntuDupQuestions,A_threshold,glot,poincare,threshold,0,0,gat,2,cat,0.6,1.0,1.0,8,0,128,128,256,2,32,0.0002,0.0,128,14,27.19,,,,,,,,,,,,,,0.48023,,"{""AskUbuntuDupQuestions"": 0.48023}"
2026-09-01 02:00:58,hyperglot,bert-base-uncased,mteb,STS12,A_threshold,glot,poincare,threshold,0,0,gat,2,cat,0.6,1.0,1.0,8,0,128,128,256,2,32,0.0002,0.0,128,14,20.67,,,,,,,,,,,,,,0.403454,,"{""STS12"": 0.4034543370886455}"
2026-09-01 02:01:59,hyperglot,bert-base-uncased,mteb,TwitterSemEval2015,A_threshold,glot,poincare,threshold,0,0,gat,2,cat,0.6,1.0,1.0,8,0,128,128,256,2,32,0.0002,0.0,128,14,49.18,,,,,,,,,,,,,,0.536702,,"{""TwitterSemEval2015"": 0.536701998153987}"
2026-09-01 02:02:24,hyperglot,bert-base-uncased,mteb,SummEval,A_threshold,glot,poincare,threshold,0,0,gat,2,cat,0.6,1.0,1.0,8,0,128,128,256,2,32,0.0002,0.0,128,14,12.72,,,,,,,,,,,,,,0.29776,,"{""SummEval"": 0.2977601494429588}"
2026-09-01 02:11:15,hyperglot,bert-base-uncased,embedding,,A_threshold,glot,poincare,threshold,0,0,gat,2,cat,0.6,1.0,1.0,8,0,128,128,256,2,32,0.0002,0.0,128,15,519.18,,,,,,,,,,,,,,,4.909044,
2026-09-01 02:12:17,hyperglot,bert-base-uncased,mteb,EmotionClassification,A_threshold,glot,poincare,threshold,0,0,gat,2,cat,0.6,1.0,1.0,8,0,128,128,256,2,32,0.0002,0.0,128,15,49.61,,,,,,,,,,,,,,0.3539,,"{""EmotionClassification"": 0.3539}"
2026-09-01 02:13:37,hyperglot,bert-base-uncased,mteb,SciFact,A_threshold,glot,poincare,threshold,0,0,gat,2,cat,0.6,1.0,1.0,8,0,128,128,256,2,32,0.0002,0.0,128,15,66.45,,,,,,,,,,,,,,0.19778,,"{""SciFact"": 0.19778}"
2026-09-01 02:32:00,hyperglot,bert-base-uncased,mteb,RedditClustering,A_threshold,glot,poincare,threshold,0,0,gat,2,cat,0.6,1.0,1.0,8,0,128,128,256,2,32,0.0002,0.0,128,15,1091.34,,,,,,,,,,,,,,0.360164,,"{""RedditClustering"": 0.3601639509309985}"
2026-09-01 02:32:39,hyperglot,bert-base-uncased,mteb,AskUbuntuDupQuestions,A_threshold,glot,poincare,threshold,0,0,gat,2,cat,0.6,1.0,1.0,8,0,128,128,256,2,32,0.0002,0.0,128,15,27.32,,,,,,,,,,,,,,0.47985,,"{""AskUbuntuDupQuestions"": 0.47985}"
2026-09-01 02:33:11,hyperglot,bert-base-uncased,mteb,STS12,A_threshold,glot,poincare,threshold,0,0,gat,2,cat,0.6,1.0,1.0,8,0,128,128,256,2,32,0.0002,0.0,128,15,20.43,,,,,,,,,,,,,,0.407704,,"{""STS12"": 0.40770437937361365}"
2026-09-01 02:34:12,hyperglot,bert-base-uncased,mteb,TwitterSemEval2015,A_threshold,glot,poincare,threshold,0,0,gat,2,cat,0.6,1.0,1.0,8,0,128,128,256,2,32,0.0002,0.0,128,15,48.16,,,,,,,,,,,,,,0.522904,,"{""TwitterSemEval2015"": 0.5229042392831259}"
2026-09-01 02:34:36,hyperglot,bert-base-uncased,mteb,SummEval,A_threshold,glot,poincare,threshold,0,0,gat,2,cat,0.6,1.0,1.0,8,0,128,128,256,2,32,0.0002,0.0,128,15,12.6,,,,,,,,,,,,,,0.283428,,"{""SummEval"": 0.2834275999359039}"
2026-09-01 02:42:33,hyperglot,bert-base-uncased,embedding,,B_threshold,glot,cosine,threshold,0,1,gat,2,cat,0.6,1.0,1.0,8,0,128,128,256,2,32,0.0002,0.0,128,1,465.42,,,,,,,,,,,,,,,1.612316,
2026-09-01 02:43:31,hyperglot,bert-base-uncased,mteb,EmotionClassification,B_threshold,glot,cosine,threshold,0,1,gat,2,cat,0.6,1.0,1.0,8,0,128,128,256,2,32,0.0002,0.0,128,1,45.66,,,,,,,,,,,,,,0.32005,,"{""EmotionClassification"": 0.32004999999999995}"
2026-09-01 02:45:02,hyperglot,bert-base-uncased,mteb,SciFact,B_threshold,glot,cosine,threshold,0,1,gat,2,cat,0.6,1.0,1.0,8,0,128,128,256,2,32,0.0002,0.0,128,1,78.08,,,,,,,,,,,,,,0.24425,,"{""SciFact"": 0.24425}"
2026-09-01 02:55:25,hyperglot,bert-base-uncased,mteb,RedditClustering,B_threshold,glot,cosine,threshold,0,1,gat,2,cat,0.6,1.0,1.0,8,0,128,128,256,2,32,0.0002,0.0,128,1,611.66,,,,,,,,,,,,,,0.357847,,"{""RedditClustering"": 0.35784678677235193}"
2026-09-01 02:55:56,hyperglot,bert-base-uncased,mteb,AskUbuntuDupQuestions,B_threshold,glot,cosine,threshold,0,1,gat,2,cat,0.6,1.0,1.0,8,0,128,128,256,2,32,0.0002,0.0,128,1,18.51,,,,,,,,,,,,,,0.47434,,"{""AskUbuntuDupQuestions"": 0.47434}"
2026-09-01 02:56:21,hyperglot,bert-base-uncased,mteb,STS12,B_threshold,glot,cosine,threshold,0,1,gat,2,cat,0.6,1.0,1.0,8,0,128,128,256,2,32,0.0002,0.0,128,1,13.11,,,,,,,,,,,,,,0.512267,,"{""STS12"": 0.5122666233955859}"
2026-09-01 02:57:01,hyperglot,bert-base-uncased,mteb,TwitterSemEval2015,B_threshold,glot,cosine,threshold,0,1,gat,2,cat,0.6,1.0,1.0,8,0,128,128,256,2,32,0.0002,0.0,128,1,28.5,,,,,,,,,,,,,,0.370352,,"{""TwitterSemEval2015"": 0.3703518657660315}"
2026-09-01 02:57:23,hyperglot,bert-base-uncased,mteb,SummEval,B_threshold,glot,cosine,threshold,0,1,gat,2,cat,0.6,1.0,1.0,8,0,128,128,256,2,32,0.0002,0.0,128,1,9.71,,,,,,,,,,,,,,0.266178,,"{""SummEval"": 0.2661783727528283}"
2026-09-01 03:04:37,hyperglot,bert-base-uncased,embedding,,B_threshold,glot,cosine,threshold,0,1,gat,2,cat,0.6,1.0,1.0,8,0,128,128,256,2,32,0.0002,0.0,128,2,422.0,,,,,,,,,,,,,,,1.609545,
2026-09-01 03:05:35,hyperglot,bert-base-uncased,mteb,EmotionClassification,B_threshold,glot,cosine,threshold,0,1,gat,2,cat,0.6,1.0,1.0,8,0,128,128,256,2,32,0.0002,0.0,128,2,45.66,,,,,,,,,,,,,,0.3284,,"{""EmotionClassification"": 0.32839999999999997}"
2026-09-01 03:07:06,hyperglot,bert-base-uncased,mteb,SciFact,B_threshold,glot,cosine,threshold,0,1,gat,2,cat,0.6,1.0,1.0,8,0,128,128,256,2,32,0.0002,0.0,128,2,78.33,,,,,,,,,,,,,,0.25288,,"{""SciFact"": 0.25288}"
2026-09-01 03:17:29,hyperglot,bert-base-uncased,mteb,RedditClustering,B_threshold,glot,cosine,threshold,0,1,gat,2,cat,0.6,1.0,1.0,8,0,128,128,256,2,32,0.0002,0.0,128,2,611.06,,,,,,,,,,,,,,0.353395,,"{""RedditClustering"": 0.3533951114992754}"
2026-09-01 03:17:59,hyperglot,bert-base-uncased,mteb,AskUbuntuDupQuestions,B_threshold,glot,cosine,threshold,0,1,gat,2,cat,0.6,1.0,1.0,8,0,128,128,256,2,32,0.0002,0.0,128,2,17.93,,,,,,,,,,,,,,0.46419,,"{""AskUbuntuDupQuestions"": 0.46419}"
2026-09-01 03:18:24,hyperglot,bert-base-uncased,mteb,STS12,B_threshold,glot,cosine,threshold,0,1,gat,2,cat,0.6,1.0,1.0,8,0,128,128,256,2,32,0.0002,0.0,128,2,12.98,,,,,,,,,,,,,,0.516805,,"{""STS12"": 0.5168050070124887}"
2026-09-01 03:19:04,hyperglot,bert-base-uncased,mteb,TwitterSemEval2015,B_threshold,glot,cosine,threshold,0,1,gat,2,cat,0.6,1.0,1.0,8,0,128,128,256,2,32,0.0002,0.0,128,2,27.88,,,,,,,,,,,,,,0.364344,,"{""TwitterSemEval2015"": 0.3643443399677026}"
2026-09-01 03:19:26,hyperglot,bert-base-uncased,mteb,SummEval,B_threshold,glot,cosine,threshold,0,1,gat,2,cat,0.6,1.0,1.0,8,0,128,128,256,2,32,0.0002,0.0,128,2,9.62,,,,,,,,,,,,,,0.293343,,"{""SummEval"": 0.29334270677530677}"
2026-09-01 03:26:44,hyperglot,bert-base-uncased,embedding,,B_threshold,glot,cosine,threshold,0,1,gat,2,cat,0.6,1.0,1.0,8,0,128,128,256,2,32,0.0002,0.0,128,3,426.05,,,,,,,,,,,,,,,1.576739,
2026-09-01 03:27:41,hyperglot,bert-base-uncased,mteb,EmotionClassification,B_threshold,glot,cosine,threshold,0,1,gat,2,cat,0.6,1.0,1.0,8,0,128,128,256,2,32,0.0002,0.0,128,3,45.63,,,,,,,,,,,,,,0.31085,,"{""EmotionClassification"": 0.31084999999999996}"
2026-09-01 03:29:12,hyperglot,bert-base-uncased,mteb,SciFact,B_threshold,glot,cosine,threshold,0,1,gat,2,cat,0.6,1.0,1.0,8,0,128,128,256,2,32,0.0002,0.0,128,3,78.04,,,,,,,,,,,,,,0.2508,,"{""SciFact"": 0.2508}"
2026-09-01 03:39:41,hyperglot,bert-base-uncased,mteb,RedditClustering,B_threshold,glot,cosine,threshold,0,1,gat,2,cat,0.6,1.0,1.0,8,0,128,128,256,2,32,0.0002,0.0,128,3,616.46,,,,,,,,,,,,,,0.357066,,"{""RedditClustering"": 0.35706589289766044}"
2026-09-01 03:40:12,hyperglot,bert-base-uncased,mteb,AskUbuntuDupQuestions,B_threshold,glot,cosine,threshold,0,1,gat,2,cat,0.6,1.0,1.0,8,0,128,128,256,2,32,0.0002,0.0,128,3,18.77,,,,,,,,,,,,,,0.4784,,"{""AskUbuntuDupQuestions"": 0.4784}"
2026-09-01 03:40:37,hyperglot,bert-base-uncased,mteb,STS12,B_threshold,glot,cosine,threshold,0,1,gat,2,cat,0.6,1.0,1.0,8,0,128,128,256,2,32,0.0002,0.0,128,3,13.21,,,,,,,,,,,,,,0.51384,,"{""STS12"": 0.5138400342287971}"
2026-09-01 03:41:18,hyperglot,bert-base-uncased,mteb,TwitterSemEval2015,B_threshold,glot,cosine,threshold,0,1,gat,2,cat,0.6,1.0,1.0,8,0,128,128,256,2,32,0.0002,0.0,128,3,28.55,,,,,,,,,,,,,,0.378743,,"{""TwitterSemEval2015"": 0.37874268027460317}"
2026-09-01 03:41:40,hyperglot,bert-base-uncased,mteb,SummEval,B_threshold,glot,cosine,threshold,0,1,gat,2,cat,0.6,1.0,1.0,8,0,128,128,256,2,32,0.0002,0.0,128,3,9.69,,,,,,,,,,,,,,0.28833,,"{""SummEval"": 0.2883298948320188}"
2026-09-01 03:48:54,hyperglot,bert-base-uncased,embedding,,B_threshold,glot,cosine,threshold,0,1,gat,2,cat,0.6,1.0,1.0,8,0,128,128,256,2,32,0.0002,0.0,128,4,422.46,,,,,,,,,,,,,,,1.669812,
2026-09-01 03:49:52,hyperglot,bert-base-uncased,mteb,EmotionClassification,B_threshold,glot,cosine,threshold,0,1,gat,2,cat,0.6,1.0,1.0,8,0,128,128,256,2,32,0.0002,0.0,128,4,45.86,,,,,,,,,,,,,,0.31725,,"{""EmotionClassification"": 0.31725}"
2026-09-01 03:51:24,hyperglot,bert-base-uncased,mteb,SciFact,B_threshold,glot,cosine,threshold,0,1,gat,2,cat,0.6,1.0,1.0,8,0,128,128,256,2,32,0.0002,0.0,128,4,78.37,,,,,,,,,,,,,,0.21853,,"{""SciFact"": 0.21853}"
2026-09-01 04:01:58,hyperglot,bert-base-uncased,mteb,RedditClustering,B_threshold,glot,cosine,threshold,0,1,gat,2,cat,0.6,1.0,1.0,8,0,128,128,256,2,32,0.0002,0.0,128,4,621.63,,,,,,,,,,,,,,0.35916,,"{""RedditClustering"": 0.35915981339706987}"
2026-09-01 04:02:28,hyperglot,bert-base-uncased,mteb,AskUbuntuDupQuestions,B_threshold,glot,cosine,threshold,0,1,gat,2,cat,0.6,1.0,1.0,8,0,128,128,256,2,32,0.0002,0.0,128,4,18.21,,,,,,,,,,,,,,0.48749,,"{""AskUbuntuDupQuestions"": 0.48749}"
2026-09-01 04:02:53,hyperglot,bert-base-uncased,mteb,STS12,B_threshold,glot,cosine,threshold,0,1,gat,2,cat,0.6,1.0,1.0,8,0,128,128,256,2,32,0.0002,0.0,128,4,13.07,,,,,,,,,,,,,,0.519322,,"{""STS12"": 0.5193217594707168}"
2026-09-01 04:03:33,hyperglot,bert-base-uncased,mteb,TwitterSemEval2015,B_threshold,glot,cosine,threshold,0,1,gat,2,cat,0.6,1.0,1.0,8,0,128,128,256,2,32,0.0002,0.0,128,4,28.37,,,,,,,,,,,,,,0.374706,,"{""TwitterSemEval2015"": 0.3747055816180054}"
2026-09-01 04:03:55,hyperglot,bert-base-uncased,mteb,SummEval,B_threshold,glot,cosine,threshold,0,1,gat,2,cat,0.6,1.0,1.0,8,0,128,128,256,2,32,0.0002,0.0,128,4,9.7,,,,,,,,,,,,,,0.291242,,"{""SummEval"": 0.2912423764788442}"
2026-09-01 04:11:12,hyperglot,bert-base-uncased,embedding,,B_threshold,glot,cosine,threshold,0,1,gat,2,cat,0.6,1.0,1.0,8,0,128,128,256,2,32,0.0002,0.0,128,5,424.8,,,,,,,,,,,,,,,1.592838,
2026-09-01 04:12:10,hyperglot,bert-base-uncased,mteb,EmotionClassification,B_threshold,glot,cosine,threshold,0,1,gat,2,cat,0.6,1.0,1.0,8,0,128,128,256,2,32,0.0002,0.0,128,5,45.76,,,,,,,,,,,,,,0.3039,,"{""EmotionClassification"": 0.30389999999999995}"
2026-09-01 04:13:41,hyperglot,bert-base-uncased,mteb,SciFact,B_threshold,glot,cosine,threshold,0,1,gat,2,cat,0.6,1.0,1.0,8,0,128,128,256,2,32,0.0002,0.0,128,5,77.99,,,,,,,,,,,,,,0.22155,,"{""SciFact"": 0.22155}"
2026-09-01 04:24:03,hyperglot,bert-base-uncased,mteb,RedditClustering,B_threshold,glot,cosine,threshold,0,1,gat,2,cat,0.6,1.0,1.0,8,0,128,128,256,2,32,0.0002,0.0,128,5,609.72,,,,,,,,,,,,,,0.360803,,"{""RedditClustering"": 0.3608029161648727}"
2026-09-01 04:24:33,hyperglot,bert-base-uncased,mteb,AskUbuntuDupQuestions,B_threshold,glot,cosine,threshold,0,1,gat,2,cat,0.6,1.0,1.0,8,0,128,128,256,2,32,0.0002,0.0,128,5,18.22,,,,,,,,,,,,,,0.47604,,"{""AskUbuntuDupQuestions"": 0.47604}"
2026-09-01 04:24:58,hyperglot,bert-base-uncased,mteb,STS12,B_threshold,glot,cosine,threshold,0,1,gat,2,cat,0.6,1.0,1.0,8,0,128,128,256,2,32,0.0002,0.0,128,5,13.44,,,,,,,,,,,,,,0.513192,,"{""STS12"": 0.5131915380220833}"
2026-09-01 04:25:38,hyperglot,bert-base-uncased,mteb,TwitterSemEval2015,B_threshold,glot,cosine,threshold,0,1,gat,2,cat,0.6,1.0,1.0,8,0,128,128,256,2,32,0.0002,0.0,128,5,28.0,,,,,,,,,,,,,,0.373291,,"{""TwitterSemEval2015"": 0.37329075968412195}"
2026-09-01 04:26:00,hyperglot,bert-base-uncased,mteb,SummEval,B_threshold,glot,cosine,threshold,0,1,gat,2,cat,0.6,1.0,1.0,8,0,128,128,256,2,32,0.0002,0.0,128,5,9.68,,,,,,,,,,,,,,0.285013,,"{""SummEval"": 0.2850126276734417}"
2026-09-01 04:33:13,hyperglot,bert-base-uncased,embedding,,B_threshold,glot,cosine,threshold,0,1,gat,2,cat,0.6,1.0,1.0,8,0,128,128,256,2,32,0.0002,0.0,128,6,420.97,,,,,,,,,,,,,,,1.509582,
2026-09-01 04:34:11,hyperglot,bert-base-uncased,mteb,EmotionClassification,B_threshold,glot,cosine,threshold,0,1,gat,2,cat,0.6,1.0,1.0,8,0,128,128,256,2,32,0.0002,0.0,128,6,45.53,,,,,,,,,,,,,,0.32695,,"{""EmotionClassification"": 0.32695}"
2026-09-01 04:35:42,hyperglot,bert-base-uncased,mteb,SciFact,B_threshold,glot,cosine,threshold,0,1,gat,2,cat,0.6,1.0,1.0,8,0,128,128,256,2,32,0.0002,0.0,128,6,77.92,,,,,,,,,,,,,,0.22174,,"{""SciFact"": 0.22174}"
2026-09-01 04:45:58,hyperglot,bert-base-uncased,mteb,RedditClustering,B_threshold,glot,cosine,threshold,0,1,gat,2,cat,0.6,1.0,1.0,8,0,128,128,256,2,32,0.0002,0.0,128,6,604.47,,,,,,,,,,,,,,0.353162,,"{""RedditClustering"": 0.3531618677429726}"
2026-09-01 04:46:29,hyperglot,bert-base-uncased,mteb,AskUbuntuDupQuestions,B_threshold,glot,cosine,threshold,0,1,gat,2,cat,0.6,1.0,1.0,8,0,128,128,256,2,32,0.0002,0.0,128,6,18.39,,,,,,,,,,,,,,0.4702,,"{""AskUbuntuDupQuestions"": 0.4702}"
2026-09-01 04:46:54,hyperglot,bert-base-uncased,mteb,STS12,B_threshold,glot,cosine,threshold,0,1,gat,2,cat,0.6,1.0,1.0,8,0,128,128,256,2,32,0.0002,0.0,128,6,13.15,,,,,,,,,,,,,,0.524591,,"{""STS12"": 0.5245908779138139}"
2026-09-01 04:47:35,hyperglot,bert-base-uncased,mteb,TwitterSemEval2015,B_threshold,glot,cosine,threshold,0,1,gat,2,cat,0.6,1.0,1.0,8,0,128,128,256,2,32,0.0002,0.0,128,6,28.79,,,,,,,,,,,,,,0.374948,,"{""TwitterSemEval2015"": 0.37494847604511466}"
2026-09-01 04:47:56,hyperglot,bert-base-uncased,mteb,SummEval,B_threshold,glot,cosine,threshold,0,1,gat,2,cat,0.6,1.0,1.0,8,0,128,128,256,2,32,0.0002,0.0,128,6,9.54,,,,,,,,,,,,,,0.279417,,"{""SummEval"": 0.27941673067063416}"
2026-09-01 04:55:22,hyperglot,bert-base-uncased,embedding,,B_threshold,glot,cosine,threshold,0,1,gat,2,cat,0.6,1.0,1.0,8,0,128,128,256,2,32,0.0002,0.0,128,7,433.6,,,,,,,,,,,,,,,1.538024,
2026-09-01 04:56:20,hyperglot,bert-base-uncased,mteb,EmotionClassification,B_threshold,glot,cosine,threshold,0,1,gat,2,cat,0.6,1.0,1.0,8,0,128,128,256,2,32,0.0002,0.0,128,7,45.85,,,,,,,,,,,,,,0.31995,,"{""EmotionClassification"": 0.31995}"
2026-09-01 04:57:51,hyperglot,bert-base-uncased,mteb,SciFact,B_threshold,glot,cosine,threshold,0,1,gat,2,cat,0.6,1.0,1.0,8,0,128,128,256,2,32,0.0002,0.0,128,7,77.93,,,,,,,,,,,,,,0.24299,,"{""SciFact"": 0.24299}"
2026-09-01 05:08:11,hyperglot,bert-base-uncased,mteb,RedditClustering,B_threshold,glot,cosine,threshold,0,1,gat,2,cat,0.6,1.0,1.0,8,0,128,128,256,2,32,0.0002,0.0,128,7,607.79,,,,,,,,,,,,,,0.362902,,"{""RedditClustering"": 0.36290208564072357}"
2026-09-01 05:08:41,hyperglot,bert-base-uncased,mteb,AskUbuntuDupQuestions,B_threshold,glot,cosine,threshold,0,1,gat,2,cat,0.6,1.0,1.0,8,0,128,128,256,2,32,0.0002,0.0,128,7,18.12,,,,,,,,,,,,,,0.47328,,"{""AskUbuntuDupQuestions"": 0.47328}"
2026-09-01 05:09:06,hyperglot,bert-base-uncased,mteb,STS12,B_threshold,glot,cosine,threshold,0,1,gat,2,cat,0.6,1.0,1.0,8,0,128,128,256,2,32,0.0002,0.0,128,7,12.97,,,,,,,,,,,,,,0.530106,,"{""STS12"": 0.5301063455356043}"
2026-09-01 05:09:46,hyperglot,bert-base-uncased,mteb,TwitterSemEval2015,B_threshold,glot,cosine,threshold,0,1,gat,2,cat,0.6,1.0,1.0,8,0,128,128,256,2,32,0.0002,0.0,128,7,27.9,,,,,,,,,,,,,,0.376787,,"{""TwitterSemEval2015"": 0.3767871504131058}"
2026-09-01 05:10:08,hyperglot,bert-base-uncased,mteb,SummEval,B_threshold,glot,cosine,threshold,0,1,gat,2,cat,0.6,1.0,1.0,8,0,128,128,256,2,32,0.0002,0.0,128,7,9.67,,,,,,,,,,,,,,0.281528,,"{""SummEval"": 0.28152790235642916}"
2026-09-01 05:17:21,hyperglot,bert-base-uncased,embedding,,B_threshold,glot,cosine,threshold,0,1,gat,2,cat,0.6,1.0,1.0,8,0,128,128,256,2,32,0.0002,0.0,128,8,421.6,,,,,,,,,,,,,,,1.581128,
2026-09-01 05:18:19,hyperglot,bert-base-uncased,mteb,EmotionClassification,B_threshold,glot,cosine,threshold,0,1,gat,2,cat,0.6,1.0,1.0,8,0,128,128,256,2,32,0.0002,0.0,128,8,45.41,,,,,,,,,,,,,,0.3294,,"{""EmotionClassification"": 0.32939999999999997}"
2026-09-01 05:19:50,hyperglot,bert-base-uncased,mteb,SciFact,B_threshold,glot,cosine,threshold,0,1,gat,2,cat,0.6,1.0,1.0,8,0,128,128,256,2,32,0.0002,0.0,128,8,78.32,,,,,,,,,,,,,,0.22115,,"{""SciFact"": 0.22115}"
2026-09-01 05:30:10,hyperglot,bert-base-uncased,mteb,RedditClustering,B_threshold,glot,cosine,threshold,0,1,gat,2,cat,0.6,1.0,1.0,8,0,128,128,256,2,32,0.0002,0.0,128,8,608.31,,,,,,,,,,,,,,0.358225,,"{""RedditClustering"": 0.3582249518030796}"
2026-09-01 05:30:41,hyperglot,bert-base-uncased,mteb,AskUbuntuDupQuestions,B_threshold,glot,cosine,threshold,0,1,gat,2,cat,0.6,1.0,1.0,8,0,128,128,256,2,32,0.0002,0.0,128,8,18.49,,,,,,,,,,,,,,0.48279,,"{""AskUbuntuDupQuestions"": 0.48279}"
2026-09-01 05:31:06,hyperglot,bert-base-uncased,mteb,STS12,B_threshold,glot,cosine,threshold,0,1,gat,2,cat,0.6,1.0,1.0,8,0,128,128,256,2,32,0.0002,0.0,128,8,13.1,,,,,,,,,,,,,,0.51368,,"{""STS12"": 0.5136800397620924}"
2026-09-01 05:31:47,hyperglot,bert-base-uncased,mteb,TwitterSemEval2015,B_threshold,glot,cosine,threshold,0,1,gat,2,cat,0.6,1.0,1.0,8,0,128,128,256,2,32,0.0002,0.0,128,8,28.88,,,,,,,,,,,,,,0.376538,,"{""TwitterSemEval2015"": 0.3765380404551943}"
2026-09-01 05:32:09,hyperglot,bert-base-uncased,mteb,SummEval,B_threshold,glot,cosine,threshold,0,1,gat,2,cat,0.6,1.0,1.0,8,0,128,128,256,2,32,0.0002,0.0,128,8,9.59,,,,,,,,,,,,,,0.277346,,"{""SummEval"": 0.27734646987888584}"
2026-09-01 05:39:22,hyperglot,bert-base-uncased,embedding,,B_threshold,glot,cosine,threshold,0,1,gat,2,cat,0.6,1.0,1.0,8,0,128,128,256,2,32,0.0002,0.0,128,9,420.77,,,,,,,,,,,,,,,1.558392,
2026-09-01 05:40:20,hyperglot,bert-base-uncased,mteb,EmotionClassification,B_threshold,glot,cosine,threshold,0,1,gat,2,cat,0.6,1.0,1.0,8,0,128,128,256,2,32,0.0002,0.0,128,9,45.81,,,,,,,,,,,,,,0.313,,"{""EmotionClassification"": 0.313}"
2026-09-01 05:41:51,hyperglot,bert-base-uncased,mteb,SciFact,B_threshold,glot,cosine,threshold,0,1,gat,2,cat,0.6,1.0,1.0,8,0,128,128,256,2,32,0.0002,0.0,128,9,78.11,,,,,,,,,,,,,,0.23916,,"{""SciFact"": 0.23916}"
2026-09-01 05:52:02,hyperglot,bert-base-uncased,mteb,RedditClustering,B_threshold,glot,cosine,threshold,0,1,gat,2,cat,0.6,1.0,1.0,8,0,128,128,256,2,32,0.0002,0.0,128,9,599.4,,,,,,,,,,,,,,0.351508,,"{""RedditClustering"": 0.35150782385657436}"
2026-09-01 05:52:32,hyperglot,bert-base-uncased,mteb,AskUbuntuDupQuestions,B_threshold,glot,cosine,threshold,0,1,gat,2,cat,0.6,1.0,1.0,8,0,128,128,256,2,32,0.0002,0.0,128,9,17.84,,,,,,,,,,,,,,0.47199,,"{""AskUbuntuDupQuestions"": 0.47199}"
2026-09-01 05:52:57,hyperglot,bert-base-uncased,mteb,STS12,B_threshold,glot,cosine,threshold,0,1,gat,2,cat,0.6,1.0,1.0,8,0,128,128,256,2,32,0.0002,0.0,128,9,12.98,,,,,,,,,,,,,,0.510597,,"{""STS12"": 0.5105972677873528}"
2026-09-01 05:53:36,hyperglot,bert-base-uncased,mteb,TwitterSemEval2015,B_threshold,glot,cosine,threshold,0,1,gat,2,cat,0.6,1.0,1.0,8,0,128,128,256,2,32,0.0002,0.0,128,9,27.62,,,,,,,,,,,,,,0.375006,,"{""TwitterSemEval2015"": 0.37500573832974726}"
2026-09-01 05:53:58,hyperglot,bert-base-uncased,mteb,SummEval,B_threshold,glot,cosine,threshold,0,1,gat,2,cat,0.6,1.0,1.0,8,0,128,128,256,2,32,0.0002,0.0,128,9,9.63,,,,,,,,,,,,,,0.279595,,"{""SummEval"": 0.2795947231242064}"
2026-09-01 06:01:09,hyperglot,bert-base-uncased,embedding,,B_threshold,glot,cosine,threshold,0,1,gat,2,cat,0.6,1.0,1.0,8,0,128,128,256,2,32,0.0002,0.0,128,10,419.67,,,,,,,,,,,,,,,1.603698,
2026-09-01 06:02:06,hyperglot,bert-base-uncased,mteb,EmotionClassification,B_threshold,glot,cosine,threshold,0,1,gat,2,cat,0.6,1.0,1.0,8,0,128,128,256,2,32,0.0002,0.0,128,10,45.09,,,,,,,,,,,,,,0.31985,,"{""EmotionClassification"": 0.3198500000000001}"
2026-09-01 06:03:38,hyperglot,bert-base-uncased,mteb,SciFact,B_threshold,glot,cosine,threshold,0,1,gat,2,cat,0.6,1.0,1.0,8,0,128,128,256,2,32,0.0002,0.0,128,10,79.3,,,,,,,,,,,,,,0.24484,,"{""SciFact"": 0.24484}"
2026-09-01 06:13:53,hyperglot,bert-base-uncased,mteb,RedditClustering,B_threshold,glot,cosine,threshold,0,1,gat,2,cat,0.6,1.0,1.0,8,0,128,128,256,2,32,0.0002,0.0,128,10,603.01,,,,,,,,,,,,,,0.351498,,"{""RedditClustering"": 0.3514976549114184}"
2026-09-01 06:14:23,hyperglot,bert-base-uncased,mteb,AskUbuntuDupQuestions,B_threshold,glot,cosine,threshold,0,1,gat,2,cat,0.6,1.0,1.0,8,0,128,128,256,2,32,0.0002,0.0,128,10,18.48,,,,,,,,,,,,,,0.47449,,"{""AskUbuntuDupQuestions"": 0.47449}"
2026-09-01 06:14:48,hyperglot,bert-base-uncased,mteb,STS12,B_threshold,glot,cosine,threshold,0,1,gat,2,cat,0.6,1.0,1.0,8,0,128,128,256,2,32,0.0002,0.0,128,10,12.97,,,,,,,,,,,,,,0.495605,,"{""STS12"": 0.4956045924404135}"
2026-09-01 06:15:28,hyperglot,bert-base-uncased,mteb,TwitterSemEval2015,B_threshold,glot,cosine,threshold,0,1,gat,2,cat,0.6,1.0,1.0,8,0,128,128,256,2,32,0.0002,0.0,128,10,27.91,,,,,,,,,,,,,,0.365479,,"{""TwitterSemEval2015"": 0.3654791015228216}"
2026-09-01 06:15:49,hyperglot,bert-base-uncased,mteb,SummEval,B_threshold,glot,cosine,threshold,0,1,gat,2,cat,0.6,1.0,1.0,8,0,128,128,256,2,32,0.0002,0.0,128,10,9.64,,,,,,,,,,,,,,0.282787,,"{""SummEval"": 0.28278698357791254}"
2026-09-01 06:22:54,hyperglot,bert-base-uncased,embedding,,B_threshold,glot,cosine,threshold,0,1,gat,2,cat,0.6,1.0,1.0,8,0,128,128,256,2,32,0.0002,0.0,128,11,412.76,,,,,,,,,,,,,,,1.640312,
2026-09-01 06:23:50,hyperglot,bert-base-uncased,mteb,EmotionClassification,B_threshold,glot,cosine,threshold,0,1,gat,2,cat,0.6,1.0,1.0,8,0,128,128,256,2,32,0.0002,0.0,128,11,44.78,,,,,,,,,,,,,,0.3225,,"{""EmotionClassification"": 0.32249999999999995}"
2026-09-01 06:25:22,hyperglot,bert-base-uncased,mteb,SciFact,B_threshold,glot,cosine,threshold,0,1,gat,2,cat,0.6,1.0,1.0,8,0,128,128,256,2,32,0.0002,0.0,128,11,78.93,,,,,,,,,,,,,,0.2432,,"{""SciFact"": 0.2432}"
2026-09-01 06:35:32,hyperglot,bert-base-uncased,mteb,RedditClustering,B_threshold,glot,cosine,threshold,0,1,gat,2,cat,0.6,1.0,1.0,8,0,128,128,256,2,32,0.0002,0.0,128,11,598.11,,,,,,,,,,,,,,0.357891,,"{""RedditClustering"": 0.3578913267179795}"
2026-09-01 06:36:02,hyperglot,bert-base-uncased,mteb,AskUbuntuDupQuestions,B_threshold,glot,cosine,threshold,0,1,gat,2,cat,0.6,1.0,1.0,8,0,128,128,256,2,32,0.0002,0.0,128,11,18.43,,,,,,,,,,,,,,0.47328,,"{""AskUbuntuDupQuestions"": 0.47328}"
2026-09-01 06:36:27,hyperglot,bert-base-uncased,mteb,STS12,B_threshold,glot,cosine,threshold,0,1,gat,2,cat,0.6,1.0,1.0,8,0,128,128,256,2,32,0.0002,0.0,128,11,13.1,,,,,,,,,,,,,,0.520466,,"{""STS12"": 0.5204662772223443}"
2026-09-01 06:37:07,hyperglot,bert-base-uncased,mteb,TwitterSemEval2015,B_threshold,glot,cosine,threshold,0,1,gat,2,cat,0.6,1.0,1.0,8,0,128,128,256,2,32,0.0002,0.0,128,11,28.38,,,,,,,,,,,,,,0.368351,,"{""TwitterSemEval2015"": 0.3683510675002403}"
2026-09-01 06:37:29,hyperglot,bert-base-uncased,mteb,SummEval,B_threshold,glot,cosine,threshold,0,1,gat,2,cat,0.6,1.0,1.0,8,0,128,128,256,2,32,0.0002,0.0,128,11,9.58,,,,,,,,,,,,,,0.27841,,"{""SummEval"": 0.2784100749244033}"
2026-09-01 06:44:48,hyperglot,bert-base-uncased,embedding,,B_threshold,glot,cosine,threshold,0,1,gat,2,cat,0.6,1.0,1.0,8,0,128,128,256,2,32,0.0002,0.0,128,12,426.9,,,,,,,,,,,,,,,1.598899,
2026-09-01 06:45:44,hyperglot,bert-base-uncased,mteb,EmotionClassification,B_threshold,glot,cosine,threshold,0,1,gat,2,cat,0.6,1.0,1.0,8,0,128,128,256,2,32,0.0002,0.0,128,12,44.83,,,,,,,,,,,,,,0.2979,,"{""EmotionClassification"": 0.29789999999999994}"
2026-09-01 06:47:16,hyperglot,bert-base-uncased,mteb,SciFact,B_threshold,glot,cosine,threshold,0,1,gat,2,cat,0.6,1.0,1.0,8,0,128,128,256,2,32,0.0002,0.0,128,12,78.88,,,,,,,,,,,,,,0.25201,,"{""SciFact"": 0.25201}"
2026-09-01 06:57:32,hyperglot,bert-base-uncased,mteb,RedditClustering,B_threshold,glot,cosine,threshold,0,1,gat,2,cat,0.6,1.0,1.0,8,0,128,128,256,2,32,0.0002,0.0,128,12,605.06,,,,,,,,,,,,,,0.358949,,"{""RedditClustering"": 0.35894867988749724}"
2026-09-01 06:58:02,hyperglot,bert-base-uncased,mteb,AskUbuntuDupQuestions,B_threshold,glot,cosine,threshold,0,1,gat,2,cat,0.6,1.0,1.0,8,0,128,128,256,2,32,0.0002,0.0,128,12,17.74,,,,,,,,,,,,,,0.47058,,"{""AskUbuntuDupQuestions"": 0.47058}"
2026-09-01 06:58:26,hyperglot,bert-base-uncased,mteb,STS12,B_threshold,glot,cosine,threshold,0,1,gat,2,cat,0.6,1.0,1.0,8,0,128,128,256,2,32,0.0002,0.0,128,12,12.75,,,,,,,,,,,,,,0.515154,,"{""STS12"": 0.5151543924309369}"
2026-09-01 06:59:05,hyperglot,bert-base-uncased,mteb,TwitterSemEval2015,B_threshold,glot,cosine,threshold,0,1,gat,2,cat,0.6,1.0,1.0,8,0,128,128,256,2,32,0.0002,0.0,128,12,27.36,,,,,,,,,,,,,,0.371725,,"{""TwitterSemEval2015"": 0.37172479012649473}"
2026-09-01 06:59:26,hyperglot,bert-base-uncased,mteb,SummEval,B_threshold,glot,cosine,threshold,0,1,gat,2,cat,0.6,1.0,1.0,8,0,128,128,256,2,32,0.0002,0.0,128,12,9.44,,,,,,,,,,,,,,0.303008,,"{""SummEval"": 0.30300756442259913}"
2026-09-01 07:06:34,hyperglot,bert-base-uncased,embedding,,B_threshold,glot,cosine,threshold,0,1,gat,2,cat,0.6,1.0,1.0,8,0,128,128,256,2,32,0.0002,0.0,128,13,416.18,,,,,,,,,,,,,,,1.531393,
2026-09-01 07:07:30,hyperglot,bert-base-uncased,mteb,EmotionClassification,B_threshold,glot,cosine,threshold,0,1,gat,2,cat,0.6,1.0,1.0,8,0,128,128,256,2,32,0.0002,0.0,128,13,44.68,,,,,,,,,,,,,,0.31785,,"{""EmotionClassification"": 0.31784999999999997}"
2026-09-01 07:09:02,hyperglot,bert-base-uncased,mteb,SciFact,B_threshold,glot,cosine,threshold,0,1,gat,2,cat,0.6,1.0,1.0,8,0,128,128,256,2,32,0.0002,0.0,128,13,78.97,,,,,,,,,,,,,,0.23396,,"{""SciFact"": 0.23396}"
2026-09-01 07:19:13,hyperglot,bert-base-uncased,mteb,RedditClustering,B_threshold,glot,cosine,threshold,0,1,gat,2,cat,0.6,1.0,1.0,8,0,128,128,256,2,32,0.0002,0.0,128,13,599.65,,,,,,,,,,,,,,0.359287,,"{""RedditClustering"": 0.3592869978837287}"
2026-09-01 07:19:43,hyperglot,bert-base-uncased,mteb,AskUbuntuDupQuestions,B_threshold,glot,cosine,threshold,0,1,gat,2,cat,0.6,1.0,1.0,8,0,128,128,256,2,32,0.0002,0.0,128,13,17.88,,,,,,,,,,,,,,0.47976,,"{""AskUbuntuDupQuestions"": 0.47976}"
2026-09-01 07:20:07,hyperglot,bert-base-uncased,mteb,STS12,B_threshold,glot,cosine,threshold,0,1,gat,2,cat,0.6,1.0,1.0,8,0,128,128,256,2,32,0.0002,0.0,128,13,12.92,,,,,,,,,,,,,,0.523955,,"{""STS12"": 0.5239550871053719}"
2026-09-01 07:20:46,hyperglot,bert-base-uncased,mteb,TwitterSemEval2015,B_threshold,glot,cosine,threshold,0,1,gat,2,cat,0.6,1.0,1.0,8,0,128,128,256,2,32,0.0002,0.0,128,13,27.29,,,,,,,,,,,,,,0.378112,,"{""TwitterSemEval2015"": 0.3781119644800157}"
2026-09-01 07:21:07,hyperglot,bert-base-uncased,mteb,SummEval,B_threshold,glot,cosine,threshold,0,1,gat,2,cat,0.6,1.0,1.0,8,0,128,128,256,2,32,0.0002,0.0,128,13,9.52,,,,,,,,,,,,,,0.268679,,"{""SummEval"": 0.2686793502348669}"
2026-09-01 07:28:23,hyperglot,bert-base-uncased,embedding,,B_threshold,glot,cosine,threshold,0,1,gat,2,cat,0.6,1.0,1.0,8,0,128,128,256,2,32,0.0002,0.0,128,14,424.09,,,,,,,,,,,,,,,1.626249,
2026-09-01 07:29:19,hyperglot,bert-base-uncased,mteb,EmotionClassification,B_threshold,glot,cosine,threshold,0,1,gat,2,cat,0.6,1.0,1.0,8,0,128,128,256,2,32,0.0002,0.0,128,14,44.51,,,,,,,,,,,,,,0.3198,,"{""EmotionClassification"": 0.31980000000000003}"
2026-09-01 07:30:51,hyperglot,bert-base-uncased,mteb,SciFact,B_threshold,glot,cosine,threshold,0,1,gat,2,cat,0.6,1.0,1.0,8,0,128,128,256,2,32,0.0002,0.0,128,14,78.84,,,,,,,,,,,,,,0.22117,,"{""SciFact"": 0.22117}"
2026-09-01 07:40:58,hyperglot,bert-base-uncased,mteb,RedditClustering,B_threshold,glot,cosine,threshold,0,1,gat,2,cat,0.6,1.0,1.0,8,0,128,128,256,2,32,0.0002,0.0,128,14,596.12,,,,,,,,,,,,,,0.351504,,"{""RedditClustering"": 0.3515042176530526}"
2026-09-01 07:41:28,hyperglot,bert-base-uncased,mteb,AskUbuntuDupQuestions,B_threshold,glot,cosine,threshold,0,1,gat,2,cat,0.6,1.0,1.0,8,0,128,128,256,2,32,0.0002,0.0,128,14,17.99,,,,,,,,,,,,,,0.48144,,"{""AskUbuntuDupQuestions"": 0.48144}"
2026-09-01 07:41:52,hyperglot,bert-base-uncased,mteb,STS12,B_threshold,glot,cosine,threshold,0,1,gat,2,cat,0.6,1.0,1.0,8,0,128,128,256,2,32,0.0002,0.0,128,14,12.75,,,,,,,,,,,,,,0.520256,,"{""STS12"": 0.5202559531748686}"
2026-09-01 07:42:31,hyperglot,bert-base-uncased,mteb,TwitterSemEval2015,B_threshold,glot,cosine,threshold,0,1,gat,2,cat,0.6,1.0,1.0,8,0,128,128,256,2,32,0.0002,0.0,128,14,27.49,,,,,,,,,,,,,,0.365297,,"{""TwitterSemEval2015"": 0.36529669069991577}"
2026-09-01 07:42:53,hyperglot,bert-base-uncased,mteb,SummEval,B_threshold,glot,cosine,threshold,0,1,gat,2,cat,0.6,1.0,1.0,8,0,128,128,256,2,32,0.0002,0.0,128,14,9.61,,,,,,,,,,,,,,0.297136,,"{""SummEval"": 0.29713596380503693}"
2026-09-01 07:50:11,hyperglot,bert-base-uncased,embedding,,B_threshold,glot,cosine,threshold,0,1,gat,2,cat,0.6,1.0,1.0,8,0,128,128,256,2,32,0.0002,0.0,128,15,425.81,,,,,,,,,,,,,,,1.476852,
2026-09-01 07:51:07,hyperglot,bert-base-uncased,mteb,EmotionClassification,B_threshold,glot,cosine,threshold,0,1,gat,2,cat,0.6,1.0,1.0,8,0,128,128,256,2,32,0.0002,0.0,128,15,44.94,,,,,,,,,,,,,,0.3304,,"{""EmotionClassification"": 0.33039999999999997}"
2026-09-01 07:52:39,hyperglot,bert-base-uncased,mteb,SciFact,B_threshold,glot,cosine,threshold,0,1,gat,2,cat,0.6,1.0,1.0,8,0,128,128,256,2,32,0.0002,0.0,128,15,79.03,,,,,,,,,,,,,,0.22901,,"{""SciFact"": 0.22901}"
2026-09-01 08:02:47,hyperglot,bert-base-uncased,mteb,RedditClustering,B_threshold,glot,cosine,threshold,0,1,gat,2,cat,0.6,1.0,1.0,8,0,128,128,256,2,32,0.0002,0.0,128,15,596.05,,,,,,,,,,,,,,0.360063,,"{""RedditClustering"": 0.3600628986603271}"
2026-09-01 08:03:16,hyperglot,bert-base-uncased,mteb,AskUbuntuDupQuestions,B_threshold,glot,cosine,threshold,0,1,gat,2,cat,0.6,1.0,1.0,8,0,128,128,256,2,32,0.0002,0.0,128,15,18.12,,,,,,,,,,,,,,0.47408,,"{""AskUbuntuDupQuestions"": 0.47408}"
2026-09-01 08:03:41,hyperglot,bert-base-uncased,mteb,STS12,B_threshold,glot,cosine,threshold,0,1,gat,2,cat,0.6,1.0,1.0,8,0,128,128,256,2,32,0.0002,0.0,128,15,12.77,,,,,,,,,,,,,,0.519924,,"{""STS12"": 0.5199239152629092}"
2026-09-01 08:04:20,hyperglot,bert-base-uncased,mteb,TwitterSemEval2015,B_threshold,glot,cosine,threshold,0,1,gat,2,cat,0.6,1.0,1.0,8,0,128,128,256,2,32,0.0002,0.0,128,15,27.42,,,,,,,,,,,,,,0.377265,,"{""TwitterSemEval2015"": 0.3772648810600506}"
2026-09-01 08:04:41,hyperglot,bert-base-uncased,mteb,SummEval,B_threshold,glot,cosine,threshold,0,1,gat,2,cat,0.6,1.0,1.0,8,0,128,128,256,2,32,0.0002,0.0,128,15,9.45,,,,,,,,,,,,,,0.261848,,"{""SummEval"": 0.2618476174521049}"
2026-09-01 08:12:54,hyperglot,bert-base-uncased,embedding,,C_threshold,glot,cosine,threshold,1,0,gat,2,cat,0.6,1.0,1.0,8,0,128,128,256,2,32,0.0002,0.0,128,1,481.49,,,,,,,,,,,,,,,4.900098,
2026-09-01 08:13:53,hyperglot,bert-base-uncased,mteb,EmotionClassification,C_threshold,glot,cosine,threshold,1,0,gat,2,cat,0.6,1.0,1.0,8,0,128,128,256,2,32,0.0002,0.0,128,1,46.89,,,,,,,,,,,,,,0.35535,,"{""EmotionClassification"": 0.35534999999999994}"
2026-09-01 08:15:26,hyperglot,bert-base-uncased,mteb,SciFact,C_threshold,glot,cosine,threshold,1,0,gat,2,cat,0.6,1.0,1.0,8,0,128,128,256,2,32,0.0002,0.0,128,1,80.41,,,,,,,,,,,,,,0.15918,,"{""SciFact"": 0.15918}"
2026-09-01 08:27:35,hyperglot,bert-base-uncased,mteb,RedditClustering,C_threshold,glot,cosine,threshold,1,0,gat,2,cat,0.6,1.0,1.0,8,0,128,128,256,2,32,0.0002,0.0,128,1,717.44,,,,,,,,,,,,,,0.348604,,"{""RedditClustering"": 0.34860424967918424}"
2026-09-01 08:28:07,hyperglot,bert-base-uncased,mteb,AskUbuntuDupQuestions,C_threshold,glot,cosine,threshold,1,0,gat,2,cat,0.6,1.0,1.0,8,0,128,128,256,2,32,0.0002,0.0,128,1,20.85,,,,,,,,,,,,,,0.48237,,"{""AskUbuntuDupQuestions"": 0.48237}"
2026-09-01 08:28:34,hyperglot,bert-base-uncased,mteb,STS12,C_threshold,glot,cosine,threshold,1,0,gat,2,cat,0.6,1.0,1.0,8,0,128,128,256,2,32,0.0002,0.0,128,1,15.22,,,,,,,,,,,,,,0.403063,,"{""STS12"": 0.4030631545576025}"
2026-09-01 08:29:18,hyperglot,bert-base-uncased,mteb,TwitterSemEval2015,C_threshold,glot,cosine,threshold,1,0,gat,2,cat,0.6,1.0,1.0,8,0,128,128,256,2,32,0.0002,0.0,128,1,32.56,,,,,,,,,,,,,,0.52041,,"{""TwitterSemEval2015"": 0.5204095105855703}"
2026-09-01 08:29:41,hyperglot,bert-base-uncased,mteb,SummEval,C_threshold,glot,cosine,threshold,1,0,gat,2,cat,0.6,1.0,1.0,8,0,128,128,256,2,32,0.0002,0.0,128,1,11.1,,,,,,,,,,,,,,0.297045,,"{""SummEval"": 0.297044734738295}"
2026-09-01 08:37:33,hyperglot,bert-base-uncased,embedding,,C_threshold,glot,cosine,threshold,1,0,gat,2,cat,0.6,1.0,1.0,8,0,128,128,256,2,32,0.0002,0.0,128,2,460.66,,,,,,,,,,,,,,,6.023127,
2026-09-01 08:38:31,hyperglot,bert-base-uncased,mteb,EmotionClassification,C_threshold,glot,cosine,threshold,1,0,gat,2,cat,0.6,1.0,1.0,8,0,128,128,256,2,32,0.0002,0.0,128,2,46.15,,,,,,,,,,,,,,0.34905,,"{""EmotionClassification"": 0.34905}"
2026-09-01 08:40:04,hyperglot,bert-base-uncased,mteb,SciFact,C_threshold,glot,cosine,threshold,1,0,gat,2,cat,0.6,1.0,1.0,8,0,128,128,256,2,32,0.0002,0.0,128,2,80.18,,,,,,,,,,,,,,0.19984,,"{""SciFact"": 0.19984}"
2026-09-01 08:52:13,hyperglot,bert-base-uncased,mteb,RedditClustering,C_threshold,glot,cosine,threshold,1,0,gat,2,cat,0.6,1.0,1.0,8,0,128,128,256,2,32,0.0002,0.0,128,2,717.88,,,,,,,,,,,,,,0.356215,,"{""RedditClustering"": 0.3562152208806284}"
2026-09-01 08:52:45,hyperglot,bert-base-uncased,mteb,AskUbuntuDupQuestions,C_threshold,glot,cosine,threshold,1,0,gat,2,cat,0.6,1.0,1.0,8,0,128,128,256,2,32,0.0002,0.0,128,2,20.4,,,,,,,,,,,,,,0.48033,,"{""AskUbuntuDupQuestions"": 0.48033}"
2026-09-01 08:53:12,hyperglot,bert-base-uncased,mteb,STS12,C_threshold,glot,cosine,threshold,1,0,gat,2,cat,0.6,1.0,1.0,8,0,128,128,256,2,32,0.0002,0.0,128,2,15.0,,,,,,,,,,,,,,0.384965,,"{""STS12"": 0.3849653392696731}"
2026-09-01 08:53:57,hyperglot,bert-base-uncased,mteb,TwitterSemEval2015,C_threshold,glot,cosine,threshold,1,0,gat,2,cat,0.6,1.0,1.0,8,0,128,128,256,2,32,0.0002,0.0,128,2,33.06,,,,,,,,,,,,,,0.518146,,"{""TwitterSemEval2015"": 0.5181457266004043}"
2026-09-01 08:54:19,hyperglot,bert-base-uncased,mteb,SummEval,C_threshold,glot,cosine,threshold,1,0,gat,2,cat,0.6,1.0,1.0,8,0,128,128,256,2,32,0.0002,0.0,128,2,10.77,,,,,,,,,,,,,,0.303298,,"{""SummEval"": 0.30329829230291666}"
2026-09-01 09:02:27,hyperglot,bert-base-uncased,embedding,,C_threshold,glot,cosine,threshold,1,0,gat,2,cat,0.6,1.0,1.0,8,0,128,128,256,2,32,0.0002,0.0,128,3,475.44,,,,,,,,,,,,,,,6.292698,
2026-09-01 09:03:24,hyperglot,bert-base-uncased,mteb,EmotionClassification,C_threshold,glot,cosine,threshold,1,0,gat,2,cat,0.6,1.0,1.0,8,0,128,128,256,2,32,0.0002,0.0,128,3,46.17,,,,,,,,,,,,,,0.34825,,"{""EmotionClassification"": 0.34825}"
2026-09-01 09:04:57,hyperglot,bert-base-uncased,mteb,SciFact,C_threshold,glot,cosine,threshold,1,0,gat,2,cat,0.6,1.0,1.0,8,0,128,128,256,2,32,0.0002,0.0,128,3,80.05,,,,,,,,,,,,,,0.18641,,"{""SciFact"": 0.18641}"
2026-09-01 09:17:07,hyperglot,bert-base-uncased,mteb,RedditClustering,C_threshold,glot,cosine,threshold,1,0,gat,2,cat,0.6,1.0,1.0,8,0,128,128,256,2,32,0.0002,0.0,128,3,718.75,,,,,,,,,,,,,,0.3529,,"{""RedditClustering"": 0.35289989358566837}"
2026-09-01 09:17:40,hyperglot,bert-base-uncased,mteb,AskUbuntuDupQuestions,C_threshold,glot,cosine,threshold,1,0,gat,2,cat,0.6,1.0,1.0,8,0,128,128,256,2,32,0.0002,0.0,128,3,20.75,,,,,,,,,,,,,,0.47619,,"{""AskUbuntuDupQuestions"": 0.47619}"
2026-09-01 09:18:06,hyperglot,bert-base-uncased,mteb,STS12,C_threshold,glot,cosine,threshold,1,0,gat,2,cat,0.6,1.0,1.0,8,0,128,128,256,2,32,0.0002,0.0,128,3,15.12,,,,,,,,,,,,,,0.415468,,"{""STS12"": 0.4154675264795868}"
2026-09-01 09:18:50,hyperglot,bert-base-uncased,mteb,TwitterSemEval2015,C_threshold,glot,cosine,threshold,1,0,gat,2,cat,0.6,1.0,1.0,8,0,128,128,256,2,32,0.0002,0.0,128,3,32.35,,,,,,,,,,,,,,0.519136,,"{""TwitterSemEval2015"": 0.5191357858449966}"
2026-09-01 09:19:13,hyperglot,bert-base-uncased,mteb,SummEval,C_threshold,glot,cosine,threshold,1,0,gat,2,cat,0.6,1.0,1.0,8,0,128,128,256,2,32,0.0002,0.0,128,3,10.74,,,,,,,,,,,,,,0.292697,,"{""SummEval"": 0.29269674399339635}"
