run_key,target,model,setting,task,arm,stage,trial,seed,metric,detail,graph_metric,jk_mode,lr,scorer_hidden,weight_decay,gat_edge_attr,gat_hidden_dim,num_layers,proj_dim,tau_quantile,curvature,gnn_input_clip,gnn_input_scale,hyp_gnn_type,hyperbolic_gnn,score,elapsed_sec,mean_density,empty_frac
glue|bert-base-uncased|cola_wide|C_at_base|t900|s1|confirm,glue,bert-base-uncased,cola_wide,cola,C_at_base,confirm,900,1,mcc,curvature=4.0;gat_edge_attr=0;gat_hidden_dim=256;gnn_input_clip=0.7;gnn_input_scale=1;graph_metric=cosine;hyp_gnn_type=gat;hyperbolic_gnn=1;jk_mode=max;lr=0.001;num_layers=4;proj_dim=128;scorer_hidden=128;tau_quantile=0.1;weight_decay=5e-05,cosine,max,0.001,128,5e-05,0,256,4,128,0.1,4.0,0.7,1,gat,1,42.81,181.77,0.10001,0.0
glue|bert-base-uncased|cola_wide|base_at_C|t901|s1|confirm,glue,bert-base-uncased,cola_wide,cola,base_at_C,confirm,901,1,mcc,gat_edge_attr=0;gat_hidden_dim=128;graph_metric=cosine;jk_mode=max;lr=0.001;num_layers=2;proj_dim=256;scorer_hidden=128;tau_quantile=0.38;weight_decay=5e-05,cosine,max,0.001,128,5e-05,0,128,2,256,0.38,,,,,,47.89,117.19,0.37661,0.0
glue|bert-base-uncased|cola_wide|base_at_base|t902|s1|confirm,glue,bert-base-uncased,cola_wide,cola,base_at_base,confirm,902,1,mcc,gat_edge_attr=0;gat_hidden_dim=256;graph_metric=cosine;jk_mode=max;lr=0.001;num_layers=4;proj_dim=128;scorer_hidden=128;tau_quantile=0.1;weight_decay=5e-05,cosine,max,0.001,128,5e-05,0,256,4,128,0.1,,,,,,45.45,118.52,0.10047,0.0
glue|bert-base-uncased|cola_wide|C_at_C|t903|s1|confirm,glue,bert-base-uncased,cola_wide,cola,C_at_C,confirm,903,1,mcc,curvature=4.0;gat_edge_attr=0;gat_hidden_dim=128;gnn_input_clip=0.7;gnn_input_scale=1;graph_metric=cosine;hyp_gnn_type=gat;hyperbolic_gnn=1;jk_mode=max;lr=0.001;num_layers=2;proj_dim=256;scorer_hidden=128;tau_quantile=0.38;weight_decay=5e-05,cosine,max,0.001,128,5e-05,0,128,2,256,0.38,4.0,0.7,1,gat,1,46.72,129.46,0.37635,0.0
glue|bert-base-uncased|cola_wide|C_at_base|t900|s2|confirm,glue,bert-base-uncased,cola_wide,cola,C_at_base,confirm,900,2,mcc,curvature=4.0;gat_edge_attr=0;gat_hidden_dim=256;gnn_input_clip=0.7;gnn_input_scale=1;graph_metric=cosine;hyp_gnn_type=gat;hyperbolic_gnn=1;jk_mode=max;lr=0.001;num_layers=4;proj_dim=128;scorer_hidden=128;tau_quantile=0.1;weight_decay=5e-05,cosine,max,0.001,128,5e-05,0,256,4,128,0.1,4.0,0.7,1,gat,1,43.64,141.39,0.09932,0.0
glue|bert-base-uncased|cola_wide|base_at_C|t901|s2|confirm,glue,bert-base-uncased,cola_wide,cola,base_at_C,confirm,901,2,mcc,gat_edge_attr=0;gat_hidden_dim=128;graph_metric=cosine;jk_mode=max;lr=0.001;num_layers=2;proj_dim=256;scorer_hidden=128;tau_quantile=0.38;weight_decay=5e-05,cosine,max,0.001,128,5e-05,0,128,2,256,0.38,,,,,,48.1,115.67,0.37574,0.0
glue|bert-base-uncased|cola_wide|base_at_base|t902|s2|confirm,glue,bert-base-uncased,cola_wide,cola,base_at_base,confirm,902,2,mcc,gat_edge_attr=0;gat_hidden_dim=256;graph_metric=cosine;jk_mode=max;lr=0.001;num_layers=4;proj_dim=128;scorer_hidden=128;tau_quantile=0.1;weight_decay=5e-05,cosine,max,0.001,128,5e-05,0,256,4,128,0.1,,,,,,44.82,117.43,0.09988,0.0
glue|bert-base-uncased|cola_wide|C_at_C|t903|s2|confirm,glue,bert-base-uncased,cola_wide,cola,C_at_C,confirm,903,2,mcc,curvature=4.0;gat_edge_attr=0;gat_hidden_dim=128;gnn_input_clip=0.7;gnn_input_scale=1;graph_metric=cosine;hyp_gnn_type=gat;hyperbolic_gnn=1;jk_mode=max;lr=0.001;num_layers=2;proj_dim=256;scorer_hidden=128;tau_quantile=0.38;weight_decay=5e-05,cosine,max,0.001,128,5e-05,0,128,2,256,0.38,4.0,0.7,1,gat,1,47.2,130.62,0.37548,0.0
glue|bert-base-uncased|cola_wide|C_at_base|t900|s3|confirm,glue,bert-base-uncased,cola_wide,cola,C_at_base,confirm,900,3,mcc,curvature=4.0;gat_edge_attr=0;gat_hidden_dim=256;gnn_input_clip=0.7;gnn_input_scale=1;graph_metric=cosine;hyp_gnn_type=gat;hyperbolic_gnn=1;jk_mode=max;lr=0.001;num_layers=4;proj_dim=128;scorer_hidden=128;tau_quantile=0.1;weight_decay=5e-05,cosine,max,0.001,128,5e-05,0,256,4,128,0.1,4.0,0.7,1,gat,1,48.89,142.51,0.10025,0.0
glue|bert-base-uncased|cola_wide|base_at_C|t901|s3|confirm,glue,bert-base-uncased,cola_wide,cola,base_at_C,confirm,901,3,mcc,gat_edge_attr=0;gat_hidden_dim=128;graph_metric=cosine;jk_mode=max;lr=0.001;num_layers=2;proj_dim=256;scorer_hidden=128;tau_quantile=0.38;weight_decay=5e-05,cosine,max,0.001,128,5e-05,0,128,2,256,0.38,,,,,,42.26,116.31,0.37592,0.0
glue|bert-base-uncased|cola_wide|base_at_base|t902|s3|confirm,glue,bert-base-uncased,cola_wide,cola,base_at_base,confirm,902,3,mcc,gat_edge_attr=0;gat_hidden_dim=256;graph_metric=cosine;jk_mode=max;lr=0.001;num_layers=4;proj_dim=128;scorer_hidden=128;tau_quantile=0.1;weight_decay=5e-05,cosine,max,0.001,128,5e-05,0,256,4,128,0.1,,,,,,44.94,117.74,0.10009,0.0
glue|bert-base-uncased|cola_wide|C_at_C|t903|s3|confirm,glue,bert-base-uncased,cola_wide,cola,C_at_C,confirm,903,3,mcc,curvature=4.0;gat_edge_attr=0;gat_hidden_dim=128;gnn_input_clip=0.7;gnn_input_scale=1;graph_metric=cosine;hyp_gnn_type=gat;hyperbolic_gnn=1;jk_mode=max;lr=0.001;num_layers=2;proj_dim=256;scorer_hidden=128;tau_quantile=0.38;weight_decay=5e-05,cosine,max,0.001,128,5e-05,0,128,2,256,0.38,4.0,0.7,1,gat,1,46.2,130.57,0.37575,0.0
glue|bert-base-uncased|cola_wide|C_at_base|t900|s4|confirm,glue,bert-base-uncased,cola_wide,cola,C_at_base,confirm,900,4,mcc,curvature=4.0;gat_edge_attr=0;gat_hidden_dim=256;gnn_input_clip=0.7;gnn_input_scale=1;graph_metric=cosine;hyp_gnn_type=gat;hyperbolic_gnn=1;jk_mode=max;lr=0.001;num_layers=4;proj_dim=128;scorer_hidden=128;tau_quantile=0.1;weight_decay=5e-05,cosine,max,0.001,128,5e-05,0,256,4,128,0.1,4.0,0.7,1,gat,1,45.21,144.09,0.09942,0.0
glue|bert-base-uncased|cola_wide|base_at_C|t901|s4|confirm,glue,bert-base-uncased,cola_wide,cola,base_at_C,confirm,901,4,mcc,gat_edge_attr=0;gat_hidden_dim=128;graph_metric=cosine;jk_mode=max;lr=0.001;num_layers=2;proj_dim=256;scorer_hidden=128;tau_quantile=0.38;weight_decay=5e-05,cosine,max,0.001,128,5e-05,0,128,2,256,0.38,,,,,,45.55,115.26,0.37476,0.0
glue|bert-base-uncased|cola_wide|base_at_base|t902|s4|confirm,glue,bert-base-uncased,cola_wide,cola,base_at_base,confirm,902,4,mcc,gat_edge_attr=0;gat_hidden_dim=256;graph_metric=cosine;jk_mode=max;lr=0.001;num_layers=4;proj_dim=128;scorer_hidden=128;tau_quantile=0.1;weight_decay=5e-05,cosine,max,0.001,128,5e-05,0,256,4,128,0.1,,,,,,44.04,118.37,0.10037,0.0
glue|bert-base-uncased|cola_wide|C_at_C|t903|s4|confirm,glue,bert-base-uncased,cola_wide,cola,C_at_C,confirm,903,4,mcc,curvature=4.0;gat_edge_attr=0;gat_hidden_dim=128;gnn_input_clip=0.7;gnn_input_scale=1;graph_metric=cosine;hyp_gnn_type=gat;hyperbolic_gnn=1;jk_mode=max;lr=0.001;num_layers=2;proj_dim=256;scorer_hidden=128;tau_quantile=0.38;weight_decay=5e-05,cosine,max,0.001,128,5e-05,0,128,2,256,0.38,4.0,0.7,1,gat,1,47.32,130.09,0.3763,0.0
glue|bert-base-uncased|cola_wide|C_at_base|t900|s5|confirm,glue,bert-base-uncased,cola_wide,cola,C_at_base,confirm,900,5,mcc,curvature=4.0;gat_edge_attr=0;gat_hidden_dim=256;gnn_input_clip=0.7;gnn_input_scale=1;graph_metric=cosine;hyp_gnn_type=gat;hyperbolic_gnn=1;jk_mode=max;lr=0.001;num_layers=4;proj_dim=128;scorer_hidden=128;tau_quantile=0.1;weight_decay=5e-05,cosine,max,0.001,128,5e-05,0,256,4,128,0.1,4.0,0.7,1,gat,1,46.95,142.08,0.09877,0.0
glue|bert-base-uncased|cola_wide|base_at_C|t901|s5|confirm,glue,bert-base-uncased,cola_wide,cola,base_at_C,confirm,901,5,mcc,gat_edge_attr=0;gat_hidden_dim=128;graph_metric=cosine;jk_mode=max;lr=0.001;num_layers=2;proj_dim=256;scorer_hidden=128;tau_quantile=0.38;weight_decay=5e-05,cosine,max,0.001,128,5e-05,0,128,2,256,0.38,,,,,,46.1,116.4,0.37495,0.0
glue|bert-base-uncased|cola_wide|base_at_base|t902|s5|confirm,glue,bert-base-uncased,cola_wide,cola,base_at_base,confirm,902,5,mcc,gat_edge_attr=0;gat_hidden_dim=256;graph_metric=cosine;jk_mode=max;lr=0.001;num_layers=4;proj_dim=128;scorer_hidden=128;tau_quantile=0.1;weight_decay=5e-05,cosine,max,0.001,128,5e-05,0,256,4,128,0.1,,,,,,45.7,117.94,0.0998,0.0
glue|bert-base-uncased|cola_wide|C_at_C|t903|s5|confirm,glue,bert-base-uncased,cola_wide,cola,C_at_C,confirm,903,5,mcc,curvature=4.0;gat_edge_attr=0;gat_hidden_dim=128;gnn_input_clip=0.7;gnn_input_scale=1;graph_metric=cosine;hyp_gnn_type=gat;hyperbolic_gnn=1;jk_mode=max;lr=0.001;num_layers=2;proj_dim=256;scorer_hidden=128;tau_quantile=0.38;weight_decay=5e-05,cosine,max,0.001,128,5e-05,0,128,2,256,0.38,4.0,0.7,1,gat,1,48.91,130.16,0.37682,0.0
glue|bert-base-uncased|cola_wide|C_at_base|t900|s6|confirm,glue,bert-base-uncased,cola_wide,cola,C_at_base,confirm,900,6,mcc,curvature=4.0;gat_edge_attr=0;gat_hidden_dim=256;gnn_input_clip=0.7;gnn_input_scale=1;graph_metric=cosine;hyp_gnn_type=gat;hyperbolic_gnn=1;jk_mode=max;lr=0.001;num_layers=4;proj_dim=128;scorer_hidden=128;tau_quantile=0.1;weight_decay=5e-05,cosine,max,0.001,128,5e-05,0,256,4,128,0.1,4.0,0.7,1,gat,1,41.01,142.32,0.09931,0.0
glue|bert-base-uncased|cola_wide|base_at_C|t901|s6|confirm,glue,bert-base-uncased,cola_wide,cola,base_at_C,confirm,901,6,mcc,gat_edge_attr=0;gat_hidden_dim=128;graph_metric=cosine;jk_mode=max;lr=0.001;num_layers=2;proj_dim=256;scorer_hidden=128;tau_quantile=0.38;weight_decay=5e-05,cosine,max,0.001,128,5e-05,0,128,2,256,0.38,,,,,,46.2,116.0,0.37519,0.0
glue|bert-base-uncased|cola_wide|base_at_base|t902|s6|confirm,glue,bert-base-uncased,cola_wide,cola,base_at_base,confirm,902,6,mcc,gat_edge_attr=0;gat_hidden_dim=256;graph_metric=cosine;jk_mode=max;lr=0.001;num_layers=4;proj_dim=128;scorer_hidden=128;tau_quantile=0.1;weight_decay=5e-05,cosine,max,0.001,128,5e-05,0,256,4,128,0.1,,,,,,45.68,118.12,0.10051,0.0
glue|bert-base-uncased|cola_wide|C_at_C|t903|s6|confirm,glue,bert-base-uncased,cola_wide,cola,C_at_C,confirm,903,6,mcc,curvature=4.0;gat_edge_attr=0;gat_hidden_dim=128;gnn_input_clip=0.7;gnn_input_scale=1;graph_metric=cosine;hyp_gnn_type=gat;hyperbolic_gnn=1;jk_mode=max;lr=0.001;num_layers=2;proj_dim=256;scorer_hidden=128;tau_quantile=0.38;weight_decay=5e-05,cosine,max,0.001,128,5e-05,0,128,2,256,0.38,4.0,0.7,1,gat,1,47.66,130.52,0.37695,0.0
glue|bert-base-uncased|cola_wide|C_at_base|t900|s7|confirm,glue,bert-base-uncased,cola_wide,cola,C_at_base,confirm,900,7,mcc,curvature=4.0;gat_edge_attr=0;gat_hidden_dim=256;gnn_input_clip=0.7;gnn_input_scale=1;graph_metric=cosine;hyp_gnn_type=gat;hyperbolic_gnn=1;jk_mode=max;lr=0.001;num_layers=4;proj_dim=128;scorer_hidden=128;tau_quantile=0.1;weight_decay=5e-05,cosine,max,0.001,128,5e-05,0,256,4,128,0.1,4.0,0.7,1,gat,1,46.48,142.12,0.10036,0.0
glue|bert-base-uncased|cola_wide|base_at_C|t901|s7|confirm,glue,bert-base-uncased,cola_wide,cola,base_at_C,confirm,901,7,mcc,gat_edge_attr=0;gat_hidden_dim=128;graph_metric=cosine;jk_mode=max;lr=0.001;num_layers=2;proj_dim=256;scorer_hidden=128;tau_quantile=0.38;weight_decay=5e-05,cosine,max,0.001,128,5e-05,0,128,2,256,0.38,,,,,,45.19,116.66,0.37646,0.0
glue|bert-base-uncased|cola_wide|base_at_base|t902|s7|confirm,glue,bert-base-uncased,cola_wide,cola,base_at_base,confirm,902,7,mcc,gat_edge_attr=0;gat_hidden_dim=256;graph_metric=cosine;jk_mode=max;lr=0.001;num_layers=4;proj_dim=128;scorer_hidden=128;tau_quantile=0.1;weight_decay=5e-05,cosine,max,0.001,128,5e-05,0,256,4,128,0.1,,,,,,46.58,118.1,0.10021,0.0
glue|bert-base-uncased|cola_wide|C_at_C|t903|s7|confirm,glue,bert-base-uncased,cola_wide,cola,C_at_C,confirm,903,7,mcc,curvature=4.0;gat_edge_attr=0;gat_hidden_dim=128;gnn_input_clip=0.7;gnn_input_scale=1;graph_metric=cosine;hyp_gnn_type=gat;hyperbolic_gnn=1;jk_mode=max;lr=0.001;num_layers=2;proj_dim=256;scorer_hidden=128;tau_quantile=0.38;weight_decay=5e-05,cosine,max,0.001,128,5e-05,0,128,2,256,0.38,4.0,0.7,1,gat,1,46.28,130.65,0.37607,0.0
glue|bert-base-uncased|cola_wide|C_at_base|t900|s8|confirm,glue,bert-base-uncased,cola_wide,cola,C_at_base,confirm,900,8,mcc,curvature=4.0;gat_edge_attr=0;gat_hidden_dim=256;gnn_input_clip=0.7;gnn_input_scale=1;graph_metric=cosine;hyp_gnn_type=gat;hyperbolic_gnn=1;jk_mode=max;lr=0.001;num_layers=4;proj_dim=128;scorer_hidden=128;tau_quantile=0.1;weight_decay=5e-05,cosine,max,0.001,128,5e-05,0,256,4,128,0.1,4.0,0.7,1,gat,1,43.05,142.76,0.09957,0.0
glue|bert-base-uncased|cola_wide|base_at_C|t901|s8|confirm,glue,bert-base-uncased,cola_wide,cola,base_at_C,confirm,901,8,mcc,gat_edge_attr=0;gat_hidden_dim=128;graph_metric=cosine;jk_mode=max;lr=0.001;num_layers=2;proj_dim=256;scorer_hidden=128;tau_quantile=0.38;weight_decay=5e-05,cosine,max,0.001,128,5e-05,0,128,2,256,0.38,,,,,,47.37,115.54,0.37633,0.0
glue|bert-base-uncased|cola_wide|base_at_base|t902|s8|confirm,glue,bert-base-uncased,cola_wide,cola,base_at_base,confirm,902,8,mcc,gat_edge_attr=0;gat_hidden_dim=256;graph_metric=cosine;jk_mode=max;lr=0.001;num_layers=4;proj_dim=128;scorer_hidden=128;tau_quantile=0.1;weight_decay=5e-05,cosine,max,0.001,128,5e-05,0,256,4,128,0.1,,,,,,47.28,117.52,0.09901,0.0
glue|bert-base-uncased|cola_wide|C_at_C|t903|s8|confirm,glue,bert-base-uncased,cola_wide,cola,C_at_C,confirm,903,8,mcc,curvature=4.0;gat_edge_attr=0;gat_hidden_dim=128;gnn_input_clip=0.7;gnn_input_scale=1;graph_metric=cosine;hyp_gnn_type=gat;hyperbolic_gnn=1;jk_mode=max;lr=0.001;num_layers=2;proj_dim=256;scorer_hidden=128;tau_quantile=0.38;weight_decay=5e-05,cosine,max,0.001,128,5e-05,0,128,2,256,0.38,4.0,0.7,1,gat,1,44.08,130.0,0.37578,0.0
glue|bert-base-uncased|cola_wide|C_at_base|t900|s9|confirm,glue,bert-base-uncased,cola_wide,cola,C_at_base,confirm,900,9,mcc,curvature=4.0;gat_edge_attr=0;gat_hidden_dim=256;gnn_input_clip=0.7;gnn_input_scale=1;graph_metric=cosine;hyp_gnn_type=gat;hyperbolic_gnn=1;jk_mode=max;lr=0.001;num_layers=4;proj_dim=128;scorer_hidden=128;tau_quantile=0.1;weight_decay=5e-05,cosine,max,0.001,128,5e-05,0,256,4,128,0.1,4.0,0.7,1,gat,1,47.18,141.36,0.10045,0.0
glue|bert-base-uncased|cola_wide|base_at_C|t901|s9|confirm,glue,bert-base-uncased,cola_wide,cola,base_at_C,confirm,901,9,mcc,gat_edge_attr=0;gat_hidden_dim=128;graph_metric=cosine;jk_mode=max;lr=0.001;num_layers=2;proj_dim=256;scorer_hidden=128;tau_quantile=0.38;weight_decay=5e-05,cosine,max,0.001,128,5e-05,0,128,2,256,0.38,,,,,,46.85,115.02,0.37519,0.0
glue|bert-base-uncased|cola_wide|base_at_base|t902|s9|confirm,glue,bert-base-uncased,cola_wide,cola,base_at_base,confirm,902,9,mcc,gat_edge_attr=0;gat_hidden_dim=256;graph_metric=cosine;jk_mode=max;lr=0.001;num_layers=4;proj_dim=128;scorer_hidden=128;tau_quantile=0.1;weight_decay=5e-05,cosine,max,0.001,128,5e-05,0,256,4,128,0.1,,,,,,41.95,118.21,0.10091,0.0
glue|bert-base-uncased|cola_wide|C_at_C|t903|s9|confirm,glue,bert-base-uncased,cola_wide,cola,C_at_C,confirm,903,9,mcc,curvature=4.0;gat_edge_attr=0;gat_hidden_dim=128;gnn_input_clip=0.7;gnn_input_scale=1;graph_metric=cosine;hyp_gnn_type=gat;hyperbolic_gnn=1;jk_mode=max;lr=0.001;num_layers=2;proj_dim=256;scorer_hidden=128;tau_quantile=0.38;weight_decay=5e-05,cosine,max,0.001,128,5e-05,0,128,2,256,0.38,4.0,0.7,1,gat,1,47.53,131.86,0.37577,0.0
glue|bert-base-uncased|cola_wide|C_at_base|t900|s10|confirm,glue,bert-base-uncased,cola_wide,cola,C_at_base,confirm,900,10,mcc,curvature=4.0;gat_edge_attr=0;gat_hidden_dim=256;gnn_input_clip=0.7;gnn_input_scale=1;graph_metric=cosine;hyp_gnn_type=gat;hyperbolic_gnn=1;jk_mode=max;lr=0.001;num_layers=4;proj_dim=128;scorer_hidden=128;tau_quantile=0.1;weight_decay=5e-05,cosine,max,0.001,128,5e-05,0,256,4,128,0.1,4.0,0.7,1,gat,1,43.59,142.04,0.09967,0.0
glue|bert-base-uncased|cola_wide|base_at_C|t901|s10|confirm,glue,bert-base-uncased,cola_wide,cola,base_at_C,confirm,901,10,mcc,gat_edge_attr=0;gat_hidden_dim=128;graph_metric=cosine;jk_mode=max;lr=0.001;num_layers=2;proj_dim=256;scorer_hidden=128;tau_quantile=0.38;weight_decay=5e-05,cosine,max,0.001,128,5e-05,0,128,2,256,0.38,,,,,,43.32,115.9,0.3761,0.0
glue|bert-base-uncased|cola_wide|base_at_base|t902|s10|confirm,glue,bert-base-uncased,cola_wide,cola,base_at_base,confirm,902,10,mcc,gat_edge_attr=0;gat_hidden_dim=256;graph_metric=cosine;jk_mode=max;lr=0.001;num_layers=4;proj_dim=128;scorer_hidden=128;tau_quantile=0.1;weight_decay=5e-05,cosine,max,0.001,128,5e-05,0,256,4,128,0.1,,,,,,43.38,118.25,0.1004,0.0
glue|bert-base-uncased|cola_wide|C_at_C|t903|s10|confirm,glue,bert-base-uncased,cola_wide,cola,C_at_C,confirm,903,10,mcc,curvature=4.0;gat_edge_attr=0;gat_hidden_dim=128;gnn_input_clip=0.7;gnn_input_scale=1;graph_metric=cosine;hyp_gnn_type=gat;hyperbolic_gnn=1;jk_mode=max;lr=0.001;num_layers=2;proj_dim=256;scorer_hidden=128;tau_quantile=0.38;weight_decay=5e-05,cosine,max,0.001,128,5e-05,0,128,2,256,0.38,4.0,0.7,1,gat,1,47.43,129.84,0.37584,0.0
glue|bert-base-uncased|cola_wide|C_at_base|t900|s11|confirm,glue,bert-base-uncased,cola_wide,cola,C_at_base,confirm,900,11,mcc,curvature=4.0;gat_edge_attr=0;gat_hidden_dim=256;gnn_input_clip=0.7;gnn_input_scale=1;graph_metric=cosine;hyp_gnn_type=gat;hyperbolic_gnn=1;jk_mode=max;lr=0.001;num_layers=4;proj_dim=128;scorer_hidden=128;tau_quantile=0.1;weight_decay=5e-05,cosine,max,0.001,128,5e-05,0,256,4,128,0.1,4.0,0.7,1,gat,1,44.68,142.12,0.09923,0.0
glue|bert-base-uncased|cola_wide|base_at_C|t901|s11|confirm,glue,bert-base-uncased,cola_wide,cola,base_at_C,confirm,901,11,mcc,gat_edge_attr=0;gat_hidden_dim=128;graph_metric=cosine;jk_mode=max;lr=0.001;num_layers=2;proj_dim=256;scorer_hidden=128;tau_quantile=0.38;weight_decay=5e-05,cosine,max,0.001,128,5e-05,0,128,2,256,0.38,,,,,,46.69,116.12,0.37614,0.0
glue|bert-base-uncased|cola_wide|base_at_base|t902|s11|confirm,glue,bert-base-uncased,cola_wide,cola,base_at_base,confirm,902,11,mcc,gat_edge_attr=0;gat_hidden_dim=256;graph_metric=cosine;jk_mode=max;lr=0.001;num_layers=4;proj_dim=128;scorer_hidden=128;tau_quantile=0.1;weight_decay=5e-05,cosine,max,0.001,128,5e-05,0,256,4,128,0.1,,,,,,44.81,117.84,0.09973,0.0
glue|bert-base-uncased|cola_wide|C_at_C|t903|s11|confirm,glue,bert-base-uncased,cola_wide,cola,C_at_C,confirm,903,11,mcc,curvature=4.0;gat_edge_attr=0;gat_hidden_dim=128;gnn_input_clip=0.7;gnn_input_scale=1;graph_metric=cosine;hyp_gnn_type=gat;hyperbolic_gnn=1;jk_mode=max;lr=0.001;num_layers=2;proj_dim=256;scorer_hidden=128;tau_quantile=0.38;weight_decay=5e-05,cosine,max,0.001,128,5e-05,0,128,2,256,0.38,4.0,0.7,1,gat,1,45.55,129.89,0.37586,0.0
glue|bert-base-uncased|cola_wide|C_at_base|t900|s12|confirm,glue,bert-base-uncased,cola_wide,cola,C_at_base,confirm,900,12,mcc,curvature=4.0;gat_edge_attr=0;gat_hidden_dim=256;gnn_input_clip=0.7;gnn_input_scale=1;graph_metric=cosine;hyp_gnn_type=gat;hyperbolic_gnn=1;jk_mode=max;lr=0.001;num_layers=4;proj_dim=128;scorer_hidden=128;tau_quantile=0.1;weight_decay=5e-05,cosine,max,0.001,128,5e-05,0,256,4,128,0.1,4.0,0.7,1,gat,1,44.18,143.34,0.10007,0.0
glue|bert-base-uncased|cola_wide|base_at_C|t901|s12|confirm,glue,bert-base-uncased,cola_wide,cola,base_at_C,confirm,901,12,mcc,gat_edge_attr=0;gat_hidden_dim=128;graph_metric=cosine;jk_mode=max;lr=0.001;num_layers=2;proj_dim=256;scorer_hidden=128;tau_quantile=0.38;weight_decay=5e-05,cosine,max,0.001,128,5e-05,0,128,2,256,0.38,,,,,,45.63,116.28,0.37575,0.0
glue|bert-base-uncased|cola_wide|base_at_base|t902|s12|confirm,glue,bert-base-uncased,cola_wide,cola,base_at_base,confirm,902,12,mcc,gat_edge_attr=0;gat_hidden_dim=256;graph_metric=cosine;jk_mode=max;lr=0.001;num_layers=4;proj_dim=128;scorer_hidden=128;tau_quantile=0.1;weight_decay=5e-05,cosine,max,0.001,128,5e-05,0,256,4,128,0.1,,,,,,46.97,118.04,0.10049,0.0
glue|bert-base-uncased|cola_wide|C_at_C|t903|s12|confirm,glue,bert-base-uncased,cola_wide,cola,C_at_C,confirm,903,12,mcc,curvature=4.0;gat_edge_attr=0;gat_hidden_dim=128;gnn_input_clip=0.7;gnn_input_scale=1;graph_metric=cosine;hyp_gnn_type=gat;hyperbolic_gnn=1;jk_mode=max;lr=0.001;num_layers=2;proj_dim=256;scorer_hidden=128;tau_quantile=0.38;weight_decay=5e-05,cosine,max,0.001,128,5e-05,0,128,2,256,0.38,4.0,0.7,1,gat,1,46.94,130.09,0.37618,0.0
glue|bert-base-uncased|cola_wide|C_at_base|t900|s13|confirm,glue,bert-base-uncased,cola_wide,cola,C_at_base,confirm,900,13,mcc,curvature=4.0;gat_edge_attr=0;gat_hidden_dim=256;gnn_input_clip=0.7;gnn_input_scale=1;graph_metric=cosine;hyp_gnn_type=gat;hyperbolic_gnn=1;jk_mode=max;lr=0.001;num_layers=4;proj_dim=128;scorer_hidden=128;tau_quantile=0.1;weight_decay=5e-05,cosine,max,0.001,128,5e-05,0,256,4,128,0.1,4.0,0.7,1,gat,1,43.61,142.83,0.09975,0.0
glue|bert-base-uncased|cola_wide|base_at_C|t901|s13|confirm,glue,bert-base-uncased,cola_wide,cola,base_at_C,confirm,901,13,mcc,gat_edge_attr=0;gat_hidden_dim=128;graph_metric=cosine;jk_mode=max;lr=0.001;num_layers=2;proj_dim=256;scorer_hidden=128;tau_quantile=0.38;weight_decay=5e-05,cosine,max,0.001,128,5e-05,0,128,2,256,0.38,,,,,,47.76,115.39,0.3761,0.0
glue|bert-base-uncased|cola_wide|base_at_base|t902|s13|confirm,glue,bert-base-uncased,cola_wide,cola,base_at_base,confirm,902,13,mcc,gat_edge_attr=0;gat_hidden_dim=256;graph_metric=cosine;jk_mode=max;lr=0.001;num_layers=4;proj_dim=128;scorer_hidden=128;tau_quantile=0.1;weight_decay=5e-05,cosine,max,0.001,128,5e-05,0,256,4,128,0.1,,,,,,43.14,117.49,0.09923,0.0
glue|bert-base-uncased|cola_wide|C_at_C|t903|s13|confirm,glue,bert-base-uncased,cola_wide,cola,C_at_C,confirm,903,13,mcc,curvature=4.0;gat_edge_attr=0;gat_hidden_dim=128;gnn_input_clip=0.7;gnn_input_scale=1;graph_metric=cosine;hyp_gnn_type=gat;hyperbolic_gnn=1;jk_mode=max;lr=0.001;num_layers=2;proj_dim=256;scorer_hidden=128;tau_quantile=0.38;weight_decay=5e-05,cosine,max,0.001,128,5e-05,0,128,2,256,0.38,4.0,0.7,1,gat,1,43.97,129.65,0.3761,0.0
glue|bert-base-uncased|cola_wide|C_at_base|t900|s14|confirm,glue,bert-base-uncased,cola_wide,cola,C_at_base,confirm,900,14,mcc,curvature=4.0;gat_edge_attr=0;gat_hidden_dim=256;gnn_input_clip=0.7;gnn_input_scale=1;graph_metric=cosine;hyp_gnn_type=gat;hyperbolic_gnn=1;jk_mode=max;lr=0.001;num_layers=4;proj_dim=128;scorer_hidden=128;tau_quantile=0.1;weight_decay=5e-05,cosine,max,0.001,128,5e-05,0,256,4,128,0.1,4.0,0.7,1,gat,1,42.28,142.05,0.09976,0.0
glue|bert-base-uncased|cola_wide|base_at_C|t901|s14|confirm,glue,bert-base-uncased,cola_wide,cola,base_at_C,confirm,901,14,mcc,gat_edge_attr=0;gat_hidden_dim=128;graph_metric=cosine;jk_mode=max;lr=0.001;num_layers=2;proj_dim=256;scorer_hidden=128;tau_quantile=0.38;weight_decay=5e-05,cosine,max,0.001,128,5e-05,0,128,2,256,0.38,,,,,,45.82,115.66,0.37648,0.0
glue|bert-base-uncased|cola_wide|base_at_base|t902|s14|confirm,glue,bert-base-uncased,cola_wide,cola,base_at_base,confirm,902,14,mcc,gat_edge_attr=0;gat_hidden_dim=256;graph_metric=cosine;jk_mode=max;lr=0.001;num_layers=4;proj_dim=128;scorer_hidden=128;tau_quantile=0.1;weight_decay=5e-05,cosine,max,0.001,128,5e-05,0,256,4,128,0.1,,,,,,46.83,117.53,0.09986,0.0
glue|bert-base-uncased|cola_wide|C_at_C|t903|s14|confirm,glue,bert-base-uncased,cola_wide,cola,C_at_C,confirm,903,14,mcc,curvature=4.0;gat_edge_attr=0;gat_hidden_dim=128;gnn_input_clip=0.7;gnn_input_scale=1;graph_metric=cosine;hyp_gnn_type=gat;hyperbolic_gnn=1;jk_mode=max;lr=0.001;num_layers=2;proj_dim=256;scorer_hidden=128;tau_quantile=0.38;weight_decay=5e-05,cosine,max,0.001,128,5e-05,0,128,2,256,0.38,4.0,0.7,1,gat,1,45.8,130.49,0.37609,0.0
glue|bert-base-uncased|cola_wide|C_at_base|t900|s15|confirm,glue,bert-base-uncased,cola_wide,cola,C_at_base,confirm,900,15,mcc,curvature=4.0;gat_edge_attr=0;gat_hidden_dim=256;gnn_input_clip=0.7;gnn_input_scale=1;graph_metric=cosine;hyp_gnn_type=gat;hyperbolic_gnn=1;jk_mode=max;lr=0.001;num_layers=4;proj_dim=128;scorer_hidden=128;tau_quantile=0.1;weight_decay=5e-05,cosine,max,0.001,128,5e-05,0,256,4,128,0.1,4.0,0.7,1,gat,1,45.07,144.02,0.0998,0.0
glue|bert-base-uncased|cola_wide|base_at_C|t901|s15|confirm,glue,bert-base-uncased,cola_wide,cola,base_at_C,confirm,901,15,mcc,gat_edge_attr=0;gat_hidden_dim=128;graph_metric=cosine;jk_mode=max;lr=0.001;num_layers=2;proj_dim=256;scorer_hidden=128;tau_quantile=0.38;weight_decay=5e-05,cosine,max,0.001,128,5e-05,0,128,2,256,0.38,,,,,,46.51,115.97,0.37565,0.0
glue|bert-base-uncased|cola_wide|base_at_base|t902|s15|confirm,glue,bert-base-uncased,cola_wide,cola,base_at_base,confirm,902,15,mcc,gat_edge_attr=0;gat_hidden_dim=256;graph_metric=cosine;jk_mode=max;lr=0.001;num_layers=4;proj_dim=128;scorer_hidden=128;tau_quantile=0.1;weight_decay=5e-05,cosine,max,0.001,128,5e-05,0,256,4,128,0.1,,,,,,45.04,118.67,0.10065,0.0
glue|bert-base-uncased|cola_wide|C_at_C|t903|s15|confirm,glue,bert-base-uncased,cola_wide,cola,C_at_C,confirm,903,15,mcc,curvature=4.0;gat_edge_attr=0;gat_hidden_dim=128;gnn_input_clip=0.7;gnn_input_scale=1;graph_metric=cosine;hyp_gnn_type=gat;hyperbolic_gnn=1;jk_mode=max;lr=0.001;num_layers=2;proj_dim=256;scorer_hidden=128;tau_quantile=0.38;weight_decay=5e-05,cosine,max,0.001,128,5e-05,0,128,2,256,0.38,4.0,0.7,1,gat,1,44.8,130.66,0.37571,0.0
glue|bert-base-uncased|cola_wide|C_at_base|t900|s16|confirm,glue,bert-base-uncased,cola_wide,cola,C_at_base,confirm,900,16,mcc,curvature=4.0;gat_edge_attr=0;gat_hidden_dim=256;gnn_input_clip=0.7;gnn_input_scale=1;graph_metric=cosine;hyp_gnn_type=gat;hyperbolic_gnn=1;jk_mode=max;lr=0.001;num_layers=4;proj_dim=128;scorer_hidden=128;tau_quantile=0.1;weight_decay=5e-05,cosine,max,0.001,128,5e-05,0,256,4,128,0.1,4.0,0.7,1,gat,1,41.81,142.82,0.09914,0.0
glue|bert-base-uncased|cola_wide|base_at_C|t901|s16|confirm,glue,bert-base-uncased,cola_wide,cola,base_at_C,confirm,901,16,mcc,gat_edge_attr=0;gat_hidden_dim=128;graph_metric=cosine;jk_mode=max;lr=0.001;num_layers=2;proj_dim=256;scorer_hidden=128;tau_quantile=0.38;weight_decay=5e-05,cosine,max,0.001,128,5e-05,0,128,2,256,0.38,,,,,,44.61,116.52,0.37545,0.0
glue|bert-base-uncased|cola_wide|base_at_base|t902|s16|confirm,glue,bert-base-uncased,cola_wide,cola,base_at_base,confirm,902,16,mcc,gat_edge_attr=0;gat_hidden_dim=256;graph_metric=cosine;jk_mode=max;lr=0.001;num_layers=4;proj_dim=128;scorer_hidden=128;tau_quantile=0.1;weight_decay=5e-05,cosine,max,0.001,128,5e-05,0,256,4,128,0.1,,,,,,45.5,118.33,0.09928,0.0
glue|bert-base-uncased|cola_wide|C_at_C|t903|s16|confirm,glue,bert-base-uncased,cola_wide,cola,C_at_C,confirm,903,16,mcc,curvature=4.0;gat_edge_attr=0;gat_hidden_dim=128;gnn_input_clip=0.7;gnn_input_scale=1;graph_metric=cosine;hyp_gnn_type=gat;hyperbolic_gnn=1;jk_mode=max;lr=0.001;num_layers=2;proj_dim=256;scorer_hidden=128;tau_quantile=0.38;weight_decay=5e-05,cosine,max,0.001,128,5e-05,0,128,2,256,0.38,4.0,0.7,1,gat,1,48.15,131.69,0.37471,0.0
glue|bert-base-uncased|cola_wide|C_at_base|t900|s17|confirm,glue,bert-base-uncased,cola_wide,cola,C_at_base,confirm,900,17,mcc,curvature=4.0;gat_edge_attr=0;gat_hidden_dim=256;gnn_input_clip=0.7;gnn_input_scale=1;graph_metric=cosine;hyp_gnn_type=gat;hyperbolic_gnn=1;jk_mode=max;lr=0.001;num_layers=4;proj_dim=128;scorer_hidden=128;tau_quantile=0.1;weight_decay=5e-05,cosine,max,0.001,128,5e-05,0,256,4,128,0.1,4.0,0.7,1,gat,1,45.04,142.22,0.10004,0.0
glue|bert-base-uncased|cola_wide|base_at_C|t901|s17|confirm,glue,bert-base-uncased,cola_wide,cola,base_at_C,confirm,901,17,mcc,gat_edge_attr=0;gat_hidden_dim=128;graph_metric=cosine;jk_mode=max;lr=0.001;num_layers=2;proj_dim=256;scorer_hidden=128;tau_quantile=0.38;weight_decay=5e-05,cosine,max,0.001,128,5e-05,0,128,2,256,0.38,,,,,,47.13,115.59,0.37553,0.0
glue|bert-base-uncased|cola_wide|base_at_base|t902|s17|confirm,glue,bert-base-uncased,cola_wide,cola,base_at_base,confirm,902,17,mcc,gat_edge_attr=0;gat_hidden_dim=256;graph_metric=cosine;jk_mode=max;lr=0.001;num_layers=4;proj_dim=128;scorer_hidden=128;tau_quantile=0.1;weight_decay=5e-05,cosine,max,0.001,128,5e-05,0,256,4,128,0.1,,,,,,43.26,118.49,0.09919,0.0
glue|bert-base-uncased|cola_wide|C_at_C|t903|s17|confirm,glue,bert-base-uncased,cola_wide,cola,C_at_C,confirm,903,17,mcc,curvature=4.0;gat_edge_attr=0;gat_hidden_dim=128;gnn_input_clip=0.7;gnn_input_scale=1;graph_metric=cosine;hyp_gnn_type=gat;hyperbolic_gnn=1;jk_mode=max;lr=0.001;num_layers=2;proj_dim=256;scorer_hidden=128;tau_quantile=0.38;weight_decay=5e-05,cosine,max,0.001,128,5e-05,0,128,2,256,0.38,4.0,0.7,1,gat,1,44.4,130.35,0.37596,0.0
glue|bert-base-uncased|cola_wide|C_at_base|t900|s18|confirm,glue,bert-base-uncased,cola_wide,cola,C_at_base,confirm,900,18,mcc,curvature=4.0;gat_edge_attr=0;gat_hidden_dim=256;gnn_input_clip=0.7;gnn_input_scale=1;graph_metric=cosine;hyp_gnn_type=gat;hyperbolic_gnn=1;jk_mode=max;lr=0.001;num_layers=4;proj_dim=128;scorer_hidden=128;tau_quantile=0.1;weight_decay=5e-05,cosine,max,0.001,128,5e-05,0,256,4,128,0.1,4.0,0.7,1,gat,1,48.07,142.71,0.09973,0.0
glue|bert-base-uncased|cola_wide|base_at_C|t901|s18|confirm,glue,bert-base-uncased,cola_wide,cola,base_at_C,confirm,901,18,mcc,gat_edge_attr=0;gat_hidden_dim=128;graph_metric=cosine;jk_mode=max;lr=0.001;num_layers=2;proj_dim=256;scorer_hidden=128;tau_quantile=0.38;weight_decay=5e-05,cosine,max,0.001,128,5e-05,0,128,2,256,0.38,,,,,,46.05,115.27,0.37582,0.0
glue|bert-base-uncased|cola_wide|base_at_base|t902|s18|confirm,glue,bert-base-uncased,cola_wide,cola,base_at_base,confirm,902,18,mcc,gat_edge_attr=0;gat_hidden_dim=256;graph_metric=cosine;jk_mode=max;lr=0.001;num_layers=4;proj_dim=128;scorer_hidden=128;tau_quantile=0.1;weight_decay=5e-05,cosine,max,0.001,128,5e-05,0,256,4,128,0.1,,,,,,45.61,120.54,0.0997,0.0
glue|bert-base-uncased|cola_wide|C_at_C|t903|s18|confirm,glue,bert-base-uncased,cola_wide,cola,C_at_C,confirm,903,18,mcc,curvature=4.0;gat_edge_attr=0;gat_hidden_dim=128;gnn_input_clip=0.7;gnn_input_scale=1;graph_metric=cosine;hyp_gnn_type=gat;hyperbolic_gnn=1;jk_mode=max;lr=0.001;num_layers=2;proj_dim=256;scorer_hidden=128;tau_quantile=0.38;weight_decay=5e-05,cosine,max,0.001,128,5e-05,0,128,2,256,0.38,4.0,0.7,1,gat,1,46.92,132.83,0.37576,0.0
glue|bert-base-uncased|cola_wide|C_at_base|t900|s19|confirm,glue,bert-base-uncased,cola_wide,cola,C_at_base,confirm,900,19,mcc,curvature=4.0;gat_edge_attr=0;gat_hidden_dim=256;gnn_input_clip=0.7;gnn_input_scale=1;graph_metric=cosine;hyp_gnn_type=gat;hyperbolic_gnn=1;jk_mode=max;lr=0.001;num_layers=4;proj_dim=128;scorer_hidden=128;tau_quantile=0.1;weight_decay=5e-05,cosine,max,0.001,128,5e-05,0,256,4,128,0.1,4.0,0.7,1,gat,1,45.92,141.92,0.09912,0.0
glue|bert-base-uncased|cola_wide|base_at_C|t901|s19|confirm,glue,bert-base-uncased,cola_wide,cola,base_at_C,confirm,901,19,mcc,gat_edge_attr=0;gat_hidden_dim=128;graph_metric=cosine;jk_mode=max;lr=0.001;num_layers=2;proj_dim=256;scorer_hidden=128;tau_quantile=0.38;weight_decay=5e-05,cosine,max,0.001,128,5e-05,0,128,2,256,0.38,,,,,,46.91,116.84,0.37696,0.0
glue|bert-base-uncased|cola_wide|base_at_base|t902|s19|confirm,glue,bert-base-uncased,cola_wide,cola,base_at_base,confirm,902,19,mcc,gat_edge_attr=0;gat_hidden_dim=256;graph_metric=cosine;jk_mode=max;lr=0.001;num_layers=4;proj_dim=128;scorer_hidden=128;tau_quantile=0.1;weight_decay=5e-05,cosine,max,0.001,128,5e-05,0,256,4,128,0.1,,,,,,43.93,118.16,0.10015,0.0
glue|bert-base-uncased|cola_wide|C_at_C|t903|s19|confirm,glue,bert-base-uncased,cola_wide,cola,C_at_C,confirm,903,19,mcc,curvature=4.0;gat_edge_attr=0;gat_hidden_dim=128;gnn_input_clip=0.7;gnn_input_scale=1;graph_metric=cosine;hyp_gnn_type=gat;hyperbolic_gnn=1;jk_mode=max;lr=0.001;num_layers=2;proj_dim=256;scorer_hidden=128;tau_quantile=0.38;weight_decay=5e-05,cosine,max,0.001,128,5e-05,0,128,2,256,0.38,4.0,0.7,1,gat,1,46.73,131.77,0.37539,0.0
glue|bert-base-uncased|cola_wide|C_at_base|t900|s20|confirm,glue,bert-base-uncased,cola_wide,cola,C_at_base,confirm,900,20,mcc,curvature=4.0;gat_edge_attr=0;gat_hidden_dim=256;gnn_input_clip=0.7;gnn_input_scale=1;graph_metric=cosine;hyp_gnn_type=gat;hyperbolic_gnn=1;jk_mode=max;lr=0.001;num_layers=4;proj_dim=128;scorer_hidden=128;tau_quantile=0.1;weight_decay=5e-05,cosine,max,0.001,128,5e-05,0,256,4,128,0.1,4.0,0.7,1,gat,1,44.09,143.04,0.10074,0.0
glue|bert-base-uncased|cola_wide|base_at_C|t901|s20|confirm,glue,bert-base-uncased,cola_wide,cola,base_at_C,confirm,901,20,mcc,gat_edge_attr=0;gat_hidden_dim=128;graph_metric=cosine;jk_mode=max;lr=0.001;num_layers=2;proj_dim=256;scorer_hidden=128;tau_quantile=0.38;weight_decay=5e-05,cosine,max,0.001,128,5e-05,0,128,2,256,0.38,,,,,,45.45,116.86,0.37659,0.0
glue|bert-base-uncased|cola_wide|base_at_base|t902|s20|confirm,glue,bert-base-uncased,cola_wide,cola,base_at_base,confirm,902,20,mcc,gat_edge_attr=0;gat_hidden_dim=256;graph_metric=cosine;jk_mode=max;lr=0.001;num_layers=4;proj_dim=128;scorer_hidden=128;tau_quantile=0.1;weight_decay=5e-05,cosine,max,0.001,128,5e-05,0,256,4,128,0.1,,,,,,42.73,118.89,0.10096,0.0
glue|bert-base-uncased|cola_wide|C_at_C|t903|s20|confirm,glue,bert-base-uncased,cola_wide,cola,C_at_C,confirm,903,20,mcc,curvature=4.0;gat_edge_attr=0;gat_hidden_dim=128;gnn_input_clip=0.7;gnn_input_scale=1;graph_metric=cosine;hyp_gnn_type=gat;hyperbolic_gnn=1;jk_mode=max;lr=0.001;num_layers=2;proj_dim=256;scorer_hidden=128;tau_quantile=0.38;weight_decay=5e-05,cosine,max,0.001,128,5e-05,0,128,2,256,0.38,4.0,0.7,1,gat,1,47.73,130.86,0.37584,0.0
glue|bert-base-uncased|cola_wide|C_at_base|t900|s21|confirm,glue,bert-base-uncased,cola_wide,cola,C_at_base,confirm,900,21,mcc,curvature=4.0;gat_edge_attr=0;gat_hidden_dim=256;gnn_input_clip=0.7;gnn_input_scale=1;graph_metric=cosine;hyp_gnn_type=gat;hyperbolic_gnn=1;jk_mode=max;lr=0.001;num_layers=4;proj_dim=128;scorer_hidden=128;tau_quantile=0.1;weight_decay=5e-05,cosine,max,0.001,128,5e-05,0,256,4,128,0.1,4.0,0.7,1,gat,1,46.81,142.33,0.09951,0.0
glue|bert-base-uncased|cola_wide|base_at_C|t901|s21|confirm,glue,bert-base-uncased,cola_wide,cola,base_at_C,confirm,901,21,mcc,gat_edge_attr=0;gat_hidden_dim=128;graph_metric=cosine;jk_mode=max;lr=0.001;num_layers=2;proj_dim=256;scorer_hidden=128;tau_quantile=0.38;weight_decay=5e-05,cosine,max,0.001,128,5e-05,0,128,2,256,0.38,,,,,,43.79,116.99,0.3758,0.0
glue|bert-base-uncased|cola_wide|base_at_base|t902|s21|confirm,glue,bert-base-uncased,cola_wide,cola,base_at_base,confirm,902,21,mcc,gat_edge_attr=0;gat_hidden_dim=256;graph_metric=cosine;jk_mode=max;lr=0.001;num_layers=4;proj_dim=128;scorer_hidden=128;tau_quantile=0.1;weight_decay=5e-05,cosine,max,0.001,128,5e-05,0,256,4,128,0.1,,,,,,45.31,119.06,0.09994,0.0
glue|bert-base-uncased|cola_wide|C_at_C|t903|s21|confirm,glue,bert-base-uncased,cola_wide,cola,C_at_C,confirm,903,21,mcc,curvature=4.0;gat_edge_attr=0;gat_hidden_dim=128;gnn_input_clip=0.7;gnn_input_scale=1;graph_metric=cosine;hyp_gnn_type=gat;hyperbolic_gnn=1;jk_mode=max;lr=0.001;num_layers=2;proj_dim=256;scorer_hidden=128;tau_quantile=0.38;weight_decay=5e-05,cosine,max,0.001,128,5e-05,0,128,2,256,0.38,4.0,0.7,1,gat,1,43.61,130.62,0.37651,0.0
glue|bert-base-uncased|cola_wide|C_at_base|t900|s22|confirm,glue,bert-base-uncased,cola_wide,cola,C_at_base,confirm,900,22,mcc,curvature=4.0;gat_edge_attr=0;gat_hidden_dim=256;gnn_input_clip=0.7;gnn_input_scale=1;graph_metric=cosine;hyp_gnn_type=gat;hyperbolic_gnn=1;jk_mode=max;lr=0.001;num_layers=4;proj_dim=128;scorer_hidden=128;tau_quantile=0.1;weight_decay=5e-05,cosine,max,0.001,128,5e-05,0,256,4,128,0.1,4.0,0.7,1,gat,1,44.7,142.47,0.10071,0.0
glue|bert-base-uncased|cola_wide|base_at_C|t901|s22|confirm,glue,bert-base-uncased,cola_wide,cola,base_at_C,confirm,901,22,mcc,gat_edge_attr=0;gat_hidden_dim=128;graph_metric=cosine;jk_mode=max;lr=0.001;num_layers=2;proj_dim=256;scorer_hidden=128;tau_quantile=0.38;weight_decay=5e-05,cosine,max,0.001,128,5e-05,0,128,2,256,0.38,,,,,,45.87,116.47,0.37612,0.0
glue|bert-base-uncased|cola_wide|base_at_base|t902|s22|confirm,glue,bert-base-uncased,cola_wide,cola,base_at_base,confirm,902,22,mcc,gat_edge_attr=0;gat_hidden_dim=256;graph_metric=cosine;jk_mode=max;lr=0.001;num_layers=4;proj_dim=128;scorer_hidden=128;tau_quantile=0.1;weight_decay=5e-05,cosine,max,0.001,128,5e-05,0,256,4,128,0.1,,,,,,44.69,118.29,0.09955,0.0
glue|bert-base-uncased|cola_wide|C_at_C|t903|s22|confirm,glue,bert-base-uncased,cola_wide,cola,C_at_C,confirm,903,22,mcc,curvature=4.0;gat_edge_attr=0;gat_hidden_dim=128;gnn_input_clip=0.7;gnn_input_scale=1;graph_metric=cosine;hyp_gnn_type=gat;hyperbolic_gnn=1;jk_mode=max;lr=0.001;num_layers=2;proj_dim=256;scorer_hidden=128;tau_quantile=0.38;weight_decay=5e-05,cosine,max,0.001,128,5e-05,0,128,2,256,0.38,4.0,0.7,1,gat,1,47.02,129.86,0.37591,0.0
glue|bert-base-uncased|cola_wide|C_at_base|t900|s23|confirm,glue,bert-base-uncased,cola_wide,cola,C_at_base,confirm,900,23,mcc,curvature=4.0;gat_edge_attr=0;gat_hidden_dim=256;gnn_input_clip=0.7;gnn_input_scale=1;graph_metric=cosine;hyp_gnn_type=gat;hyperbolic_gnn=1;jk_mode=max;lr=0.001;num_layers=4;proj_dim=128;scorer_hidden=128;tau_quantile=0.1;weight_decay=5e-05,cosine,max,0.001,128,5e-05,0,256,4,128,0.1,4.0,0.7,1,gat,1,46.14,143.35,0.1004,0.0
glue|bert-base-uncased|cola_wide|base_at_C|t901|s23|confirm,glue,bert-base-uncased,cola_wide,cola,base_at_C,confirm,901,23,mcc,gat_edge_attr=0;gat_hidden_dim=128;graph_metric=cosine;jk_mode=max;lr=0.001;num_layers=2;proj_dim=256;scorer_hidden=128;tau_quantile=0.38;weight_decay=5e-05,cosine,max,0.001,128,5e-05,0,128,2,256,0.38,,,,,,46.45,116.3,0.37547,0.0
glue|bert-base-uncased|cola_wide|base_at_base|t902|s23|confirm,glue,bert-base-uncased,cola_wide,cola,base_at_base,confirm,902,23,mcc,gat_edge_attr=0;gat_hidden_dim=256;graph_metric=cosine;jk_mode=max;lr=0.001;num_layers=4;proj_dim=128;scorer_hidden=128;tau_quantile=0.1;weight_decay=5e-05,cosine,max,0.001,128,5e-05,0,256,4,128,0.1,,,,,,44.72,118.06,0.09949,0.0
glue|bert-base-uncased|cola_wide|C_at_C|t903|s23|confirm,glue,bert-base-uncased,cola_wide,cola,C_at_C,confirm,903,23,mcc,curvature=4.0;gat_edge_attr=0;gat_hidden_dim=128;gnn_input_clip=0.7;gnn_input_scale=1;graph_metric=cosine;hyp_gnn_type=gat;hyperbolic_gnn=1;jk_mode=max;lr=0.001;num_layers=2;proj_dim=256;scorer_hidden=128;tau_quantile=0.38;weight_decay=5e-05,cosine,max,0.001,128,5e-05,0,128,2,256,0.38,4.0,0.7,1,gat,1,47.29,129.92,0.37638,0.0
glue|bert-base-uncased|cola_wide|C_at_base|t900|s24|confirm,glue,bert-base-uncased,cola_wide,cola,C_at_base,confirm,900,24,mcc,curvature=4.0;gat_edge_attr=0;gat_hidden_dim=256;gnn_input_clip=0.7;gnn_input_scale=1;graph_metric=cosine;hyp_gnn_type=gat;hyperbolic_gnn=1;jk_mode=max;lr=0.001;num_layers=4;proj_dim=128;scorer_hidden=128;tau_quantile=0.1;weight_decay=5e-05,cosine,max,0.001,128,5e-05,0,256,4,128,0.1,4.0,0.7,1,gat,1,48.28,143.23,0.09978,0.0
glue|bert-base-uncased|cola_wide|base_at_C|t901|s24|confirm,glue,bert-base-uncased,cola_wide,cola,base_at_C,confirm,901,24,mcc,gat_edge_attr=0;gat_hidden_dim=128;graph_metric=cosine;jk_mode=max;lr=0.001;num_layers=2;proj_dim=256;scorer_hidden=128;tau_quantile=0.38;weight_decay=5e-05,cosine,max,0.001,128,5e-05,0,128,2,256,0.38,,,,,,42.59,116.59,0.37631,0.0
glue|bert-base-uncased|cola_wide|base_at_base|t902|s24|confirm,glue,bert-base-uncased,cola_wide,cola,base_at_base,confirm,902,24,mcc,gat_edge_attr=0;gat_hidden_dim=256;graph_metric=cosine;jk_mode=max;lr=0.001;num_layers=4;proj_dim=128;scorer_hidden=128;tau_quantile=0.1;weight_decay=5e-05,cosine,max,0.001,128,5e-05,0,256,4,128,0.1,,,,,,42.95,118.22,0.10007,0.0
glue|bert-base-uncased|cola_wide|C_at_C|t903|s24|confirm,glue,bert-base-uncased,cola_wide,cola,C_at_C,confirm,903,24,mcc,curvature=4.0;gat_edge_attr=0;gat_hidden_dim=128;gnn_input_clip=0.7;gnn_input_scale=1;graph_metric=cosine;hyp_gnn_type=gat;hyperbolic_gnn=1;jk_mode=max;lr=0.001;num_layers=2;proj_dim=256;scorer_hidden=128;tau_quantile=0.38;weight_decay=5e-05,cosine,max,0.001,128,5e-05,0,128,2,256,0.38,4.0,0.7,1,gat,1,45.67,130.91,0.37502,0.0
glue|bert-base-uncased|cola_wide|C_at_base|t900|s25|confirm,glue,bert-base-uncased,cola_wide,cola,C_at_base,confirm,900,25,mcc,curvature=4.0;gat_edge_attr=0;gat_hidden_dim=256;gnn_input_clip=0.7;gnn_input_scale=1;graph_metric=cosine;hyp_gnn_type=gat;hyperbolic_gnn=1;jk_mode=max;lr=0.001;num_layers=4;proj_dim=128;scorer_hidden=128;tau_quantile=0.1;weight_decay=5e-05,cosine,max,0.001,128,5e-05,0,256,4,128,0.1,4.0,0.7,1,gat,1,46.61,142.72,0.09915,0.0
glue|bert-base-uncased|cola_wide|base_at_C|t901|s25|confirm,glue,bert-base-uncased,cola_wide,cola,base_at_C,confirm,901,25,mcc,gat_edge_attr=0;gat_hidden_dim=128;graph_metric=cosine;jk_mode=max;lr=0.001;num_layers=2;proj_dim=256;scorer_hidden=128;tau_quantile=0.38;weight_decay=5e-05,cosine,max,0.001,128,5e-05,0,128,2,256,0.38,,,,,,47.51,115.83,0.37573,0.0
glue|bert-base-uncased|cola_wide|base_at_base|t902|s25|confirm,glue,bert-base-uncased,cola_wide,cola,base_at_base,confirm,902,25,mcc,gat_edge_attr=0;gat_hidden_dim=256;graph_metric=cosine;jk_mode=max;lr=0.001;num_layers=4;proj_dim=128;scorer_hidden=128;tau_quantile=0.1;weight_decay=5e-05,cosine,max,0.001,128,5e-05,0,256,4,128,0.1,,,,,,46.97,118.71,0.09973,0.0
glue|bert-base-uncased|cola_wide|C_at_C|t903|s25|confirm,glue,bert-base-uncased,cola_wide,cola,C_at_C,confirm,903,25,mcc,curvature=4.0;gat_edge_attr=0;gat_hidden_dim=128;gnn_input_clip=0.7;gnn_input_scale=1;graph_metric=cosine;hyp_gnn_type=gat;hyperbolic_gnn=1;jk_mode=max;lr=0.001;num_layers=2;proj_dim=256;scorer_hidden=128;tau_quantile=0.38;weight_decay=5e-05,cosine,max,0.001,128,5e-05,0,128,2,256,0.38,4.0,0.7,1,gat,1,48.17,130.0,0.37607,0.0
glue|bert-base-uncased|cola_wide|C_at_base|t900|s26|confirm,glue,bert-base-uncased,cola_wide,cola,C_at_base,confirm,900,26,mcc,curvature=4.0;gat_edge_attr=0;gat_hidden_dim=256;gnn_input_clip=0.7;gnn_input_scale=1;graph_metric=cosine;hyp_gnn_type=gat;hyperbolic_gnn=1;jk_mode=max;lr=0.001;num_layers=4;proj_dim=128;scorer_hidden=128;tau_quantile=0.1;weight_decay=5e-05,cosine,max,0.001,128,5e-05,0,256,4,128,0.1,4.0,0.7,1,gat,1,45.65,142.88,0.0991,0.0
glue|bert-base-uncased|cola_wide|base_at_C|t901|s26|confirm,glue,bert-base-uncased,cola_wide,cola,base_at_C,confirm,901,26,mcc,gat_edge_attr=0;gat_hidden_dim=128;graph_metric=cosine;jk_mode=max;lr=0.001;num_layers=2;proj_dim=256;scorer_hidden=128;tau_quantile=0.38;weight_decay=5e-05,cosine,max,0.001,128,5e-05,0,128,2,256,0.38,,,,,,42.69,116.44,0.3753,0.0
glue|bert-base-uncased|cola_wide|base_at_base|t902|s26|confirm,glue,bert-base-uncased,cola_wide,cola,base_at_base,confirm,902,26,mcc,gat_edge_attr=0;gat_hidden_dim=256;graph_metric=cosine;jk_mode=max;lr=0.001;num_layers=4;proj_dim=128;scorer_hidden=128;tau_quantile=0.1;weight_decay=5e-05,cosine,max,0.001,128,5e-05,0,256,4,128,0.1,,,,,,46.23,117.78,0.10013,0.0
glue|bert-base-uncased|cola_wide|C_at_C|t903|s26|confirm,glue,bert-base-uncased,cola_wide,cola,C_at_C,confirm,903,26,mcc,curvature=4.0;gat_edge_attr=0;gat_hidden_dim=128;gnn_input_clip=0.7;gnn_input_scale=1;graph_metric=cosine;hyp_gnn_type=gat;hyperbolic_gnn=1;jk_mode=max;lr=0.001;num_layers=2;proj_dim=256;scorer_hidden=128;tau_quantile=0.38;weight_decay=5e-05,cosine,max,0.001,128,5e-05,0,128,2,256,0.38,4.0,0.7,1,gat,1,49.79,130.9,0.37614,0.0
glue|bert-base-uncased|cola_wide|C_at_base|t900|s27|confirm,glue,bert-base-uncased,cola_wide,cola,C_at_base,confirm,900,27,mcc,curvature=4.0;gat_edge_attr=0;gat_hidden_dim=256;gnn_input_clip=0.7;gnn_input_scale=1;graph_metric=cosine;hyp_gnn_type=gat;hyperbolic_gnn=1;jk_mode=max;lr=0.001;num_layers=4;proj_dim=128;scorer_hidden=128;tau_quantile=0.1;weight_decay=5e-05,cosine,max,0.001,128,5e-05,0,256,4,128,0.1,4.0,0.7,1,gat,1,44.33,143.66,0.10003,0.0
glue|bert-base-uncased|cola_wide|base_at_C|t901|s27|confirm,glue,bert-base-uncased,cola_wide,cola,base_at_C,confirm,901,27,mcc,gat_edge_attr=0;gat_hidden_dim=128;graph_metric=cosine;jk_mode=max;lr=0.001;num_layers=2;proj_dim=256;scorer_hidden=128;tau_quantile=0.38;weight_decay=5e-05,cosine,max,0.001,128,5e-05,0,128,2,256,0.38,,,,,,47.43,116.68,0.37503,0.0
glue|bert-base-uncased|cola_wide|base_at_base|t902|s27|confirm,glue,bert-base-uncased,cola_wide,cola,base_at_base,confirm,902,27,mcc,gat_edge_attr=0;gat_hidden_dim=256;graph_metric=cosine;jk_mode=max;lr=0.001;num_layers=4;proj_dim=128;scorer_hidden=128;tau_quantile=0.1;weight_decay=5e-05,cosine,max,0.001,128,5e-05,0,256,4,128,0.1,,,,,,44.64,118.22,0.10012,0.0
glue|bert-base-uncased|cola_wide|C_at_C|t903|s27|confirm,glue,bert-base-uncased,cola_wide,cola,C_at_C,confirm,903,27,mcc,curvature=4.0;gat_edge_attr=0;gat_hidden_dim=128;gnn_input_clip=0.7;gnn_input_scale=1;graph_metric=cosine;hyp_gnn_type=gat;hyperbolic_gnn=1;jk_mode=max;lr=0.001;num_layers=2;proj_dim=256;scorer_hidden=128;tau_quantile=0.38;weight_decay=5e-05,cosine,max,0.001,128,5e-05,0,128,2,256,0.38,4.0,0.7,1,gat,1,48.02,130.85,0.37616,0.0
glue|bert-base-uncased|cola_wide|C_at_base|t900|s28|confirm,glue,bert-base-uncased,cola_wide,cola,C_at_base,confirm,900,28,mcc,curvature=4.0;gat_edge_attr=0;gat_hidden_dim=256;gnn_input_clip=0.7;gnn_input_scale=1;graph_metric=cosine;hyp_gnn_type=gat;hyperbolic_gnn=1;jk_mode=max;lr=0.001;num_layers=4;proj_dim=128;scorer_hidden=128;tau_quantile=0.1;weight_decay=5e-05,cosine,max,0.001,128,5e-05,0,256,4,128,0.1,4.0,0.7,1,gat,1,48.25,143.43,0.10003,0.0
glue|bert-base-uncased|cola_wide|base_at_C|t901|s28|confirm,glue,bert-base-uncased,cola_wide,cola,base_at_C,confirm,901,28,mcc,gat_edge_attr=0;gat_hidden_dim=128;graph_metric=cosine;jk_mode=max;lr=0.001;num_layers=2;proj_dim=256;scorer_hidden=128;tau_quantile=0.38;weight_decay=5e-05,cosine,max,0.001,128,5e-05,0,128,2,256,0.38,,,,,,45.56,116.53,0.37569,0.0
glue|bert-base-uncased|cola_wide|base_at_base|t902|s28|confirm,glue,bert-base-uncased,cola_wide,cola,base_at_base,confirm,902,28,mcc,gat_edge_attr=0;gat_hidden_dim=256;graph_metric=cosine;jk_mode=max;lr=0.001;num_layers=4;proj_dim=128;scorer_hidden=128;tau_quantile=0.1;weight_decay=5e-05,cosine,max,0.001,128,5e-05,0,256,4,128,0.1,,,,,,42.97,118.28,0.0997,0.0
glue|bert-base-uncased|cola_wide|C_at_C|t903|s28|confirm,glue,bert-base-uncased,cola_wide,cola,C_at_C,confirm,903,28,mcc,curvature=4.0;gat_edge_attr=0;gat_hidden_dim=128;gnn_input_clip=0.7;gnn_input_scale=1;graph_metric=cosine;hyp_gnn_type=gat;hyperbolic_gnn=1;jk_mode=max;lr=0.001;num_layers=2;proj_dim=256;scorer_hidden=128;tau_quantile=0.38;weight_decay=5e-05,cosine,max,0.001,128,5e-05,0,128,2,256,0.38,4.0,0.7,1,gat,1,48.64,131.93,0.37583,0.0
glue|bert-base-uncased|cola_wide|C_at_base|t900|s29|confirm,glue,bert-base-uncased,cola_wide,cola,C_at_base,confirm,900,29,mcc,curvature=4.0;gat_edge_attr=0;gat_hidden_dim=256;gnn_input_clip=0.7;gnn_input_scale=1;graph_metric=cosine;hyp_gnn_type=gat;hyperbolic_gnn=1;jk_mode=max;lr=0.001;num_layers=4;proj_dim=128;scorer_hidden=128;tau_quantile=0.1;weight_decay=5e-05,cosine,max,0.001,128,5e-05,0,256,4,128,0.1,4.0,0.7,1,gat,1,44.28,141.77,0.09919,0.0
glue|bert-base-uncased|cola_wide|base_at_C|t901|s29|confirm,glue,bert-base-uncased,cola_wide,cola,base_at_C,confirm,901,29,mcc,gat_edge_attr=0;gat_hidden_dim=128;graph_metric=cosine;jk_mode=max;lr=0.001;num_layers=2;proj_dim=256;scorer_hidden=128;tau_quantile=0.38;weight_decay=5e-05,cosine,max,0.001,128,5e-05,0,128,2,256,0.38,,,,,,45.97,116.27,0.37568,0.0
glue|bert-base-uncased|cola_wide|base_at_base|t902|s29|confirm,glue,bert-base-uncased,cola_wide,cola,base_at_base,confirm,902,29,mcc,gat_edge_attr=0;gat_hidden_dim=256;graph_metric=cosine;jk_mode=max;lr=0.001;num_layers=4;proj_dim=128;scorer_hidden=128;tau_quantile=0.1;weight_decay=5e-05,cosine,max,0.001,128,5e-05,0,256,4,128,0.1,,,,,,43.66,118.33,0.10002,0.0
glue|bert-base-uncased|cola_wide|C_at_C|t903|s29|confirm,glue,bert-base-uncased,cola_wide,cola,C_at_C,confirm,903,29,mcc,curvature=4.0;gat_edge_attr=0;gat_hidden_dim=128;gnn_input_clip=0.7;gnn_input_scale=1;graph_metric=cosine;hyp_gnn_type=gat;hyperbolic_gnn=1;jk_mode=max;lr=0.001;num_layers=2;proj_dim=256;scorer_hidden=128;tau_quantile=0.38;weight_decay=5e-05,cosine,max,0.001,128,5e-05,0,128,2,256,0.38,4.0,0.7,1,gat,1,44.75,130.41,0.37633,0.0
glue|bert-base-uncased|cola_wide|C_at_base|t900|s30|confirm,glue,bert-base-uncased,cola_wide,cola,C_at_base,confirm,900,30,mcc,curvature=4.0;gat_edge_attr=0;gat_hidden_dim=256;gnn_input_clip=0.7;gnn_input_scale=1;graph_metric=cosine;hyp_gnn_type=gat;hyperbolic_gnn=1;jk_mode=max;lr=0.001;num_layers=4;proj_dim=128;scorer_hidden=128;tau_quantile=0.1;weight_decay=5e-05,cosine,max,0.001,128,5e-05,0,256,4,128,0.1,4.0,0.7,1,gat,1,46.49,143.7,0.09885,0.0
glue|bert-base-uncased|cola_wide|base_at_C|t901|s30|confirm,glue,bert-base-uncased,cola_wide,cola,base_at_C,confirm,901,30,mcc,gat_edge_attr=0;gat_hidden_dim=128;graph_metric=cosine;jk_mode=max;lr=0.001;num_layers=2;proj_dim=256;scorer_hidden=128;tau_quantile=0.38;weight_decay=5e-05,cosine,max,0.001,128,5e-05,0,128,2,256,0.38,,,,,,46.28,117.13,0.37731,0.0
glue|bert-base-uncased|cola_wide|base_at_base|t902|s30|confirm,glue,bert-base-uncased,cola_wide,cola,base_at_base,confirm,902,30,mcc,gat_edge_attr=0;gat_hidden_dim=256;graph_metric=cosine;jk_mode=max;lr=0.001;num_layers=4;proj_dim=128;scorer_hidden=128;tau_quantile=0.1;weight_decay=5e-05,cosine,max,0.001,128,5e-05,0,256,4,128,0.1,,,,,,43.61,119.39,0.1012,0.0
glue|bert-base-uncased|cola_wide|C_at_C|t903|s30|confirm,glue,bert-base-uncased,cola_wide,cola,C_at_C,confirm,903,30,mcc,curvature=4.0;gat_edge_attr=0;gat_hidden_dim=128;gnn_input_clip=0.7;gnn_input_scale=1;graph_metric=cosine;hyp_gnn_type=gat;hyperbolic_gnn=1;jk_mode=max;lr=0.001;num_layers=2;proj_dim=256;scorer_hidden=128;tau_quantile=0.38;weight_decay=5e-05,cosine,max,0.001,128,5e-05,0,128,2,256,0.38,4.0,0.7,1,gat,1,48.23,131.36,0.37633,0.0
glue|bert-base-uncased|cola_wide|C_at_base|t900|s31|confirm,glue,bert-base-uncased,cola_wide,cola,C_at_base,confirm,900,31,mcc,curvature=4.0;gat_edge_attr=0;gat_hidden_dim=256;gnn_input_clip=0.7;gnn_input_scale=1;graph_metric=cosine;hyp_gnn_type=gat;hyperbolic_gnn=1;jk_mode=max;lr=0.001;num_layers=4;proj_dim=128;scorer_hidden=128;tau_quantile=0.1;weight_decay=5e-05,cosine,max,0.001,128,5e-05,0,256,4,128,0.1,4.0,0.7,1,gat,1,46.14,143.84,0.10033,0.0
glue|bert-base-uncased|cola_wide|base_at_C|t901|s31|confirm,glue,bert-base-uncased,cola_wide,cola,base_at_C,confirm,901,31,mcc,gat_edge_attr=0;gat_hidden_dim=128;graph_metric=cosine;jk_mode=max;lr=0.001;num_layers=2;proj_dim=256;scorer_hidden=128;tau_quantile=0.38;weight_decay=5e-05,cosine,max,0.001,128,5e-05,0,128,2,256,0.38,,,,,,45.53,116.0,0.37584,0.0
glue|bert-base-uncased|cola_wide|base_at_base|t902|s31|confirm,glue,bert-base-uncased,cola_wide,cola,base_at_base,confirm,902,31,mcc,gat_edge_attr=0;gat_hidden_dim=256;graph_metric=cosine;jk_mode=max;lr=0.001;num_layers=4;proj_dim=128;scorer_hidden=128;tau_quantile=0.1;weight_decay=5e-05,cosine,max,0.001,128,5e-05,0,256,4,128,0.1,,,,,,40.72,118.61,0.10015,0.0
glue|bert-base-uncased|cola_wide|C_at_C|t903|s31|confirm,glue,bert-base-uncased,cola_wide,cola,C_at_C,confirm,903,31,mcc,curvature=4.0;gat_edge_attr=0;gat_hidden_dim=128;gnn_input_clip=0.7;gnn_input_scale=1;graph_metric=cosine;hyp_gnn_type=gat;hyperbolic_gnn=1;jk_mode=max;lr=0.001;num_layers=2;proj_dim=256;scorer_hidden=128;tau_quantile=0.38;weight_decay=5e-05,cosine,max,0.001,128,5e-05,0,128,2,256,0.38,4.0,0.7,1,gat,1,47.43,131.34,0.37512,0.0
glue|bert-base-uncased|cola_wide|C_at_base|t900|s32|confirm,glue,bert-base-uncased,cola_wide,cola,C_at_base,confirm,900,32,mcc,curvature=4.0;gat_edge_attr=0;gat_hidden_dim=256;gnn_input_clip=0.7;gnn_input_scale=1;graph_metric=cosine;hyp_gnn_type=gat;hyperbolic_gnn=1;jk_mode=max;lr=0.001;num_layers=4;proj_dim=128;scorer_hidden=128;tau_quantile=0.1;weight_decay=5e-05,cosine,max,0.001,128,5e-05,0,256,4,128,0.1,4.0,0.7,1,gat,1,46.58,141.58,0.1007,0.0
glue|bert-base-uncased|cola_wide|base_at_C|t901|s32|confirm,glue,bert-base-uncased,cola_wide,cola,base_at_C,confirm,901,32,mcc,gat_edge_attr=0;gat_hidden_dim=128;graph_metric=cosine;jk_mode=max;lr=0.001;num_layers=2;proj_dim=256;scorer_hidden=128;tau_quantile=0.38;weight_decay=5e-05,cosine,max,0.001,128,5e-05,0,128,2,256,0.38,,,,,,46.92,116.3,0.37684,0.0
glue|bert-base-uncased|cola_wide|base_at_base|t902|s32|confirm,glue,bert-base-uncased,cola_wide,cola,base_at_base,confirm,902,32,mcc,gat_edge_attr=0;gat_hidden_dim=256;graph_metric=cosine;jk_mode=max;lr=0.001;num_layers=4;proj_dim=128;scorer_hidden=128;tau_quantile=0.1;weight_decay=5e-05,cosine,max,0.001,128,5e-05,0,256,4,128,0.1,,,,,,46.42,118.06,0.10024,0.0
glue|bert-base-uncased|cola_wide|C_at_C|t903|s32|confirm,glue,bert-base-uncased,cola_wide,cola,C_at_C,confirm,903,32,mcc,curvature=4.0;gat_edge_attr=0;gat_hidden_dim=128;gnn_input_clip=0.7;gnn_input_scale=1;graph_metric=cosine;hyp_gnn_type=gat;hyperbolic_gnn=1;jk_mode=max;lr=0.001;num_layers=2;proj_dim=256;scorer_hidden=128;tau_quantile=0.38;weight_decay=5e-05,cosine,max,0.001,128,5e-05,0,128,2,256,0.38,4.0,0.7,1,gat,1,47.43,129.15,0.37644,0.0
glue|bert-base-uncased|cola_wide|C_at_base|t900|s33|confirm,glue,bert-base-uncased,cola_wide,cola,C_at_base,confirm,900,33,mcc,curvature=4.0;gat_edge_attr=0;gat_hidden_dim=256;gnn_input_clip=0.7;gnn_input_scale=1;graph_metric=cosine;hyp_gnn_type=gat;hyperbolic_gnn=1;jk_mode=max;lr=0.001;num_layers=4;proj_dim=128;scorer_hidden=128;tau_quantile=0.1;weight_decay=5e-05,cosine,max,0.001,128,5e-05,0,256,4,128,0.1,4.0,0.7,1,gat,1,47.32,141.63,0.09953,0.0
glue|bert-base-uncased|cola_wide|base_at_C|t901|s33|confirm,glue,bert-base-uncased,cola_wide,cola,base_at_C,confirm,901,33,mcc,gat_edge_attr=0;gat_hidden_dim=128;graph_metric=cosine;jk_mode=max;lr=0.001;num_layers=2;proj_dim=256;scorer_hidden=128;tau_quantile=0.38;weight_decay=5e-05,cosine,max,0.001,128,5e-05,0,128,2,256,0.38,,,,,,44.73,117.12,0.37602,0.0
glue|bert-base-uncased|cola_wide|base_at_base|t902|s33|confirm,glue,bert-base-uncased,cola_wide,cola,base_at_base,confirm,902,33,mcc,gat_edge_attr=0;gat_hidden_dim=256;graph_metric=cosine;jk_mode=max;lr=0.001;num_layers=4;proj_dim=128;scorer_hidden=128;tau_quantile=0.1;weight_decay=5e-05,cosine,max,0.001,128,5e-05,0,256,4,128,0.1,,,,,,45.75,118.13,0.10027,0.0
glue|bert-base-uncased|cola_wide|C_at_C|t903|s33|confirm,glue,bert-base-uncased,cola_wide,cola,C_at_C,confirm,903,33,mcc,curvature=4.0;gat_edge_attr=0;gat_hidden_dim=128;gnn_input_clip=0.7;gnn_input_scale=1;graph_metric=cosine;hyp_gnn_type=gat;hyperbolic_gnn=1;jk_mode=max;lr=0.001;num_layers=2;proj_dim=256;scorer_hidden=128;tau_quantile=0.38;weight_decay=5e-05,cosine,max,0.001,128,5e-05,0,128,2,256,0.38,4.0,0.7,1,gat,1,46.36,129.89,0.37675,0.0
glue|bert-base-uncased|cola_wide|C_at_base|t900|s34|confirm,glue,bert-base-uncased,cola_wide,cola,C_at_base,confirm,900,34,mcc,curvature=4.0;gat_edge_attr=0;gat_hidden_dim=256;gnn_input_clip=0.7;gnn_input_scale=1;graph_metric=cosine;hyp_gnn_type=gat;hyperbolic_gnn=1;jk_mode=max;lr=0.001;num_layers=4;proj_dim=128;scorer_hidden=128;tau_quantile=0.1;weight_decay=5e-05,cosine,max,0.001,128,5e-05,0,256,4,128,0.1,4.0,0.7,1,gat,1,44.67,143.2,0.09958,0.0
